shot_id,match_id,goal,DFL0,DFL1,DFL2,REF
18226500000041,DFL-MAT-J03WMX,0,0.0806015131740579,0.10460769169880063,0.06618007433402529,0.0476
18226500000187,DFL-MAT-J03WMX,1,0.05803340221706756,0.042894206035736404,0.02834351194025465,0.0399
18226500000282,DFL-MAT-J03WMX,0,0.19975087694895935,0.28171472980109546,0.23733584357187032,0.0847
18226500000365,DFL-MAT-J03WMX,0,0.08311056385499388,0.03411855746358803,0.028889149412686107,0.0448
18226500000396,DFL-MAT-J03WMX,0,0.27927063831444005,0.0904569199321059,0.07507597852739621,0.1542
18226500000482,DFL-MAT-J03WMX,0,0.12397308015089281,0.17482346737925233,0.19733446248083908,0.104
18226500000536,DFL-MAT-J03WMX,0,0.03674733506960641,0.01778702366124744,0.0205902132494057,0.0202
18226500000602,DFL-MAT-J03WMX,0,0.1132900422662319,0.03401693781442256,0.0385870825665006,0.0155
18226500000848,DFL-MAT-J03WMX,0,0.0889146608788337,0.039978770575167834,0.038378689622793616,0.0713
18226500001065,DFL-MAT-J03WMX,0,0.03768267338909797,0.008400908883378235,0.008003284607440719,0.0188
18226500001126,DFL-MAT-J03WMX,0,0.13944577716899914,0.051604590127692855,0.050892989545106036,0.0258
18226500001292,DFL-MAT-J03WMX,0,0.19703874471654498,0.05899743482553687,0.052700434249498315,0.0466
18226500001277,DFL-MAT-J03WMX,0,0.10208611182030859,0.028174788807329154,0.038229227988536285,0.0815
18226500001279,DFL-MAT-J03WMX,0,0.17435597544610504,0.1998138346185019,0.10107583781272385,0.0544
18226500001344,DFL-MAT-J03WMX,0,0.30447877127090234,0.22414159670944475,0.23486590008616853,0.2451
18226500001347,DFL-MAT-J03WMX,0,0.07560169961920578,0.10751164530949611,0.16491260678192574,0.0577
18226500001392,DFL-MAT-J03WMX,0,0.10161026945992746,0.0999390126937619,0.06711980605323126,0.1118
18226500001554,DFL-MAT-J03WMX,1,0.06642153638832289,0.02699980381772199,0.03764945840221421,0.0498
18226900000020,DFL-MAT-J03WN1,0,0.0906676031468389,0.03968172132792407,0.030012272140902036,0.0354
18226900000023,DFL-MAT-J03WN1,0,0.09882408212961298,0.1453692074150431,0.08692856988660749,0.0426
18226900000027,DFL-MAT-J03WN1,0,0.1266699885028944,0.11648994612793998,0.1016844934848732,0.0785
18226900000033,DFL-MAT-J03WN1,0,0.06139586372992618,0.07892627984949659,0.05401741115489824,0.0239
18226900000272,DFL-MAT-J03WN1,1,0.17350865820929612,0.4297314613659975,0.53915029010221,0.8438
18226900000281,DFL-MAT-J03WN1,0,0.05585364486193357,0.038564342964948185,0.0440110019717019,0.0405
18226900000325,DFL-MAT-J03WN1,0,0.10393340514458803,0.08290388590897495,0.07214837028195471,0.0448
18226900000380,DFL-MAT-J03WN1,0,0.07026565404576039,0.052776334237322337,0.05102221335376698,0.0593
18226900000439,DFL-MAT-J03WN1,0,0.1326237601693168,0.04469544087455266,0.0428686069783336,0.012
18226900000449,DFL-MAT-J03WN1,0,0.09639305253286568,0.1995225311340465,0.29040771618506844,0.1869
18226900000478,DFL-MAT-J03WN1,1,0.1261735242362783,0.2716972593083802,0.3186101418427229,0.1542
18226900000500,DFL-MAT-J03WN1,0,0.0560635632302378,0.029362104366757662,0.02151558664860825,0.0199
18226900000623,DFL-MAT-J03WN1,0,0.0513701515355371,0.0755560031589226,0.0669863379605344,0.019
18226900000659,DFL-MAT-J03WN1,0,0.05819860679293528,0.041464820530214844,0.034993666536863706,0.0379
18226900000769,DFL-MAT-J03WN1,0,0.10038912773540047,0.14840927534526807,0.15583516256445226,0.0358
18226900000878,DFL-MAT-J03WN1,0,0.07597239979018502,0.010190742107918078,0.01250854443787559,0.1065
18226900000899,DFL-MAT-J03WN1,0,0.1301768255258193,0.22006219225030027,0.32731977586271815,0.2279
18226900000951,DFL-MAT-J03WN1,0,0.11984588319643692,0.19184747417925507,0.18161467216772023,0.1041
18226900001121,DFL-MAT-J03WN1,0,0.12735136144936274,0.14663809148294055,0.21268379546797098,0.2427
18226900001209,DFL-MAT-J03WN1,1,0.07797425004200424,0.18665504283493053,0.17973112827018728,0.1896
18226900001233,DFL-MAT-J03WN1,0,0.08146260621048618,0.18377417234149226,0.24233294489153515,0.0679
18232100000016,DFL-MAT-J03WOH,0,0.1289636045848026,0.06265753095429616,0.04746396144931381,0.0325
18232100000022,DFL-MAT-J03WOH,0,0.1491875024157528,0.10884726123930391,0.1027043315803674,0.0897
18232100000067,DFL-MAT-J03WOH,0,0.08125243255637613,0.0299957667865411,0.02641877432285785,0.1467
18232100000117,DFL-MAT-J03WOH,0,0.06331548069911852,0.053398562234605144,0.05175758250472173,0.0246
18232100000253,DFL-MAT-J03WOH,0,0.17330643720514582,0.3112276436269365,0.26027042379288634,0.0607
18232100000298,DFL-MAT-J03WOH,0,0.10705689330092917,0.10108655017821866,0.06947085506039663,0.066
18232100000402,DFL-MAT-J03WOH,0,0.06109361679968032,0.030473811004503533,0.025637313793512966,0.0192
18232100000445,DFL-MAT-J03WOH,0,0.08480280788523917,0.27848362487881484,0.28781017229028294,0.1649
18232100000478,DFL-MAT-J03WOH,0,0.06764725311948733,0.029889073285388337,0.03308799443861387,0.0279
18232100000487,DFL-MAT-J03WOH,0,0.14869085783892388,0.22691479364158418,0.20071096984661163,0.0864
18232100000533,DFL-MAT-J03WOH,0,0.08029264970584125,0.10647647339072382,0.0775078306882035,0.0368
18232100000570,DFL-MAT-J03WOH,0,0.13188684749089713,0.031576633395466125,0.03755757004509142,0.0119
18232100000606,DFL-MAT-J03WOH,0,0.055329102255336826,0.05933063455322634,0.030725499780012634,0.0152
18232100000680,DFL-MAT-J03WOH,0,0.12572166113109176,0.050185952289635787,0.048076052667175836,0.022
18232100000853,DFL-MAT-J03WOH,0,0.04498921604248996,0.01993111405236393,0.014814263829214993,0.016
18232100000915,DFL-MAT-J03WOH,0,0.07006764035296414,0.02377653633680445,0.026741597533594407,0.0363
18232100000968,DFL-MAT-J03WOH,1,0.09946240666359595,0.0538609896651173,0.046162461943107344,0.0844
18232100001006,DFL-MAT-J03WOH,0,0.05574973032085703,0.02500341164501887,0.027871979400962962,0.0227
18232100001062,DFL-MAT-J03WOH,0,0.06135946166788885,0.09045854942122558,0.060609544916101675,0.0152
18232100001165,DFL-MAT-J03WOH,1,0.128240961325709,0.1368842960016977,0.20865419132576168,0.1548
18232100001191,DFL-MAT-J03WOH,0,0.0606350340981225,0.019899967840265407,0.011323300796929807,0.0169
18232100001245,DFL-MAT-J03WOH,1,0.20677684987165723,0.14347454316269573,0.0869616197889289,0.8492
18233800000127,DFL-MAT-J03WOY,0,0.02115465909146485,0.03472665968240239,0.028745626337424314,0.0543
18233800000186,DFL-MAT-J03WOY,1,0.06980671497333958,0.19937644494020998,0.24673911374798663,0.223
18233800000273,DFL-MAT-J03WOY,0,0.0888392839945999,0.12733487271696087,0.1283397792357278,0.1752
18233800000443,DFL-MAT-J03WOY,1,0.11616431651247329,0.3682918444857755,0.4151188515166037,0.449
18233800000484,DFL-MAT-J03WOY,0,0.07756132332931343,0.11266451360961054,0.10237982233545477,0.0206
18233800000694,DFL-MAT-J03WOY,0,0.11826264541481454,0.02320718287796803,0.02078614802496282,0.03
18233800000701,DFL-MAT-J03WOY,0,0.08979265057448894,0.16474749569669503,0.12019800706017111,0.0206
18233800000878,DFL-MAT-J03WOY,0,0.04373269335206436,0.033038962575657645,0.04030285069061869,0.0173
18233800000897,DFL-MAT-J03WOY,0,0.14303476003289847,0.36817216925110874,0.39914412760644374,0.2743
18233800000971,DFL-MAT-J03WOY,1,0.15572953044618024,0.06437467741860346,0.06584305564350419,0.1451
18233800001002,DFL-MAT-J03WOY,0,0.07340564917178032,0.12186510576825454,0.1243685932275258,0.0704
18233800001023,DFL-MAT-J03WOY,0,0.04243065331791022,0.05425824582872479,0.05556952064424402,0.0247
18233800001057,DFL-MAT-J03WOY,0,0.046460599964077566,0.04894048170321493,0.04721999973626588,0.0198
18233800001164,DFL-MAT-J03WOY,0,0.06033962293234118,0.04673341610692845,0.03719193564053773,0.0191
18233800001217,DFL-MAT-J03WOY,1,0.10650546673285011,0.1921117718065485,0.2080267810902566,0.2686
18233800001240,DFL-MAT-J03WOY,0,0.10998423315319207,0.022053710852410476,0.02146655221608452,0.0272
18233800001256,DFL-MAT-J03WOY,0,0.06498608011682187,0.04887641030735781,0.06673839531497208,0.0765
18233800001287,DFL-MAT-J03WOY,0,0.03403606196792351,0.03889188323656009,0.040981427935679486,0.0202
18233800001334,DFL-MAT-J03WOY,0,0.043995035586377795,0.007238052616311545,0.007304861176133061,0.0717
18233800001353,DFL-MAT-J03WOY,0,0.10073589728804246,0.26237145001609896,0.27602514835992326,0.467
18233800001371,DFL-MAT-J03WOY,0,0.09838568687690843,0.03929584660748543,0.04596611371241548,0.0211
18237400000209,DFL-MAT-J03WPY,0,0.1481392232198565,0.1881962438389847,0.12241338624097288,0.1432
18237400000279,DFL-MAT-J03WPY,0,0.11421984157050671,0.1563814887354257,0.10888162959915225,0.0934
18237400000283,DFL-MAT-J03WPY,0,0.09980765429793878,0.027091385287989857,0.04220200050343551,0.0554
18237400000357,DFL-MAT-J03WPY,0,0.07450520034025243,0.09497063485660517,0.10891665025396062,0.0289
18237400000369,DFL-MAT-J03WPY,0,0.03838347113517958,0.03188237679473838,0.037340610877338525,0.0205
18237400000411,DFL-MAT-J03WPY,0,0.0622472013255452,0.02600385353887592,0.020717870448986535,0.0171
18237400000414,DFL-MAT-J03WPY,0,0.14273032243228967,0.19844328441269574,0.1518025885291127,0.0915
18237400000433,DFL-MAT-J03WPY,0,0.06356181408789037,0.04098711042239545,0.049525241845265675,0.0291
18237400000500,DFL-MAT-J03WPY,0,0.06386542306154473,0.02703092707031444,0.022870609966821404,0.0198
18237400000677,DFL-MAT-J03WPY,0,0.10452955564271856,0.17000659265673174,0.09980187107619193,0.1423
18237400000708,DFL-MAT-J03WPY,0,0.09660623812085274,0.10741920646460702,0.11915083609757948,0.1235
18237400000759,DFL-MAT-J03WPY,0,0.07876565551050739,0.19592815513486084,0.2608333152319679,0.1118
18237400000797,DFL-MAT-J03WPY,1,0.15821294411565695,0.5195219465649393,0.5396723861807016,0.5674
18237400000832,DFL-MAT-J03WPY,0,0.09966374516173492,0.031114640397686837,0.051494086083644065,0.0739
18237400000860,DFL-MAT-J03WPY,0,0.10105085272504237,0.24546907503721005,0.27984983698978033,0.082
18237400000929,DFL-MAT-J03WPY,0,0.06697795976014552,0.08275859188425172,0.14709159491028653,0.0468
18237400001072,DFL-MAT-J03WPY,0,0.09296863069915869,0.059454845388978224,0.05066367842838778,0.0242
18237400001144,DFL-MAT-J03WPY,0,0.10393030098003181,0.1357200983341774,0.13445732846618072,0.1255
18237400001163,DFL-MAT-J03WPY,0,0.044306402056764074,0.05668765153877837,0.05774738287460705,0.0387
18237400001175,DFL-MAT-J03WPY,0,0.13030206270201689,0.12867057464680212,0.1404493636719995,0.0525
18237400001394,DFL-MAT-J03WPY,0,0.07215086098943986,0.05155007600813763,0.07667403273391535,0.0353
18237400001400,DFL-MAT-J03WPY,0,0.08682391459231188,0.039036635302323215,0.03300019671993337,0.0718
18237400001417,DFL-MAT-J03WPY,0,0.07722468721906857,0.056196384011060425,0.056477372686659554,0.089
18237400001436,DFL-MAT-J03WPY,0,0.11177636618564894,0.05901112932859867,0.043133154217808334,0.0923
18240200000048,DFL-MAT-J03WQQ,0,0.053631610678272386,0.05461654880484148,0.0652384233819213,0.0251
18240200000164,DFL-MAT-J03WQQ,0,0.06978775613571402,0.019250778616887423,0.02213686128511437,0.0375
18240200000195,DFL-MAT-J03WQQ,0,0.17857219291950177,0.11716068430958924,0.089953879392779,0.1666
18240200000220,DFL-MAT-J03WQQ,0,0.2178797270668262,0.27801162212806424,0.2961759427057554,0.2479
18240200000224,DFL-MAT-J03WQQ,0,0.16411530013486555,0.07035063072943115,0.061326403850041164,0.0298
18240200000248,DFL-MAT-J03WQQ,0,0.2737215040533655,0.13896435668448043,0.17617031300462788,0.2628
18240200000251,DFL-MAT-J03WQQ,0,0.11049601605416438,0.08551212909250112,0.09708162951780128,0.0616
18240200000330,DFL-MAT-J03WQQ,0,0.09855052484747963,0.056406489141215516,0.04989731210038349,0.0245
18240200000386,DFL-MAT-J03WQQ,1,0.052795405050050315,0.06023498240613103,0.06739984634541908,0.0482
18240200000419,DFL-MAT-J03WQQ,0,0.12396002478736613,0.3599988051682817,0.35315329480223523,0.171
18240200000656,DFL-MAT-J03WQQ,0,0.13433161855400333,0.15061614170607038,0.1431808363698921,0.1153
18240200000706,DFL-MAT-J03WQQ,0,0.08592828647136388,0.12472454526564443,0.15779113275314005,0.2213
18240200000758,DFL-MAT-J03WQQ,0,0.06719165962928021,0.03403128954928658,0.029409118961222898,0.0365
18240200000762,DFL-MAT-J03WQQ,0,0.07749622510047688,0.23587119227000275,0.23228939346399063,0.0417
18240200000801,DFL-MAT-J03WQQ,0,0.06752976783297718,0.04810140991044456,0.04178841518078254,0.0324
18240200000922,DFL-MAT-J03WQQ,0,0.11567334237532693,0.0847733861373282,0.10609412400389871,0.1204
18240200000955,DFL-MAT-J03WQQ,0,0.06899115168827274,0.06912906494668707,0.07153794805574848,0.0401
18240200001036,DFL-MAT-J03WQQ,0,0.20940194194185957,0.052503869723425106,0.05668349048407567,0.047
18240200001060,DFL-MAT-J03WQQ,0,0.047833855885106254,0.009296190722857853,0.008110633187546323,0.0563
18240200001066,DFL-MAT-J03WQQ,0,0.10415458608995723,0.0576544949285604,0.06128469238041448,0.0861
18240200001075,DFL-MAT-J03WQQ,0,0.057390163711459684,0.04508516050317531,0.04474768781048963,0.0264
18240200001089,DFL-MAT-J03WQQ,0,0.21123983912471864,0.18439715553911928,0.16110676907716107,0.1405
18240200001210,DFL-MAT-J03WQQ,0,0.062217217299643524,0.03971762746993411,0.03186702578030283,0.0439
18240200001227,DFL-MAT-J03WQQ,0,0.22837062844068454,0.20526975848529638,0.22166892003121214,0.1353
18240200001444,DFL-MAT-J03WQQ,0,0.09114793022745082,0.03325086526352823,0.02942687832203322,0.0485
18240200001463,DFL-MAT-J03WQQ,0,0.03833618025790698,0.024422927290162842,0.02481071827670305,0.0226
18240200001478,DFL-MAT-J03WQQ,0,0.11610436099174615,0.06470810504537147,0.046363610565741675,0.046
18242100000110,DFL-MAT-J03WR9,0,0.21595892013758441,0.10607223242563456,0.15760439094734746,0.0823
18242100000112,DFL-MAT-J03WR9,0,0.10881681991906264,0.07384976608545257,0.0665655295731666,0.0525
18242100000118,DFL-MAT-J03WR9,0,0.2952302329440911,0.051232613769999956,0.0849150929457664,0.2353
18242100000216,DFL-MAT-J03WR9,1,0.09453068081720997,0.07800641751864476,0.07803816184221399,0.056
18242100000263,DFL-MAT-J03WR9,0,0.046959935856784735,0.025067474377454744,0.03041079380329745,0.0269
18242100000296,DFL-MAT-J03WR9,0,0.10124045924214464,0.10689825832955926,0.12608671046273523,0.0683
18242100000496,DFL-MAT-J03WR9,0,0.05826098118062088,0.03389073663761132,0.033598193982887783,0.0245
18242100000567,DFL-MAT-J03WR9,0,0.05544148311418829,0.05143954539506894,0.05562709641126274,0.019
18242100000653,DFL-MAT-J03WR9,0,0.08227069871506495,0.41098560409463386,0.3801763427974283,0.3421
18242100000680,DFL-MAT-J03WR9,0,0.038823801047663684,0.02371857955628311,0.02675077089039973,0.0237
18242100000699,DFL-MAT-J03WR9,0,0.05887300841173799,0.023991611312746203,0.018570680025358118,0.0186
18242100000746,DFL-MAT-J03WR9,0,0.07118312219527664,0.04697415512190066,0.033220213815103844,0.0221
18242100000750,DFL-MAT-J03WR9,0,0.07872968226538099,0.06212557118739349,0.05335283861703708,0.0617
18242100000756,DFL-MAT-J03WR9,0,0.08224469527248994,0.0713408657287278,0.048911733093004076,0.1443
18242100000767,DFL-MAT-J03WR9,0,0.05467882537184877,0.02112469555029275,0.01857878947418626,0.0224
18242100000805,DFL-MAT-J03WR9,1,0.21958384615430898,0.1798713919703928,0.12715843731511667,0.116
18242100000840,DFL-MAT-J03WR9,0,0.1082584914083476,0.06485469654111549,0.03854322943403416,0.0663
18242100000950,DFL-MAT-J03WR9,0,0.1450288653578619,0.11818802203090631,0.1299143078471971,0.0398
18242100001031,DFL-MAT-J03WR9,0,0.05295494456649257,0.03710752104591068,0.03956821271213717,0.0213
18242100001126,DFL-MAT-J03WR9,0,0.10876233497712388,0.09059823940299624,0.06933140990148742,0.0243
18242100001156,DFL-MAT-J03WR9,0,0.16667372951504097,0.04917961254499984,0.03852682900839847,0.0132
18242100001163,DFL-MAT-J03WR9,0,0.046590114893370206,0.010878056879306278,0.011918388649042285,0.0433
18242100001288,DFL-MAT-J03WR9,0,0.07743064373671447,0.04019228130967567,0.042561583853354956,0.0324
18242100001300,DFL-MAT-J03WR9,0,0.11428279603399952,0.11502811762824795,0.0988144564348536,0.1023
18242100001303,DFL-MAT-J03WR9,0,0.18323532458806813,0.11841174686273484,0.1124982183042206,0.0171
18242100001324,DFL-MAT-J03WR9,0,0.1678847238532435,0.05283379616222383,0.044215066749097746,0.0314
