dist,angle,y_off,open_frac,open_frac_nogk,open_angle,gk_block_share,n_visible,n_opp_visible,has_gk,n_def_cone,n_def_3m,n_def_5m,d_def_min,n_corridor,d_corridor,gk_dist_goal,gk_dist_shot,gk_in_cone,gk_off_line,n_att_box,n_def_box,inside_box,shooter_speed,shooter_accel,ball_z,ball_speed,def_closing,orient,source,match_id,shot_id,goal,ref_xg,shot_type,body_part,is_head,is_fk,technique,play_pattern,under_pressure,minute,period,score_diff,dfl_dist,dfl_angle
17.148064030671218,21.366430960597807,8.310000000000002,0.8512396694214877,1.0,18.187953627616317,0.14876033057851235,22,11,1,0,1,2,2.5004999500099974,1,3.0428857687183246,2.4177055238386638,14.902576958365291,1,0.835091353425478,0,5,1,3.63,-4.14,0.66,14.12,2.396311230454282,131.90108486400757,dfl,DFL-MAT-J03WMX,18226500000041,0,0.0476,openPlay,rightLeg,0,0,controlShot,crossOpenPlay,,0.0,,0,17.15,21.37
20.51904724883687,15.525188965570392,13.479999999999997,0.38016528925619836,0.47107438016528924,5.902137953853207,0.09090909090909088,22,11,1,0,1,2,1.5430489298787624,1,1.4881246497315226,3.550464758309813,16.969728931246962,1,0.08204571974438239,2,5,1,12.52,-3.92,0.12,12.85,4.7717670729735415,35.24582397372928,dfl,DFL-MAT-J03WMX,18226500000187,1,0.0399,openPlay,rightLeg,0,0,dribblingLess10m,passOpenPlay,,6.123900000000001,,0,20.52,15.53
8.00212471784838,30.776498654647668,6.859999999999999,1.0,1.0,30.776498654647668,0.0,22,11,1,0,1,1,2.281775624376766,0,40.0,7.56838159714479,0.8409518416651375,0,0.6999141099997556,2,4,1,12.52,0.0,0.29,5.46,1.141146792059051,13.42405621070732,dfl,DFL-MAT-J03WMX,18226500000282,0,0.0847,openPlay,rightLeg,0,0,dribblingLess10m,throwIn,,10.477233333333334,,-1,8.0,30.78
16.427918309998987,20.111212765303407,10.259999999999998,0.0,0.0,0.0,0.0,22,11,1,1,1,1,1.4851935900750393,1,1.472755071181103,2.669925092582189,13.802007100418399,1,0.44247237311715515,3,7,1,9.07,-4.28,0.0,25.59,1.4820775974073417,130.19707218392202,dfl,DFL-MAT-J03WMX,18226500000365,0,0.0448,openPlay,leftLeg,0,0,direct,passOpenPlay,,15.043333333333333,,1,16.43,20.11
7.183787301973797,49.07053245270177,3.9200000000000017,0.0,0.0,0.0,0.0,22,11,1,1,1,2,0.5375872022286299,2,0.5201434623451864,0.8485281374238601,6.42435989029257,1,0.35780569384254957,4,8,1,10.07,0.0,2.01,42.48,3.0860218811038393,11.882332073734528,dfl,DFL-MAT-J03WMX,18226500000396,0,0.1542,openPlay,head,1,0,volley,crossOpenPlay,,16.81745,,1,7.18,49.07
13.213644463205442,29.775676556358427,3.979999999999997,0.8512396694214877,1.0,25.346237068635688,0.14876033057851235,22,11,1,0,2,2,0.7720103626247512,2,0.2518911424677821,2.792346683347172,10.447774882720246,1,0.34107168635795926,1,4,1,20.22,0.0,0.08,15.63,2.5687566226823395,12.19222855457668,dfl,DFL-MAT-J03WMX,18226500000482,0,0.104,openPlay,rightLeg,0,0,dribblingLess10m,passOpenPlay,,20.835233333333335,,-1,13.21,29.78
26.9096135237948,12.046248217880839,17.17,0.45454545454545453,0.6198347107438017,5.475567371764018,0.16528925619834717,22,11,1,1,1,3,1.6850222550459153,3,1.2106268256581834,1.72072659071684,25.190355297216435,1,0.06876352937450271,4,5,0,12.9,-5.41,0.17,14.07,1.1758438374527795,61.3177426778828,dfl,DFL-MAT-J03WMX,18226500000536,0,0.0202,openPlay,rightLeg,0,0,dribblingLess10m,lossOfPossession,,24.872700000000002,,-1,26.91,12.05
13.93838225907154,27.67554929189814,5.130000000000003,0.04132231404958678,0.04132231404958678,1.1436177393346338,0.0,22,11,1,1,2,2,1.0941663493271936,1,1.0801253488511258,2.3720033726788836,11.983509502645715,1,1.2440037644049369,1,5,1,12.74,-3.07,1.92,57.36,0.3066807700431498,39.4471943379676,dfl,DFL-MAT-J03WMX,18226500000602,0,0.0155,openPlay,head,1,0,volley,crossOpenPlay,,28.777449999999998,,-1,13.94,27.68
14.500210343301923,15.483715858805766,12.440000000000001,0.4297520661157025,0.4793388429752066,6.654158881470247,0.049586776859504134,22,11,1,1,1,1,1.7010584939971962,2,5.711227495279359,1.5181897114656058,12.994152531042564,1,0.1813215076024438,4,8,1,23.38,-0.72,1.6,49.77,6.006043883701999,24.170211032527607,dfl,DFL-MAT-J03WMX,18226500000848,0,0.0713,openPlay,head,1,0,volley,crossOpenPlay,,41.69625,,1,14.5,15.48
27.341720867567943,14.938953550084086,5.609999999999999,0.2892561983471074,0.32231404958677684,4.321184911181347,0.03305785123966942,22,11,1,2,1,1,2.6510752535527993,3,2.6237375601728656,1.1148542505637333,26.252108486748256,1,0.2311412668796729,3,4,0,9.55,-3.76,0.09,24.95,2.483792774056603,100.67095200247228,dfl,DFL-MAT-J03WMX,18226500001065,0,0.0188,openPlay,leftLeg,0,0,direct,crossOpenPlay,,74.42741666666667,,-1,27.34,14.94
11.611395264997231,28.959725280265136,7.109999999999999,0.4297520661157025,0.5702479338842975,12.445501773337083,0.14049586776859502,22,11,1,1,3,3,1.8529975715040772,4,1.7458367007028983,1.419471732723123,10.386924472624235,1,0.6787556378998102,6,10,1,8.28,0.48,1.84,60.83,1.361753275891327,100.45311487702799,dfl,DFL-MAT-J03WMX,18226500001126,0,0.0258,openPlay,head,1,0,volley,cornerKick,,78.26528333333334,,-1,11.61,28.96
9.648860036294442,40.591809568160365,2.460000000000001,0.2809917355371901,0.33884297520661155,11.4059630191525,0.05785123966942146,22,11,1,0,4,6,0.6003332407921467,4,0.3982853918021825,0.6099999999999994,9.060353193998564,1,0.15552096251323494,4,8,1,1.97,0.37,1.94,3.47,0.9935389065793908,14.40582816645073,dfl,DFL-MAT-J03WMX,18226500001292,0,0.0466,openPlay,head,1,0,volley,cornerKick,,87.1799,,1,9.65,40.59
14.776295205497219,25.19208078017022,6.700000000000003,0.15702479338842976,0.19834710743801653,3.955781279530861,0.04132231404958678,22,11,1,2,1,4,2.5600781238079473,3,2.525274399371642,2.3286262044389994,12.458290412412136,1,0.20398211852715822,3,6,1,13.33,-3.47,0.09,17.76,0.5644384125577507,85.19023460637234,dfl,DFL-MAT-J03WMX,18226500001277,0,0.0815,openPlay,leftLeg,0,0,dribblingMore10m,run,,87.8936,,1,14.78,25.19
8.587228889461368,25.5446599231172,7.6299999999999955,0.0,1.0,0.0,1.0,22,11,1,0,1,2,2.0436486977951964,1,0.6007176548339886,7.636471698369611,0.9563472172804104,1,0.09736551928016222,3,6,1,3.23,4.12,1.67,40.53,1.3683544084025154,33.92130284570826,dfl,DFL-MAT-J03WMX,18226500001279,0,0.0544,openPlay,head,1,0,volley,run,,87.95323333333334,,1,8.59,25.54
6.495182830375138,50.373053604045154,4.43,0.33884297520661155,0.33884297520661155,17.068555353436786,0.0,22,11,1,1,1,5,1.4840485167271362,1,1.4767867588180001,0.768439978137525,5.833532377556495,1,0.3701666393062999,5,10,1,13.91,0.13,0.15,47.94,2.4856997988635854,8.910648025214169,dfl,DFL-MAT-J03WMX,18226500001344,0,0.2451,openPlay,leftLeg,0,0,direct,cornerKick,,92.50723333333333,,-1,6.5,50.37
16.474820181112754,14.643027431566745,13.659999999999997,0.7024793388429752,1.0,10.286424228786556,0.2975206611570248,22,11,1,0,1,1,1.5677372228788755,1,0.6387626623120644,4.678995618719891,11.79627483572675,1,0.05492624441737561,0,3,1,25.6,-2.2,0.2,47.31,-0.08773339633451623,37.32852014483638,dfl,DFL-MAT-J03WMX,18226500001347,0,0.0577,openPlay,rightLeg,0,0,dribblingMore10m,run,,92.8749,,1,16.47,14.64
14.857859872808058,25.28255943990655,6.460000000000001,0.6033057851239669,0.7851239669421488,15.253114372836182,0.18181818181818188,22,11,1,0,1,2,1.8852055590836727,2,1.7538730492196355,3.652245884384017,11.207323498498647,1,0.09703954757567032,3,4,1,8.68,-5.65,0.11,14.61,3.6804257134701057,53.373701482733395,dfl,DFL-MAT-J03WMX,18226500001392,0,0.1118,openPlay,rightLeg,0,0,dribblingLess10m,lossOfPossession,,95.19646666666667,,1,14.86,25.28
19.38941979534199,19.047266436213807,9.14,0.5041322314049587,0.512396694214876,9.602340930653241,0.008264462809917328,22,11,1,2,1,2,1.0623088063270367,4,0.5115057647254806,2.1107344693257866,17.365022314987094,1,0.565380507292619,3,8,0,18.3,-3.51,0.0,0.0,1.7719608757548542,61.64572478486504,dfl,DFL-MAT-J03WMX,18226500001554,1,0.0498,openPlay,rightLeg,0,0,dribblingLess10m,passOpenPlay,,107.0679,,1,19.39,19.05
16.149928792412677,23.489779176999527,6.710000000000001,0.0,0.0,0.0,0.0,22,11,1,1,3,3,1.1322543883774523,2,1.123633437227622,3.1303993355481063,13.020138248113952,1,0.05543058495840644,2,4,1,9.0,-4.03,0.0,3.1,3.8990890554441164,26.059618850077843,dfl,DFL-MAT-J03WN1,18226900000020,0,0.0354,openPlay,rightLeg,0,0,dribblingLess10m,passOpenPlay,,0.0,,0,16.15,23.49
14.446193270200972,20.94110030788588,10.219999999999999,0.8181818181818182,1.0,17.1336275246339,0.18181818181818177,22,11,1,0,1,3,2.6565014586858315,2,2.389453010517535,2.699407342362391,11.848160194730655,1,0.6633996805074385,4,6,1,4.49,0.9,0.53,34.71,4.366350310481138,31.437096473811806,dfl,DFL-MAT-J03WN1,18226900000023,0,0.0426,openPlay,rightLeg,0,0,controlShot,passOpenPlay,,0.08348333333333334,,0,14.45,20.94
11.276652872195726,32.048473028236444,5.700000000000003,0.6859504132231405,0.6859504132231405,21.983663316889462,0.0,22,11,1,1,1,3,2.6744158240632743,2,2.376228150648266,0.2640075756488833,11.06146464081498,1,0.15148111938533187,4,10,1,4.11,2.9,0.0,52.92,0.4298613680305506,129.4126408680914,dfl,DFL-MAT-J03WN1,18226900000027,0,0.0785,openPlay,rightLeg,0,0,volley,cornerKick,,0.9612999999999999,,0,11.28,32.05
22.827538194032222,13.919940310804634,15.02,0.7272727272727273,0.9008264462809917,10.123592953312462,0.17355371900826444,22,11,1,0,1,3,2.5462914208707503,1,2.4661266371122412,2.8049242414011877,20.076227235215278,1,0.5118028891549148,3,7,0,8.42,-3.96,0.0,11.63,3.3384100124953613,31.533670788316844,dfl,DFL-MAT-J03WN1,18226900000033,0,0.0239,openPlay,rightLeg,0,0,direct,passOpenPlay,,1.19075,,0,22.83,13.92
7.903398003390701,48.05825587426288,2.6099999999999994,0.8099173553719008,1.0,38.92321550146911,0.1900826446280992,21,10,1,0,1,1,1.7240939649566653,1,1.0168411101847832,3.0875556675143625,5.60404318327402,1,1.7142120381875834,1,3,1,20.62,-3.57,0.76,63.92,0.0009373375126999761,32.65099080365942,dfl,DFL-MAT-J03WN1,18226900000272,1,0.8438,openPlay,leftLeg,0,0,volley,crossOpenPlay,,17.186933333333332,,0,7.9,48.06
24.83965378180622,14.10476290377428,13.700000000000003,0.256198347107438,0.4132231404958678,3.613616942289278,0.15702479338842978,21,10,1,1,0,1,4.442938216991097,1,5.132607769814472,3.4177477964296856,21.571096402362127,1,0.9305202159029248,0,1,0,16.15,-3.64,0.0,16.47,1.0364475155767676,46.97605453967771,dfl,DFL-MAT-J03WN1,18226900000281,0,0.0405,openPlay,leftLeg,0,0,dribblingLess10m,passOpenPlay,,18.6774,,1,24.84,14.1
14.198204111788218,28.793313770446133,1.3900000000000006,0.5454545454545454,0.5867768595041323,15.705443874788799,0.04132231404958686,21,11,1,1,2,2,1.3136590120727583,3,0.9229124963149655,1.3917614738165418,12.837460808119335,1,0.2778238690571367,3,8,1,8.81,-1.69,0.12,3.99,2.7647108613083833,98.99355919047089,dfl,DFL-MAT-J03WN1,18226900000325,0,0.0448,openPlay,rightLeg,0,0,controlShot,passOpenPlay,,21.820266666666665,,-1,14.2,28.79
20.618809373967252,19.464990320348747,5.469999999999999,0.7024793388429752,0.7768595041322314,13.6737535308235,0.07438016528925617,21,11,1,1,0,1,4.726034278335271,1,11.042926672937659,2.0967832506007946,18.642682210454574,1,0.6664691326624324,3,6,0,15.5,-2.6,0.07,22.76,3.8931599791044746,18.790733038234624,dfl,DFL-MAT-J03WN1,18226900000380,0,0.0593,openPlay,rightLeg,0,0,direct,passOpenPlay,,25.924483333333335,,-1,20.62,19.46
10.499795236098647,30.488461372119918,7.039999999999999,0.0,0.0,0.0,0.0,21,10,1,1,2,5,0.8955445270895278,3,0.2836817226453562,2.5804263213662977,7.920107322505162,1,0.05361056928660664,4,8,1,6.15,-1.58,2.94,37.15,0.48209675791621703,0.7263225200247593,dfl,DFL-MAT-J03WN1,18226900000439,0,0.012,openPlay,head,1,0,volley,throwIn,,29.569383333333334,,1,10.5,30.49
14.581004766476143,17.230171448917748,11.89,0.7107438016528925,1.0,12.246237558734927,0.2892561983471075,21,10,1,0,1,1,1.247397290361014,1,0.8443451049618782,6.192002906976061,8.449153803784139,1,0.6549137149968695,0,1,1,25.32,-2.81,0.0,21.87,-0.22764499655945922,44.1449562935896,dfl,DFL-MAT-J03WN1,18226900000449,0,0.1869,openPlay,leftLeg,0,0,dribblingMore10m,passOpenPlay,,30.389866666666666,,1,14.58,17.23
11.286297001231183,31.30605297523426,6.140000000000001,0.8429752066115702,1.0,26.39022647499086,0.15702479338842978,21,10,1,0,1,4,2.4709512338368786,0,40.0,1.534438007871287,9.792578822761651,1,0.3270426074732387,5,9,1,19.92,-0.88,0.0,61.15,1.9522713274270658,26.75444504672419,dfl,DFL-MAT-J03WN1,18226900000478,1,0.1542,openPlay,rightLeg,0,0,volley,cornerKick,,32.75693333333333,,1,11.29,31.31
24.615127462599094,12.692265164524196,16.54,0.0,0.0,0.0,0.0,21,11,1,1,1,1,2.720827080135749,1,2.7177271416386355,1.7440183485273353,22.880098338949505,1,0.17049678115121863,2,5,0,8.74,-2.26,0.17,4.58,3.0558514952500846,45.999727781214986,dfl,DFL-MAT-J03WN1,18226900000500,0,0.0199,openPlay,rightLeg,0,0,dribblingLess10m,passOpenPlay,,34.755,,-2,24.62,12.69
26.517835507446684,12.79441449603519,15.659999999999997,0.8429752066115702,1.0,10.785374203269333,0.15702479338842978,21,10,1,0,1,2,2.0048940121612415,1,1.531331619754435,2.363260459619292,24.201012375518516,1,0.4453380064403686,3,4,0,14.7,-6.79,0.0,15.58,3.195887711479221,56.68261042251826,dfl,DFL-MAT-J03WN1,18226900000623,0,0.019,openPlay,rightLeg,0,0,dribblingMore10m,passOpenPlay,,41.55045,,2,26.52,12.79
24.205524162884807,16.488248279957325,7.07,0.6115702479338843,0.7520661157024794,10.083722088568942,0.14049586776859513,21,10,1,1,0,1,3.7497733264825555,2,3.309228069633081,2.80978646875523,21.42550116099972,1,0.3837347184673814,3,4,0,11.61,-4.5,0.11,13.83,3.3326940521262345,99.02369153485654,dfl,DFL-MAT-J03WN1,18226900000659,0,0.0379,openPlay,leftLeg,0,0,controlShot,passOpenPlay,,44.06353333333333,,2,24.21,16.49
12.99238623194369,4.980129409065256,12.86,0.2892561983471074,1.0,1.4405333001428426,0.7107438016528926,21,11,1,0,2,2,1.280624847486577,1,0.8758976062473097,3.559901684035667,9.444278691355949,1,0.24683687374649815,3,5,1,15.46,-0.14,2.0,97.69,-0.514630691088796,98.5009830184636,dfl,DFL-MAT-J03WN1,18226900000769,0,0.0358,openPlay,rightLeg,0,0,dribblingLess10m,passOpenPlay,,68.14671666666666,,-2,12.99,4.98
19.217255267077032,20.88288792625664,5.020000000000003,0.09090909090909091,0.09090909090909091,1.8984443569324219,0.0,21,11,1,6,0,0,8.464968989901847,7,8.242009475273573,1.0700467279516357,18.307006855299964,1,0.5489909903041363,7,10,0,8.23,-5.61,0.14,58.94,1.793048017982403,54.43208362515406,dfl,DFL-MAT-J03WN1,18226900000878,0,0.1065,FreeKick,rightLeg,0,1,setPiece,freeKick,,77.40786666666666,,-2,19.22,20.88
10.468261555769422,25.756176522205408,8.329999999999998,0.7355371900826446,1.0,18.944625706415547,0.2644628099173554,21,11,1,0,3,3,1.1985407794480643,1,2.3170991545039956,3.9685009764393384,6.540833280248017,1,0.44988367695153886,2,5,1,28.04,0.0,0.03,25.46,2.5193651945435733,3.932011605199988,dfl,DFL-MAT-J03WN1,18226900000899,0,0.2279,openPlay,rightLeg,0,0,dribblingLess10m,passOpenPlay,,78.67528333333333,,-2,10.47,25.76
11.465517868809945,22.40669873955653,9.340000000000003,0.7603305785123967,1.0,17.036498215200005,0.23966942148760328,21,11,1,0,2,4,1.2133424908079415,1,0.7751154463049581,3.153173005085517,8.374270117449043,1,0.531175309278212,4,6,1,9.15,-0.53,0.0,6.91,-0.43288111884831043,14.687578170660593,dfl,DFL-MAT-J03WN1,18226900000951,0,0.1041,openPlay,leftLeg,0,0,dribblingLess10m,passOpenPlay,,82.39865,,-2,11.47,22.41
11.343513565029138,34.26780618904637,3.6799999999999997,0.6776859504132231,0.6776859504132231,23.222810805800016,0.0,21,10,1,1,0,1,4.111763611882373,1,4.061290158106463,3.0294719011735403,8.876361867341819,1,1.5492113531892993,1,3,1,20.34,-0.46,0.0,35.68,0.8457308374853048,13.533551419955826,dfl,DFL-MAT-J03WN1,18226900001121,0,0.2427,openPlay,leftLeg,0,0,direct,passOpenPlay,,96.02261666666666,,2,11.34,34.27
18.574057176610612,19.272927473191423,9.700000000000003,0.7851239669421488,1.0,15.131637272340374,0.2148760330578512,21,10,1,0,1,2,2.0350184274349914,0,40.0,6.725689555725869,11.84890290280075,1,0.06777194600138894,0,2,1,19.43,-1.96,0.93,25.21,2.3410211033688224,28.82149602395156,dfl,DFL-MAT-J03WN1,18226900001209,1,0.1896,openPlay,leftLeg,0,0,direct,passOpenPlay,,102.2736,,2,18.57,19.27
17.564538137964234,17.135045574845982,12.41,0.7933884297520661,1.0,13.594746902357143,0.20661157024793386,21,10,1,0,1,1,0.445982062419545,1,0.02085451932314164,4.830372656431381,12.813918214191952,1,0.7463048499787868,0,2,1,22.95,-3.19,0.0,21.52,0.640554325755005,33.415666838232156,dfl,DFL-MAT-J03WN1,18226900001233,0,0.0679,openPlay,rightLeg,0,0,direct,passOpenPlay,,106.35178333333333,,3,17.56,17.14
9.352903292561086,27.55192345971387,7.719999999999999,0.34710743801652894,0.4462809917355372,9.563477564528782,0.09917355371900827,22,11,1,0,1,2,2.214723459035011,2,2.18409186549029,1.6037767924496218,7.754953255823017,1,0.12436779934688227,6,10,1,3.95,0.88,2.05,73.88,0.4077245268512503,153.24352087991772,dfl,DFL-MAT-J03WOH,18232100000016,0,0.0325,openPlay,head,1,0,volley,freeKick,,0.0,,0,9.35,27.55
9.534678809482786,38.78650306608055,4.299999999999997,0.38016528925619836,0.5206611570247934,14.745282157352936,0.14049586776859507,22,11,1,1,5,9,1.866252930339288,4,0.07942585325966389,1.086001841619066,8.57580899973874,1,0.4833618512053435,6,10,1,2.9,-1.93,0.08,7.42,0.1308336996731574,171.9853808459399,dfl,DFL-MAT-J03WOH,18232100000022,0,0.0897,openPlay,rightLeg,0,0,controlShot,cornerKick,,0.624,,0,9.53,38.79
18.31002457671753,20.190978281830997,8.59,0.1487603305785124,0.1487603305785124,3.0036166039087435,0.0,22,11,1,1,1,1,2.9435352894096654,1,2.943535098720343,6.9164730896606486,11.393585914890895,1,0.017214613704058992,1,2,1,10.45,-6.82,0.11,13.75,0.6938971590813363,55.298337720855415,dfl,DFL-MAT-J03WOH,18232100000067,0,0.1467,openPlay,rightLeg,0,0,dribblingMore10m,passOpenPlay,,4.061466666666666,,0,18.31,20.19
23.228176854845927,14.351133252531378,14.189999999999998,0.4462809917355372,0.6115702479338843,6.404637980468549,0.16528925619834706,22,11,1,0,1,1,1.527383383437179,2,1.4412108280902816,2.22766694099454,21.016034354749237,1,0.24971826399668298,1,4,0,14.7,-2.14,0.11,12.27,2.034537003326419,5.770938124063583,dfl,DFL-MAT-J03WOH,18232100000117,0,0.0246,openPlay,rightLeg,0,0,dribblingMore10m,run,,8.3058,,0,23.23,14.35
8.039912934851966,44.626720513333346,4.109999999999999,0.8429752066115702,1.0,37.619218945123976,0.15702479338842978,22,11,1,0,2,3,1.0040418317978603,2,0.043296488758105434,2.058008746337092,6.189830369242769,1,0.7893369059371383,2,7,1,8.58,0.8,1.96,61.41,2.0717532318848195,2.0039699939696503,dfl,DFL-MAT-J03WOH,18232100000253,0,0.0607,openPlay,head,1,0,volley,crossOpenPlay,,16.237916666666667,,0,8.04,44.63
14.117230606602696,28.710336500184884,2.41,0.7024793388429752,0.8347107438016529,20.168418202609214,0.1322314049586777,22,11,1,1,3,3,1.6430459518832756,2,1.2904372328861353,1.1872657663724666,13.030771274180202,1,0.45989189954603965,2,7,1,5.95,-0.45,2.44,42.35,3.199131425112334,50.66555017342321,dfl,DFL-MAT-J03WOH,18232100000298,0,0.066,openPlay,rightLeg,0,0,controlShot,crossOpenPlay,,19.216783333333336,,0,14.12,28.71
24.359659275121235,14.349793047932641,13.510000000000005,0.0,0.0,0.0,0.0,22,11,1,0,1,2,1.1892854997854798,2,1.175944198417258,2.4410038918445003,21.928285386687214,1,0.2055160108545968,2,5,0,9.39,-4.22,0.15,11.38,2.014726708213229,81.5473487991577,dfl,DFL-MAT-J03WOH,18232100000402,0,0.0192,openPlay,rightLeg,0,0,dribblingLess10m,lossOfPossession,,25.626466666666666,,0,24.36,14.35
18.060412509131677,22.523680636104867,3.490000000000002,0.8429752066115702,1.0,18.986904337873522,0.15702479338842978,22,11,1,0,0,2,3.0486882425069384,0,40.0,3.7881129866993244,14.294645850807207,1,0.3654899906999661,2,3,0,20.44,-2.01,0.16,23.1,2.833575574924845,34.54531983100496,dfl,DFL-MAT-J03WOH,18232100000445,0,0.1649,openPlay,leftLeg,0,0,dribblingMore10m,lossOfPossession,,27.983166666666666,,0,18.06,22.52
20.68722552688011,13.244544066829777,15.82,0.0,0.0,0.0,0.0,22,11,1,1,1,2,1.430034964607513,1,1.4271367594285902,3.6741393550054635,17.018225524419407,1,0.1761956911652566,1,3,1,14.27,-5.2,0.14,18.84,0.9905525485219348,53.65030501047699,dfl,DFL-MAT-J03WOH,18232100000478,0,0.0279,openPlay,rightLeg,0,0,dribblingMore10m,run,,30.10533333333333,,0,20.69,13.24
9.908834442052209,39.79766067471823,2.25,0.859504132231405,1.0,34.2062538030636,0.14049586776859502,22,11,1,0,4,7,1.7687566254292888,2,0.49758627302071456,1.255388386118013,8.672542879686452,1,0.20406032735987525,4,10,1,5.35,-1.49,2.33,65.21,1.23287633521865,68.46782146957737,dfl,DFL-MAT-J03WOH,18232100000487,0,0.0864,openPlay,head,1,0,volley,cornerKick,,31.0308,,0,9.91,39.8
18.865868652145334,20.687533261546047,6.609999999999999,0.8264462809917356,0.9586776859504132,17.09713492689756,0.1322314049586777,22,11,1,0,2,3,1.4676852523616846,2,1.3148983732153252,1.8532134253776633,17.03545127080583,1,0.27535440301124064,3,6,0,7.45,-4.49,0.12,8.82,2.5717388487381165,99.74660107429995,dfl,DFL-MAT-J03WOH,18232100000533,0,0.0368,openPlay,leftLeg,0,0,controlShot,passOpenPlay,,34.95581666666667,,0,18.87,20.69
11.051018052650178,34.71246236287134,4.030000000000001,0.0,0.0,0.0,0.0,22,11,1,2,2,3,0.6609841147864354,3,0.6489990303002087,0.5119570294468081,10.545638909046723,1,0.07991118970149787,4,6,1,10.48,0.94,2.53,18.14,0.5509255034695418,175.96660870446564,dfl,DFL-MAT-J03WOH,18232100000570,0,0.0119,openPlay,head,1,0,volley,crossOpenPlay,,37.2393,,0,11.05,34.71
27.81512178653906,14.783453875453448,4.73,0.8677685950413223,1.0,12.82861699936043,0.1322314049586777,22,11,1,0,1,2,2.607259097213009,1,2.4950241286948214,2.9519485090360207,24.989297709219443,1,0.8090203657094975,0,0,0,2.89,-4.38,0.29,3.69,3.514129945146088,32.45536417023482,dfl,DFL-MAT-J03WOH,18232100000606,0,0.0152,openPlay,rightLeg,0,0,controlShot,passOpenPlay,,38.71145,,0,27.82,14.78
11.006916007674445,31.128007531435152,6.489999999999995,0.0,0.0,0.0,0.0,22,11,1,0,1,2,0.629682459657237,1,0.5656171079763953,2.806171769510912,8.215716645551986,1,0.25007913189133185,3,6,1,10.72,-2.69,3.49,46.0,0.4217329322844538,103.97621719975292,dfl,DFL-MAT-J03WOH,18232100000680,0,0.022,openPlay,rightLeg,0,0,volley,crossOpenPlay,,43.653666666666666,,0,11.01,31.13
33.65904484681644,12.329766397016861,3.9200000000000017,0.5702479338842975,0.6942148760330579,7.0310238131749045,0.12396694214876036,22,11,1,1,0,0,5.261340133464103,1,13.137996102162878,2.3768256141332755,31.284360309905654,1,0.09723983597560723,0,0,0,7.64,-5.26,0.2,7.82,1.8630250219912436,42.71533208667262,dfl,DFL-MAT-J03WOH,18232100000853,0,0.016,openPlay,leftLeg,0,0,dribblingLess10m,passOpenPlay,,69.42856666666667,,0,33.66,12.33
21.585745296375574,17.607070076797264,9.0,0.0,0.0,0.0,0.0,22,11,1,1,1,2,1.830682932678405,1,1.830624769144988,1.8474306482247187,19.738454853407347,1,0.02176436317345258,1,2,0,11.28,-4.07,0.13,12.62,-0.5034976309190764,87.5521789739526,dfl,DFL-MAT-J03WOH,18232100000915,0,0.0363,openPlay,rightLeg,0,0,dribblingLess10m,passOpenPlay,,72.5054,,0,21.59,17.61
13.563966971354654,22.05188083951833,9.739999999999998,0.2892561983471074,0.2892561983471074,6.378643218042492,0.0,22,11,1,1,1,2,1.8343936327844088,2,1.8146166274202993,3.186000627746327,10.411387995843782,1,0.4031711380268777,3,6,1,10.42,-6.49,0.12,14.78,2.417649321598526,65.78127211688646,dfl,DFL-MAT-J03WOH,18232100000968,1,0.0844,openPlay,rightLeg,0,0,controlShot,passOpenPlay,,75.42866666666667,,0,13.56,22.05
27.580364392081556,14.81956893712936,5.579999999999998,0.0,0.0,0.0,0.0,22,11,1,0,1,3,0.5793962374748451,1,0.5713195002066085,3.959797974644668,23.629399061338823,1,0.24466681817798297,0,0,0,14.38,-4.86,0.19,14.08,1.1961878089443319,35.949380568693556,dfl,DFL-MAT-J03WOH,18232100001006,0,0.0227,openPlay,rightLeg,0,0,dribblingLess10m,passOpenPlay,,82.35088333333333,,-1,27.58,14.82
23.960828449784447,13.803368790998107,14.829999999999998,0.628099173553719,0.628099173553719,8.66988452988311,0.0,22,11,1,1,1,2,0.6762396025078679,1,9.70581215450803,2.5019992006393577,21.45919150387544,1,0.04029076048114277,4,6,0,5.55,-1.13,0.21,7.48,1.9662468297205213,75.97953171869398,dfl,DFL-MAT-J03WOH,18232100001062,0,0.0152,openPlay,leftLeg,0,0,dribblingLess10m,lossOfPossession,,86.11733333333333,,1,23.96,13.8
9.448264390881535,27.47459092883927,7.760000000000002,0.6115702479338843,1.0,16.80264238623228,0.38842975206611574,22,11,1,0,1,1,1.2020815280171304,1,0.02977266388433142,3.1925068519895135,6.375970514360935,1,0.7117815211109417,1,4,1,24.73,-0.74,0.33,51.39,-0.7616661194350658,46.75065996850556,dfl,DFL-MAT-J03WOH,18232100001165,1,0.1548,openPlay,rightLeg,0,0,direct,passOpenPlay,,93.50333333333333,,1,9.45,27.47
24.90189751806075,14.975082867650091,11.340000000000003,0.3305785123966942,0.3305785123966942,4.950440617404989,0.0,22,11,1,2,0,1,4.821711314460884,3,4.8199820882303355,2.414725657295255,22.49343459767761,1,0.165180183438498,4,6,0,4.81,-4.79,0.13,6.64,5.483441499917269,35.4987479387889,dfl,DFL-MAT-J03WOH,18232100001191,0,0.0169,openPlay,rightLeg,0,0,controlShot,passOpenPlay,,96.7163,,-2,24.9,14.98
5.361231201878914,46.63732247431692,4.880000000000003,0.4628099173553719,1.0,21.58421536001444,0.5371900826446281,22,11,1,0,0,2,3.4047173157253465,1,2.830655763303292,1.5580115532305956,3.852401848198082,1,0.328916984475885,3,7,1,6.25,-2.37,0.16,20.37,2.39022782004739,19.206136024036866,dfl,DFL-MAT-J03WOH,18232100001245,1,0.8492,openPlay,leftLeg,0,0,direct,lossOfPossession,,100.56466666666667,,2,5.36,46.64
48.27565017687489,8.108573161187717,17.22,0.8512396694214877,1.0,6.902339137209379,0.14876033057851235,22,11,1,0,2,3,0.9617692030835663,1,0.198733729423613,13.59425246197818,34.90108451037017,1,2.0686992227779206,0,0,0,16.29,-1.34,0.15,16.64,2.1584713819868795,18.84464508059337,dfl,DFL-MAT-J03WOY,18233800000127,0,0.0543,openPlay,rightLeg,0,0,dribblingLess10m,lossOfPossession,,0.0,,0,48.28,8.11
18.63758836330495,19.202478043558283,9.740000000000002,0.7851239669421488,1.0,15.076325736677992,0.2148760330578512,22,11,1,0,0,1,3.298742184530342,0,40.0,7.276462052398819,11.401491130549546,1,0.598425063510853,0,0,1,23.78,-2.12,1.38,50.26,-0.19377702979861025,47.254233060149446,dfl,DFL-MAT-J03WOY,18233800000186,1,0.223,openPlay,rightLeg,0,0,volley,passOpenPlay,,3.8236166666666667,,0,18.64,19.2
15.256998394179641,26.77115021446211,2.039999999999999,0.8099173553719008,1.0,21.68241918196105,0.1900826446280992,22,11,1,0,2,2,1.3223085872821045,1,1.0559088743265346,5.690773233928766,9.56715736256073,1,0.08156257003177853,0,2,1,17.04,-3.07,0.44,9.72,2.4161597467994302,41.719768459271464,dfl,DFL-MAT-J03WOY,18233800000273,0,0.1752,openPlay,rightLeg,0,0,direct,passOpenPlay,,10.668333333333333,,1,15.26,26.77
10.947894774795742,30.538100885883296,6.799999999999997,0.7272727272727273,1.0,22.209527917006035,0.2727272727272727,22,11,1,0,2,3,0.9633794683301095,0,40.0,4.77648406257155,6.1720661046362695,1,0.05940868206893459,1,4,1,22.09,-2.76,0.14,17.55,0.9744179012402633,18.14843039584565,dfl,DFL-MAT-J03WOY,18233800000443,1,0.449,openPlay,leftLeg,0,0,dribblingLess10m,passOpenPlay,,20.85095,,1,10.95,30.54
15.889380101187088,17.31168015043276,12.200000000000003,0.7933884297520661,1.0,13.73488673092186,0.20661157024793386,22,11,1,0,0,1,3.5438397254954976,1,3.4205487976173186,2.6945314991664135,13.226704049006319,1,0.37686806923025284,4,8,1,7.65,-1.6,1.55,31.84,-0.7491438236515656,149.89087609912474,dfl,DFL-MAT-J03WOY,18233800000484,0,0.0206,openPlay,rightLeg,0,0,volley,passOpenPlay,,23.518966666666664,,2,15.89,17.31
11.43878052940959,34.820143815432225,2.5100000000000016,0.0,0.0,0.0,0.0,22,11,1,1,2,3,0.3966106403010397,2,0.287049829442743,1.2889142717807207,10.151659962784398,1,0.06403654638855534,2,5,1,5.71,3.64,2.1,53.41,1.5607174846069718,105.6725393342732,dfl,DFL-MAT-J03WOY,18233800000694,0,0.03,openPlay,head,1,0,volley,crossOpenPlay,,39.28028333333334,,-2,11.44,34.82
14.514048367013247,24.427645002246116,7.800000000000001,0.8181818181818182,1.0,19.986255001837733,0.18181818181818177,22,11,1,0,1,3,1.042353107157073,2,0.6179392388124976,3.006958596322879,11.560181659472297,1,0.5019412789444389,3,7,1,2.14,-1.23,2.25,51.07,0.9519936783373355,146.71340946713508,dfl,DFL-MAT-J03WOY,18233800000701,0,0.0206,openPlay,rightLeg,0,0,volley,passOpenPlay,,39.7391,,-2,14.51,24.43
28.903913229872522,14.331101336734626,3.510000000000005,0.5289256198347108,0.6528925619834711,7.580086657446414,0.12396694214876036,22,11,1,1,1,1,0.9095603333479243,3,0.12143338419561113,1.0720074626605935,27.83234449341269,1,0.03009281106964265,3,4,0,19.2,-5.02,0.17,16.29,2.895689135264068,54.43534603778635,dfl,DFL-MAT-J03WOY,18233800000878,0,0.0173,openPlay,rightLeg,0,0,dribblingMore10m,throwIn,,65.49386666666666,,-2,28.9,14.33
8.718950624931884,37.26879143526289,5.800000000000001,0.8347107438016529,1.0,31.108660619516957,0.1652892561983471,22,11,1,0,1,2,1.610031055601102,1,1.0635339502306689,3.6072149922065875,5.780908233141239,1,1.6855010003127378,2,5,1,16.11,-3.64,0.09,64.29,-0.45578154896878553,89.12657096261704,dfl,DFL-MAT-J03WOY,18233800000897,0,0.2743,openPlay,rightLeg,0,0,direct,passOpenPlay,,66.84546666666667,,2,8.72,37.27
8.314806071099913,42.91567443954944,4.359999999999999,0.14049586776859505,0.14049586776859505,6.029474921259013,0.0,22,11,1,0,1,3,0.5371219600798327,2,0.444267727763294,2.8876461001999547,5.847674751557234,1,1.2511175740054108,4,9,1,11.88,0.35,1.74,35.17,1.52518951512716,24.52428780961404,dfl,DFL-MAT-J03WOY,18233800000971,1,0.1451,openPlay,head,1,0,volley,crossOpenPlay,,71.43495,,-2,8.31,42.92
17.968686652062242,21.012792788114638,7.690000000000001,0.8347107438016529,1.0,17.53960389751718,0.1652892561983471,22,11,1,0,1,2,0.9928242543370916,1,0.6160717371477734,3.6385299229221637,14.334050369661744,1,0.15030035596341065,2,5,1,15.85,-4.05,0.23,10.38,1.803050923858354,21.840560826774706,dfl,DFL-MAT-J03WOY,18233800001002,0,0.0704,openPlay,leftLeg,0,0,direct,passOpenPlay,,73.4715,,1,17.97,21.01
28.381053539289198,10.05640856090784,20.91,0.8099173553719008,1.0,8.14485982618982,0.1900826446280992,22,11,1,0,0,1,4.72289106374475,1,4.359820534100546,2.9041005492234655,25.477346800638397,1,0.04531191903146297,1,2,0,21.78,-2.71,0.11,23.1,5.750345644070087,17.17572882159367,dfl,DFL-MAT-J03WOY,18233800001023,0,0.0247,openPlay,rightLeg,0,0,direct,passOpenPlay,,75.20936666666667,,1,28.38,10.06
26.610082675557397,12.119761217351822,17.11,0.4214876033057851,0.512396694214876,5.108329108140024,0.09090909090909088,22,11,1,1,1,1,1.1808894952534592,2,0.9989521762898045,2.24661968299042,24.380820330743592,1,0.26679360927056167,3,4,0,12.42,-5.2,0.0,14.47,1.4477365416127084,66.07572498361645,dfl,DFL-MAT-J03WOY,18233800001057,0,0.0198,openPlay,rightLeg,0,0,dribblingLess10m,passOpenPlay,,77.09581666666666,,1,26.61,12.12
21.644846961805936,17.706838173098554,8.629999999999995,0.48760330578512395,0.628099173553719,8.63391282820508,0.14049586776859507,22,11,1,1,2,3,1.9320973060381743,3,1.8058432138130756,2.9274562336608922,18.73307769695091,1,0.2815543122459449,2,3,0,5.71,-4.26,0.15,30.71,2.123414263396963,19.525014272743782,dfl,DFL-MAT-J03WOY,18233800001164,0,0.0191,openPlay,leftLeg,0,0,dribblingLess10m,lossOfPossession,,84.91546666666666,,-1,21.64,17.71
11.516201630746135,25.503090781106874,8.5,0.71900826446281,1.0,18.336933040961142,0.28099173553719003,22,11,1,0,2,2,1.241692393469499,1,1.8234484488302083,5.4640003660322,6.100573743509699,1,0.5275089994761046,1,4,1,19.28,-2.75,0.14,17.58,1.2637047355899398,43.63884018697521,dfl,DFL-MAT-J03WOY,18233800001217,1,0.2686,openPlay,rightLeg,0,0,dribblingLess10m,passOpenPlay,,88.25295,,1,11.52,25.5
12.23628211508709,32.159352370419484,3.549999999999997,0.0,0.0,0.0,0.0,22,11,1,1,2,3,0.439658958739626,2,0.18833334981372424,0.9873196037757882,11.26489236522038,1,0.16947958378983743,4,4,1,6.9,-2.21,2.19,48.97,0.7992185373997333,17.717107558337844,dfl,DFL-MAT-J03WOY,18233800001240,0,0.0272,openPlay,head,1,0,volley,passOpenPlay,,90.80298333333333,,-2,12.24,32.16
20.46560284965972,19.881312595116253,4.200000000000003,0.48760330578512395,0.6363636363636364,9.694193744726107,0.1487603305785124,22,11,1,0,1,2,2.4003333101884055,1,2.3407079846072856,3.278353245152215,17.192850258174172,1,0.17556287134047394,1,2,0,20.68,-5.33,0.27,21.63,0.3221510437135195,36.74925784436273,dfl,DFL-MAT-J03WOY,18233800001256,0,0.0765,openPlay,rightLeg,0,0,dribblingMore10m,run,,91.68191666666667,,2,20.47,19.88
35.10082620110246,11.786614045983164,5.019999999999996,0.7851239669421488,0.9173553719008265,9.253953176598353,0.1322314049586777,22,11,1,0,1,1,0.6744627491566836,2,0.2711104275859269,3.6200552481971924,31.51911166260877,1,0.49792560151905885,0,0,0,18.43,-2.52,0.19,14.34,3.2273407583626827,39.49928546271518,dfl,DFL-MAT-J03WOY,18233800001287,0,0.0202,openPlay,leftLeg,0,0,dribblingLess10m,passOpenPlay,,93.98939999999999,,-2,35.1,11.79
28.763735849155616,14.399827564937553,3.5,0.371900826446281,0.371900826446281,5.355307772084213,0.0,22,11,1,2,0,0,9.914040548636061,2,9.900469865716689,1.3880922159568545,27.76809860253308,1,0.9501895074871631,5,5,0,9.84,-5.38,0.21,0.39,2.541980147007088,45.35047876099542,dfl,DFL-MAT-J03WOY,18233800001334,0,0.0717,FreeKick,leftLeg,0,1,setPiece,freeKick,,98.48371666666667,,-2,28.76,14.4
13.298127687761164,29.26062673953461,4.509999999999998,0.6198347107438017,1.0,18.136752111281787,0.3801652892561983,22,11,1,0,1,1,2.836987839240768,0,40.0,8.985326927830734,4.316769625541766,1,0.152119158989708,0,2,1,21.11,-3.64,0.3,18.77,1.0330853899924908,17.953076156586313,dfl,DFL-MAT-J03WOY,18233800001353,0,0.467,openPlay,leftLeg,0,0,dribblingLess10m,passOpenPlay,,99.59878333333333,,2,13.3,29.26
12.629718920071024,23.862853119107882,9.030000000000001,0.2727272727272727,0.2809917355371901,6.508050850665786,0.008264462809917383,22,11,1,0,2,3,0.5035871324805671,2,0.3155414641624954,3.215493741247206,9.469973600807984,1,0.5160368208703855,2,6,1,19.5,1.35,3.52,35.66,3.468175923235689,27.23509731144607,dfl,DFL-MAT-J03WOY,18233800001371,0,0.0211,openPlay,head,1,0,volley,passOpenPlay,,100.42451666666666,,-2,12.63,23.86
10.983697009659359,33.778250810386986,4.960000000000001,0.6446280991735537,0.6446280991735537,21.774409613307313,0.0,22,11,1,1,1,3,1.8414125013152343,1,1.7503031978297714,3.253997541486469,8.067149434589645,1,1.2330274577029725,5,7,1,5.25,-3.17,0.1,10.07,3.079376164020006,70.19665124993541,dfl,DFL-MAT-J03WPY,18237400000209,0,0.1432,openPlay,leftLeg,0,0,controlShot,passOpenPlay,,0.0,,0,10.98,33.78
14.600743131772436,24.79788759126302,7.359999999999999,0.6776859504132231,0.7768595041322314,16.805180020525352,0.09917355371900827,22,11,1,0,1,1,1.9123022773609921,1,1.8001001567383623,3.201562118716427,11.766923982077895,1,1.3352608031008704,2,5,1,10.34,-4.9,0.16,35.58,3.6733780407498693,129.75330178645385,dfl,DFL-MAT-J03WPY,18237400000279,0,0.0934,openPlay,rightLeg,0,0,direct,passOpenPlay,,3.9192166666666663,,0,14.6,24.8
17.188187804419638,23.77052627522746,2.729999999999997,0.03305785123966942,0.03305785123966942,0.7858025214951226,0.0,22,11,1,4,1,1,2.1486972797488284,4,2.148679105688133,0.7969943538068429,16.400128048280607,1,0.11624262096358473,5,9,0,12.72,-3.51,0.51,14.5,-1.3775507558806188,132.31198723880323,dfl,DFL-MAT-J03WPY,18237400000283,0,0.0554,openPlay,rightLeg,0,0,dribblingLess10m,cornerKick,,4.5520499999999995,,0,17.19,23.77
21.711218298382068,11.922204217125937,17.230000000000004,0.4132231404958678,0.6528925619834711,4.926530668233859,0.23966942148760334,22,11,1,0,1,1,1.2844454056128711,1,1.2012499548191489,4.501399782289954,17.222914968146362,1,0.3055931688777824,0,3,1,18.5,-2.96,0.08,20.29,0.5231271657201142,27.459863676387506,dfl,DFL-MAT-J03WPY,18237400000357,0,0.0289,openPlay,leftLeg,0,0,dribblingLess10m,passOpenPlay,,8.734066666666667,,0,21.71,11.92
38.44311121644553,10.538787639936361,9.619999999999997,0.8677685950413223,1.0,9.145228943746428,0.1322314049586777,22,11,1,0,1,1,2.056817930688077,1,1.8790830844382178,3.079025819963201,35.36948402224719,1,0.1748141549252426,0,0,0,17.0,-4.94,0.16,14.75,1.55124562589845,29.94057150885655,dfl,DFL-MAT-J03WPY,18237400000369,0,0.0205,openPlay,rightLeg,0,0,dribblingMore10m,passOpenPlay,,9.674466666666666,,0,38.44,10.54
26.39721955055115,14.093546107177453,12.14,0.2231404958677686,0.2231404958677686,3.1448408668908368,0.0,22,11,1,2,1,1,2.9230805667993525,2,2.9126097865255973,1.9156461051039688,24.485965367940874,1,0.12486163528276718,7,7,0,9.02,-5.59,0.1,11.87,3.992473675135612,52.394496397635464,dfl,DFL-MAT-J03WPY,18237400000411,0,0.0171,openPlay,rightLeg,0,0,dribblingLess10m,passOpenPlay,,12.30355,,0,26.4,14.09
11.715139777228444,34.48095753561881,1.490000000000002,0.7603305785123967,0.9008264462809917,26.216926390718438,0.14049586776859502,22,11,1,0,1,3,1.786309043810728,2,1.364448082051109,1.6671532623007452,10.264214534001129,1,0.7680403453221702,5,6,1,9.65,-0.39,0.05,38.27,4.309546162938097,26.17600284525324,dfl,DFL-MAT-J03WPY,18237400000414,0,0.0915,openPlay,rightLeg,0,0,volley,crossOpenPlay,,12.394499999999999,,0,11.72,34.48
26.140489666415966,15.48787062610753,6.340000000000003,0.5454545454545454,0.6859504132231405,8.447929432422288,0.14049586776859513,22,11,1,1,0,1,3.833027524033713,2,3.6162061692917273,3.779272416749026,22.364715513504745,1,0.15037208752252446,1,0,0,19.01,-4.34,0.13,18.08,3.346716207873279,35.36246188706907,dfl,DFL-MAT-J03WPY,18237400000433,0,0.0291,openPlay,rightLeg,0,0,dribblingMore10m,lossOfPossession,,13.356233333333334,,0,26.14,15.49
25.8501160538981,14.556761844759453,11.340000000000003,0.0,0.0,0.0,0.0,22,11,1,2,1,1,1.6018114745499925,2,1.595246223035109,2.939931972002072,22.941536565801346,1,0.4033869704204906,1,2,0,9.17,-7.39,0.2,10.24,2.46482106615954,58.89078937919597,dfl,DFL-MAT-J03WPY,18237400000500,0,0.0198,openPlay,rightLeg,0,0,dribblingLess10m,passOpenPlay,,16.857583333333334,,0,25.85,14.56
15.967247727770742,21.995937091600325,8.79,0.8016528925619835,1.0,17.633106594092823,0.19834710743801653,22,11,1,0,0,1,3.426543447849451,1,3.0877832448387466,5.260608329841702,10.772418484258777,1,0.6808311729950094,3,7,1,5.98,-5.8,0.0,7.56,3.5315676342146123,26.832687188768944,dfl,DFL-MAT-J03WPY,18237400000677,0,0.1423,openPlay,rightLeg,0,0,dribblingLess10m,passOpenPlay,,28.177016666666667,,0,15.97,22.0
17.772791001978277,23.08205426075954,2.3999999999999986,0.8512396694214877,1.0,19.648360238497794,0.14876033057851235,22,11,1,0,2,4,1.2637246535539282,1,1.317935939121372,3.569229608753124,14.20579107265766,1,0.11277350866146679,2,3,0,15.07,-5.55,0.13,19.47,1.3001353523933235,38.1540728954362,dfl,DFL-MAT-J03WPY,18237400000708,0,0.1235,openPlay,leftLeg,0,0,dribblingMore10m,run,,29.857416666666666,,0,17.77,23.08
21.07744054670775,15.677358068367234,13.09,0.2231404958677686,1.0,3.4982534532720275,0.7768595041322314,22,11,1,0,2,2,0.8668333173107793,2,0.3195217173107735,17.47100455039721,3.6097229810610068,1,0.1402162655114995,0,1,0,28.27,-2.42,0.18,25.41,-0.06556671886123218,51.327560014192926,dfl,DFL-MAT-J03WPY,18237400000759,0,0.1118,openPlay,rightLeg,0,0,dribblingLess10m,passOpenPlay,,33.10771666666667,,0,21.08,15.68
10.33590344382145,37.796995287816294,2.969999999999999,0.8842975206611571,1.0,33.42378922145738,0.11570247933884292,22,11,1,0,2,2,1.6646921637347807,0,40.0,3.999412456849126,7.194720286432274,1,2.0440012926619335,2,5,1,21.5,-1.1,0.76,41.44,1.7602806661988402,14.143123116329141,dfl,DFL-MAT-J03WPY,18237400000797,1,0.5674,openPlay,rightLeg,0,0,direct,passOpenPlay,,50.97546666666666,,0,10.34,37.8
17.237148836161975,23.892464916970695,1.5200000000000031,0.19834710743801653,0.19834710743801653,4.739001305845427,0.0,22,11,1,4,1,2,2.686931335185178,5,2.673806465214821,2.241428116179513,14.999283316212138,1,0.11783851374183056,6,9,0,17.99,-5.9,0.33,17.53,1.6880236381606764,94.06092325869672,dfl,DFL-MAT-J03WPY,18237400000832,0,0.0739,openPlay,leftLeg,0,0,direct,passOpenPlay,,53.928016666666664,,1,17.24,23.89
15.556828082870872,14.487650077946423,13.299999999999997,0.6859504132231405,1.0,9.937809557599612,0.31404958677685946,22,11,1,0,0,1,4.953079849951939,0,40.0,5.358096676992682,10.217812877519329,1,0.3660900518834338,1,3,1,21.79,-2.38,0.0,19.61,1.1566322843340469,51.43373604126204,dfl,DFL-MAT-J03WPY,18237400000860,0,0.082,openPlay,leftLeg,0,0,direct,passOpenPlay,,57.01485,,-1,15.56,14.49
24.960436694897794,16.043937114323896,7.030000000000001,0.8512396694214877,1.0,13.657235725416209,0.14876033057851235,22,11,1,0,1,1,1.6162301816263704,1,1.1551400463235453,4.938754903819393,20.02335885909254,1,0.11526641281032372,0,0,0,26.68,-4.53,0.41,22.42,-0.45773064994024487,44.919597671294675,dfl,DFL-MAT-J03WPY,18237400000929,0,0.0468,openPlay,rightLeg,0,0,dribblingMore10m,lossOfPossession,,61.387550000000005,,-1,24.96,16.04
17.642485652537744,16.97342256073728,12.530000000000001,0.0,0.0,0.0,0.0,22,11,1,1,1,2,0.9264987857520386,2,0.9042149906867205,4.033906295391599,13.682211078623228,1,0.6754377038864715,2,5,1,11.48,-4.25,0.22,22.84,2.551631192477372,61.391023578101866,dfl,DFL-MAT-J03WPY,18237400001072,0,0.0242,openPlay,rightLeg,0,0,direct,passOpenPlay,,72.48923333333333,,-1,17.64,16.97
16.35929399454634,23.85770914817294,5.6299999999999955,0.8429752066115702,1.0,20.111457298459833,0.15702479338842978,22,11,1,0,1,2,2.6196373794859356,1,2.2691138145921697,3.480359176866667,12.895991625307447,1,0.3055327449745819,1,4,1,16.1,-3.95,0.28,15.9,2.731230329990986,58.22429884796727,dfl,DFL-MAT-J03WPY,18237400001144,0,0.1255,openPlay,rightLeg,0,0,dribblingMore10m,passOpenPlay,,79.41636666666666,,1,16.36,23.86
34.64116770549169,11.180331757196685,13.170000000000002,0.8347107438016529,1.0,9.332343036998886,0.1652892561983471,22,11,1,0,0,2,3.4851829220286343,1,3.0868907454019823,8.022973264320408,26.63695553174199,1,0.4808238608353682,0,0,0,13.94,-2.37,0.41,7.13,0.13449796205937994,22.789193280324934,dfl,DFL-MAT-J03WPY,18237400001163,0,0.0387,openPlay,rightLeg,0,0,dribblingLess10m,passOpenPlay,,81.45278333333334,,-1,34.64,11.18
12.965932284259388,31.297536075212133,1.7299999999999969,0.8677685950413223,1.0,27.159018908241933,0.1322314049586777,22,11,1,0,2,4,0.7513321502504702,1,0.42635576669724945,1.8208239892971598,11.241067564960177,1,0.5429613425134553,2,6,1,13.96,-0.78,2.6,54.53,1.6088366907026967,15.054548880455757,dfl,DFL-MAT-J03WPY,18237400001175,0,0.0525,openPlay,head,1,0,volley,crossOpenPlay,,82.47876666666666,,-1,12.97,31.3
23.22035744772246,16.289480858392217,9.93,0.47107438016528924,0.6198347107438017,7.673557098581457,0.14876033057851246,22,11,1,1,1,2,2.469109151090731,2,1.5825122452455629,3.071221255461748,20.157405587029288,1,0.20984173094535388,1,2,0,18.99,-3.79,0.24,15.96,0.062130408457412356,50.25493541569349,dfl,DFL-MAT-J03WPY,18237400001394,0,0.0353,openPlay,rightLeg,0,0,dribblingLess10m,passOpenPlay,,96.29943333333334,,-1,23.22,16.29
19.686670617450783,20.498521331257606,4.73,0.49586776859504134,0.49586776859504134,10.164556032028566,0.0,22,11,1,2,0,0,5.580224009840467,2,5.7584952886604235,1.672632655426769,18.17845152921447,1,0.6947899045903345,5,10,0,12.21,-3.07,0.41,22.57,5.142550584520286,11.292161012210542,dfl,DFL-MAT-J03WPY,18237400001400,0,0.0718,openPlay,rightLeg,0,0,direct,throwIn,,96.6993,,-1,19.69,20.5
21.89128822157344,17.79016694312357,7.890000000000001,0.4297520661157025,0.4297520661157025,7.645361000350626,0.0,22,11,1,1,0,2,3.221443775700577,1,4.809420027472131,5.196046574079184,16.70739357290658,1,0.31025583927522227,2,2,0,12.41,-6.52,0.0,10.33,0.8909988348120413,59.165753760811285,dfl,DFL-MAT-J03WPY,18237400001417,0,0.089,openPlay,rightLeg,0,0,direct,passOpenPlay,,97.96798333333332,,1,21.89,17.79
14.474518990280812,20.861168797775292,10.259999999999998,0.05785123966942149,0.05785123966942149,1.2068444759043557,0.0,22,11,1,2,1,1,2.1284971223847164,2,2.0992545604039137,3.290972500644754,11.240391452258232,1,0.5365428727002802,4,9,1,11.45,-1.18,0.92,49.17,5.372935747339997,21.43716190361896,dfl,DFL-MAT-J03WPY,18237400001436,0,0.0923,openPlay,leftLeg,0,0,volley,passOpenPlay,,99.19958333333334,,-1,14.47,20.86
24.26099750628568,11.802746462290662,17.86,0.8016528925619835,1.0,9.461705841671026,0.19834710743801653,22,11,1,0,2,2,2.7071756500086934,1,2.8442276531342996,3.0360665341853075,21.231818103968397,1,0.19119576591186271,0,4,1,19.62,-3.75,0.1,16.5,2.4679587173469826,84.98290893256116,dfl,DFL-MAT-J03WQQ,18240200000048,0,0.0251,openPlay,leftLeg,0,0,dribblingLess10m,passOpenPlay,,0.0,,0,24.26,11.8
21.52772398559587,18.941738365748293,4.270000000000003,0.0,0.0,0.0,0.0,22,11,1,1,2,3,2.005617112013151,2,1.741819062019245,2.654147697472762,18.88712789176798,1,0.25089507853287296,0,0,0,14.44,-4.06,0.32,29.04,3.9357281153553454,62.96903045390824,dfl,DFL-MAT-J03WQQ,18240200000164,0,0.0375,openPlay,rightLeg,0,0,dribblingLess10m,lossOfPossession,,5.0770333333333335,,0,21.53,18.94
8.116070477762005,18.581766600614355,7.75,1.0,1.0,18.581766600614355,0.0,22,11,1,0,0,0,7.608679254640728,0,40.0,7.41238153362332,4.814145822469435,0,4.331505017893071,2,4,1,11.54,1.31,0.0,43.67,0.36593683184706105,115.4041108858217,dfl,DFL-MAT-J03WQQ,18240200000195,0,0.1666,openPlay,rightLeg,0,0,direct,passOpenPlay,,7.191716666666666,,0,8.12,18.58
9.370901770907647,42.66557567088572,0.13000000000000256,0.8512396694214877,1.0,36.31863052976223,0.14876033057851235,22,11,1,0,1,2,2.306729286240584,1,1.6680571819168666,2.008083663595724,7.787746785816805,1,1.1232003341104868,3,6,1,13.7,0.28,1.51,48.32,2.466432767231436,54.780537002717416,dfl,DFL-MAT-J03WQQ,18240200000220,0,0.2479,openPlay,head,1,0,volley,crossOpenPlay,,8.588516666666667,,0,9.37,42.67
11.72362145414121,34.552912817702236,1.1199999999999974,0.33884297520661155,0.4628099173553719,11.70801178120489,0.12396694214876036,22,11,1,1,3,5,0.5755866572463264,3,0.13408825985631695,0.6935416353759868,11.08817838961838,1,0.27021513893055343,5,8,1,4.8,3.1,2.33,56.86,0.3327789620855878,20.102907683505254,dfl,DFL-MAT-J03WQQ,18240200000224,0,0.0298,openPlay,head,1,0,volley,cornerKick,,9.226949999999999,,0,11.72,34.55
7.630655279856375,49.810284987706716,2.3799999999999955,0.0,0.0,0.0,0.0,22,11,1,1,1,2,0.5080354318352208,1,0.5031284810014708,2.4495101551126517,5.861689176338159,1,1.4730713926591568,3,5,1,18.58,-1.04,2.24,45.81,1.0299383095227752,66.72748868380143,dfl,DFL-MAT-J03WQQ,18240200000248,0,0.2628,openPlay,head,1,0,volley,crossOpenPlay,,10.3455,,0,7.63,49.81
15.35851880879143,24.184508640719024,7.039999999999999,0.512396694214876,0.6528925619834711,12.392062278715532,0.14049586776859513,22,11,1,2,1,2,2.8220737056285414,3,2.6681674522248224,1.387083270751977,14.063587735709554,1,0.4756578476707249,4,9,1,12.9,-2.86,0.25,52.03,5.853861692526834,55.33778078114303,dfl,DFL-MAT-J03WQQ,18240200000251,0,0.0616,openPlay,rightLeg,0,0,direct,cornerKick,,10.888566666666666,,0,15.36,24.18
15.842477710257315,18.388627257753015,11.600000000000001,0.0,0.0,0.0,0.0,22,11,1,0,2,3,0.7291776189653699,2,0.6078215905435816,3.0594443940035965,13.001557598995579,1,1.0278632104028012,5,8,1,10.08,0.32,3.47,32.75,1.052961079541719,81.26146199971092,dfl,DFL-MAT-J03WQQ,18240200000330,0,0.0245,openPlay,leftLeg,0,0,dribblingMore10m,passOpenPlay,,16.4133,,0,15.84,18.39
24.894826771841572,13.12856893980724,15.700000000000003,0.7768595041322314,1.0,10.199053556544467,0.22314049586776863,22,11,1,0,1,1,2.3928643923131148,1,1.750749278131074,6.0056057146635995,19.019855414802702,1,1.088475137760349,0,0,0,22.24,-3.6,0.25,21.07,-1.2304527924350495,61.333784596817466,dfl,DFL-MAT-J03WQQ,18240200000386,1,0.0482,openPlay,leftLeg,0,0,direct,passOpenPlay,,19.154600000000002,,0,24.89,13.13
12.724920431971272,19.285647263487867,10.560000000000002,0.6776859504132231,1.0,13.06961219509095,0.3223140495867769,22,11,1,0,0,1,4.371006749022471,0,40.0,4.387710108929256,8.337409669675589,1,0.03385482858639744,3,7,1,17.19,-1.6,1.06,48.17,3.506777277568227,49.41716618796082,dfl,DFL-MAT-J03WQQ,18240200000419,0,0.171,openPlay,leftLeg,0,0,volley,crossOpenPlay,,21.2211,,-1,12.72,19.29
11.141620169436758,16.426001728067455,10.21,0.5454545454545454,1.0,8.95963730621861,0.4545454545454546,22,11,1,0,0,1,3.4739746688771365,1,3.3782160428740204,2.28641641001809,8.885685117085794,1,0.33224072834168794,5,8,1,14.97,-2.99,0.43,63.1,-1.6936043852006322,113.14752256768529,dfl,DFL-MAT-J03WQQ,18240200000656,0,0.1153,openPlay,rightLeg,0,0,direct,cornerKick,,34.732366666666664,,-1,11.14,16.43
17.904692122457742,18.12933656116826,11.480000000000004,0.7024793388429752,1.0,12.735484361151256,0.2975206611570248,22,11,1,0,1,1,1.1961605243444542,1,0.3958068617729146,9.204227289675108,8.714596949945543,1,0.3556274498578775,0,1,1,24.07,-3.9,0.09,18.82,3.404047845578821,13.210972595239644,dfl,DFL-MAT-J03WQQ,18240200000706,0,0.2213,openPlay,leftLeg,0,0,dribblingLess10m,passOpenPlay,,37.46253333333333,,1,17.9,18.13
22.116801305794652,18.700544399100163,2.2699999999999996,0.4462809917355372,0.5454545454545454,8.345697500424867,0.09917355371900821,22,11,1,1,1,2,1.7042593699317026,3,0.045381788538155415,1.6304907236780082,20.548790718677328,1,0.43087605066575674,2,5,0,8.67,-5.23,0.24,8.76,1.1012234612646525,46.19889469296983,dfl,DFL-MAT-J03WQQ,18240200000758,0,0.0365,openPlay,leftLeg,0,0,dribblingMore10m,passOpenPlay,,40.79605,,-1,22.12,18.7
18.400880413719342,13.175578556888615,15.18,0.7520661157024794,1.0,9.9089061874121,0.2479338842975206,22,11,1,0,0,1,4.937944916663207,0,40.0,3.616144355525653,14.80661001039738,1,0.35622208571676567,2,5,1,17.5,-4.19,0.13,26.74,3.553585114794247,36.51529602235621,dfl,DFL-MAT-J03WQQ,18240200000762,0,0.0417,openPlay,leftLeg,0,0,direct,passOpenPlay,,40.85433333333334,,-1,18.4,13.18
22.05276626638935,18.788650527300174,1.7899999999999991,0.6033057851239669,0.6033057851239669,11.335301557792667,0.0,22,11,1,2,1,2,1.1700427342623019,2,6.660883184703991,1.7318487231857072,20.33615991282525,1,0.2201583212442426,3,6,0,8.34,-1.52,0.26,10.86,4.157027548217832,1.9261841766602283,dfl,DFL-MAT-J03WQQ,18240200000801,0,0.0324,openPlay,leftLeg,0,0,controlShot,passOpenPlay,,43.287283333333335,,-1,22.05,18.79
15.019004627471157,25.82850233021929,5.359999999999999,0.5537190082644629,0.5537190082644629,14.301732695245393,0.0,22,11,1,1,0,1,4.366153913915542,1,4.364184020564907,1.4301398533010699,13.636282484607012,1,0.34796580263654525,4,6,1,17.19,-2.35,0.0,27.63,5.290888439207527,50.728521766583455,dfl,DFL-MAT-J03WQQ,18240200000922,0,0.1204,openPlay,leftLeg,0,0,direct,passOpenPlay,,65.72895,,1,15.02,25.83
21.244681687424734,17.033929194528884,10.739999999999995,0.8429752066115702,1.0,14.359179982164845,0.15702479338842978,22,11,1,0,1,2,1.534731246831193,2,0.7957426827443026,2.2706827167175936,18.974343203389147,1,0.03736464549948533,3,4,0,14.29,-3.17,0.24,14.0,3.629376757369034,7.168501097663268,dfl,DFL-MAT-J03WQQ,18240200000955,0,0.0401,openPlay,rightLeg,0,0,dribblingLess10m,passOpenPlay,,67.39151666666666,,-1,21.24,17.03
9.676698817262013,41.41637462318562,0.35999999999999943,0.0,0.0,0.0,0.0,22,11,1,1,3,6,0.40853396431631844,3,0.3741565246963562,0.42449970553581906,9.263374115299461,1,0.09467071542681364,3,7,1,8.22,2.36,2.8,15.42,1.765642957454806,60.94026844137554,dfl,DFL-MAT-J03WQQ,18240200001036,0,0.047,openPlay,head,1,0,volley,crossOpenPlay,,72.12588333333333,,-1,9.68,41.42
26.9668871025189,14.152859638642205,11.07,0.17355371900826447,0.17355371900826447,2.4562814248883167,0.0,21,10,1,3,0,0,8.708995349637064,4,8.668141751450648,1.3237824594698397,26.157541933446268,1,1.0315094914088856,4,9,0,7.37,-7.3,0.0,12.34,1.7284127066361457,49.75613148410429,dfl,DFL-MAT-J03WQQ,18240200001060,0,0.0563,FreeKick,rightLeg,0,1,setPiece,freeKick,,76.85033333333334,,1,26.97,14.15
16.32380470356099,24.492294759536623,4.289999999999999,0.2644628099173554,0.2644628099173554,6.477301093431174,0.0,21,10,1,2,1,1,2.983906835006746,3,2.9811616154280527,2.531580533974774,14.07971945743238,1,1.0874119313696335,5,9,1,12.28,-4.18,0.75,20.96,4.624216740027719,62.53600827230547,dfl,DFL-MAT-J03WQQ,18240200001066,0,0.0861,openPlay,leftLeg,0,0,direct,passOpenPlay,,77.5454,,1,16.32,24.49
23.657764053265897,14.045211043359732,14.530000000000001,0.6859504132231405,0.859504132231405,9.634318318998824,0.17355371900826444,21,10,1,0,2,2,1.9043634106966087,2,1.7861197662154669,2.831430733745759,20.826646393502717,1,0.039505001313550295,4,4,0,13.14,-4.94,0.16,20.03,4.4484326321236205,57.077764186722874,dfl,DFL-MAT-J03WQQ,18240200001075,0,0.0264,openPlay,rightLeg,0,0,dribblingLess10m,passOpenPlay,,78.19460000000001,,1,23.66,14.05
9.430005302225444,40.55583408833919,3.3100000000000023,0.6776859504132231,0.6859504132231405,27.484118968957134,0.008264462809917439,21,10,1,1,3,5,0.8668333173107718,1,3.3802207929275947,1.938298222668531,7.679635408012547,1,0.7504555695562435,5,8,1,6.07,0.94,2.11,46.8,1.6841959015897492,62.946371712724854,dfl,DFL-MAT-J03WQQ,18240200001089,0,0.1405,openPlay,head,1,0,volley,throwIn,,79.28075,,1,9.43,40.56
23.0080420722842,16.977371054610153,8.14,0.47107438016528924,0.47107438016528924,7.997604546386601,0.0,21,11,1,1,0,1,3.575136361035757,1,5.688550098648439,2.77180446640813,20.401080853719478,1,0.8864639562081261,1,3,0,7.81,-4.61,1.1,21.52,4.033609861281334,58.43493559227328,dfl,DFL-MAT-J03WQQ,18240200001210,0,0.0439,openPlay,rightLeg,0,0,direct,passOpenPlay,,87.22676666666666,,-1,23.01,16.98
8.939910514093533,43.68360581742722,2.1400000000000006,0.7107438016528925,0.8512396694214877,31.047852068584636,0.14049586776859513,21,10,1,1,3,4,0.9617692030835687,1,1.247797724866944,1.0565036677645672,7.885290102462955,1,0.05921759498212591,5,8,1,12.14,-1.24,2.13,55.6,2.3254967402764457,15.166870155682586,dfl,DFL-MAT-J03WQQ,18240200001227,0,0.1353,openPlay,head,1,0,volley,cornerKick,,89.10676666666667,,1,8.94,43.68
18.02105990223661,22.719297435713564,2.75,0.19834710743801653,0.19834710743801653,4.506306929397732,0.0,21,11,1,2,1,1,2.795084971874738,3,2.791694843306974,1.3500370365289927,16.689793288114753,1,0.21589185214999945,4,6,0,8.2,-5.05,0.12,7.99,2.260726662146632,24.454124721595672,dfl,DFL-MAT-J03WQQ,18240200001444,0,0.0485,openPlay,leftLeg,0,0,direct,freeKick,,100.93466666666667,,-1,18.02,22.72
30.93435630492414,13.438686554052326,2.8799999999999955,0.5537190082644629,0.6942148760330579,7.441256191086826,0.14049586776859502,21,11,1,0,1,2,1.649242250247069,1,3.7913573776652583,5.256386591566493,25.721664020821045,1,0.6166865026043361,0,0,0,16.63,-5.72,0.3,15.1,0.9144097302889428,33.33347700587398,dfl,DFL-MAT-J03WQQ,18240200001463,0,0.0226,openPlay,rightLeg,0,0,dribblingLess10m,passOpenPlay,,102.09375,,-1,30.93,13.44
15.051568024627866,26.249833630260262,4.509999999999998,0.371900826446281,0.371900826446281,9.762334821171171,0.0,21,11,1,1,2,4,2.2415396494374122,2,2.768814513664622,1.6821712160181563,13.468125333542154,1,0.5370071733904862,3,6,1,1.7,-3.07,0.0,4.74,2.4523479618605015,23.10862203844795,dfl,DFL-MAT-J03WQQ,18240200001478,0,0.046,openPlay,leftLeg,0,0,controlShot,passOpenPlay,,103.0299,,-1,15.05,26.25
8.038532204326861,47.4381312058804,2.5600000000000023,0.14049586776859505,0.14049586776859505,6.664861409090635,0.0,22,11,1,0,1,3,0.45310043036836994,1,0.2949045845364665,1.7708754896942998,6.267663041357598,1,0.0041798675611345966,5,7,1,16.42,-1.64,1.89,64.86,-0.46928703654668635,8.485025791299375,dfl,DFL-MAT-J03WR9,18242100000110,0,0.0823,openPlay,head,1,0,volley,freeKick,,0.0,,0,8.04,47.44
13.930405593520957,20.830003053837537,10.29,0.0,0.0,0.0,0.0,22,11,1,2,1,1,1.7961069010501618,3,1.7948221128341584,2.64168506828501,11.528508142860467,1,0.9994899219930645,5,7,1,12.74,-2.65,0.4,15.7,3.514400815488225,22.625589537402032,dfl,DFL-MAT-J03WR9,18242100000112,0,0.0525,openPlay,leftLeg,0,0,direct,freeKick,,0.05893333333333333,,0,13.93,20.83
5.1499514560818955,54.778148511362055,4.48,0.3305785123966942,0.3305785123966942,18.10847884673126,0.0,22,11,1,0,1,2,0.45276925690687336,2,0.2258273713680413,2.0382345301755604,6.091469445051828,0,1.9402901338418146,5,9,1,15.15,-1.13,1.23,23.82,-0.4479683776945975,41.769897989708475,dfl,DFL-MAT-J03WR9,18242100000118,0,0.2353,openPlay,head,1,0,volley,cornerKick,,0.5726833333333333,,0,5.15,54.78
17.114017646362296,23.54779872741799,4.0,0.8347107438016529,1.0,19.655600590654686,0.1652892561983471,22,11,1,0,2,3,0.8781799360040092,2,0.6361101305930975,3.8637417097937674,13.251071654775691,1,0.06899607236591435,2,5,0,17.21,-4.52,0.22,19.67,3.148887050701082,47.043312504687506,dfl,DFL-MAT-J03WR9,18242100000216,1,0.056,openPlay,rightLeg,0,0,dribblingMore10m,passOpenPlay,,6.829766666666667,,0,17.11,23.55
29.75823415459997,14.01959608416459,0.7000000000000028,0.49586776859504134,0.628099173553719,6.951865826858475,0.1322314049586777,22,11,1,1,0,2,3.134453700407775,1,9.518071486651609,2.7492544443903317,27.03166476560406,1,0.3359070282217935,0,0,0,14.01,-6.61,0.15,13.09,0.13907056852359792,67.52739357372886,dfl,DFL-MAT-J03WR9,18242100000263,0,0.0269,openPlay,rightLeg,0,0,dribblingMore10m,passOpenPlay,,10.041583333333334,,1,29.76,14.02
13.92647119696874,14.871870109354646,12.29,0.0,0.0,0.0,0.0,22,11,1,0,1,1,0.46818799642878167,1,0.34814275141395856,4.45171876919466,9.499894736258922,1,0.39013472423529033,0,4,1,16.26,0.14,0.12,7.22,-0.18365237287480726,79.94589926014464,dfl,DFL-MAT-J03WR9,18242100000296,0,0.0683,openPlay,rightLeg,0,0,direct,passOpenPlay,,11.794,,-1,13.93,14.87
25.101914269632903,15.301132196628913,9.940000000000001,0.5702479338842975,0.5702479338842975,8.72543902121814,0.0,22,11,1,1,1,1,2.5678006153126454,2,1.700810525500385,2.9497966031575786,22.168468598439542,1,0.2914638270775586,2,4,0,13.24,-5.34,0.16,12.24,1.8338958859158032,59.26096334866657,dfl,DFL-MAT-J03WR9,18242100000496,0,0.0245,openPlay,rightLeg,0,0,dribblingMore10m,run,,24.55366666666667,,1,25.1,15.3
25.4495520589263,12.625971200641706,16.46,0.0,0.0,0.0,0.0,22,11,1,0,1,1,0.6545991139621212,1,0.5611611539147207,4.010049875001558,21.448841460554455,1,0.2511006867705791,1,3,0,18.03,-4.16,0.12,17.76,2.615946118295022,56.31216419646398,dfl,DFL-MAT-J03WR9,18242100000567,0,0.019,openPlay,leftLeg,0,0,dribblingMore10m,passOpenPlay,,28.407716666666666,,1,25.45,12.63
19.00223671045069,20.065949189931043,7.75,0.768595041322314,1.0,15.422589046806504,0.23140495867768596,22,11,1,0,1,1,1.7240939649566709,0,40.0,12.607434314720816,6.520153372429207,1,1.035509677088603,0,1,0,23.22,-4.6,0.13,13.7,2.141036876535678,4.1509519307195495,dfl,DFL-MAT-J03WR9,18242100000653,0,0.3421,openPlay,rightLeg,0,0,dribblingLess10m,lossOfPossession,,33.66356666666667,,1,19.0,20.07
33.417697407212245,10.817101232540818,16.950000000000003,0.19834710743801653,0.19834710743801653,2.145540740338675,0.0,22,11,1,2,0,1,4.098902292077721,2,8.988859894792459,3.6685964618638525,29.794833444743404,1,0.54523505249251,0,2,0,13.41,-3.59,0.43,37.63,0.9438778927161801,43.82538033725498,dfl,DFL-MAT-J03WR9,18242100000680,0,0.0237,openPlay,rightLeg,0,0,volley,throwIn,,35.882083333333334,,1,33.42,10.82
24.893714066004698,15.397010953397835,9.969999999999999,0.19008264462809918,0.19008264462809918,2.926704561389671,0.0,22,11,1,2,1,1,2.8671414335536283,3,2.8600593632281,2.8937346111901743,22.01933014421648,1,0.3142038178498031,6,8,0,14.58,-1.35,0.69,0.0,7.071271574194339,13.08882489099537,dfl,DFL-MAT-J03WR9,18242100000699,0,0.0186,openPlay,rightLeg,0,0,direct,cornerKick,,37.38373333333333,,1,24.89,15.4
20.846930229652518,15.687080680394999,13.170000000000002,0.23140495867768596,0.23140495867768596,3.6300682566203304,0.0,22,11,1,1,0,2,4.285335459447725,2,4.319489680639702,2.877168747223561,18.092053504232183,1,0.7729579282171677,2,6,1,5.8,-4.34,0.0,20.67,2.781934363127469,2.146318578811897,dfl,DFL-MAT-J03WR9,18242100000746,0,0.0221,openPlay,rightLeg,0,0,direct,crossOpenPlay,,56.43111666666667,,-1,20.85,15.69
19.357381021202215,17.949671832773454,10.909999999999997,0.8429752066115702,1.0,15.131128321842084,0.15702479338842978,22,11,1,0,0,0,5.893742444321769,1,5.71533927439988,1.8853381659532598,17.47921336902779,1,0.15610066241349127,3,4,1,11.56,-3.84,0.37,26.32,2.33640698262186,33.303200564295345,dfl,DFL-MAT-J03WR9,18242100000750,0,0.0617,openPlay,rightLeg,0,0,direct,passOpenPlay,,56.6536,,-1,19.36,17.95
19.345348278074493,21.401107493130574,0.990000000000002,0.8429752066115702,1.0,18.04060301073817,0.15702479338842978,22,11,1,0,1,2,2.1162466774929696,1,2.525211709699031,4.415993659415734,14.95982954448345,1,0.45538079094623485,2,4,0,12.11,-3.44,0.0,26.3,4.527799097514374,2.9333981791873236,dfl,DFL-MAT-J03WR9,18242100000756,0,0.1443,openPlay,rightLeg,0,0,direct,passOpenPlay,,57.25963333333333,,-1,19.35,21.4
26.641321288554742,15.59929518409638,2.0799999999999983,0.256198347107438,0.256198347107438,3.9965136422065104,0.0,22,11,1,1,1,1,2.0330518930907897,2,1.995876984631524,3.2946168214224865,23.34719040912632,1,0.05297034575407204,0,1,0,9.65,-4.65,0.14,9.84,1.787084357212381,91.56435577212626,dfl,DFL-MAT-J03WR9,18242100000767,0,0.0224,openPlay,leftLeg,0,0,dribblingLess10m,passOpenPlay,,58.062149999999995,,1,26.64,15.6
7.216037693914853,43.07535868577042,5.260000000000002,0.8347107438016529,0.8347107438016529,35.95546468812241,0.0,22,11,1,1,2,3,0.432781700167656,2,1.0506042681003607,1.2899612397277687,6.220032154257726,1,0.7596412647099318,4,10,1,2.31,1.12,2.12,56.92,0.6506033010419403,84.52192031480669,dfl,DFL-MAT-J03WR9,18242100000805,1,0.116,openPlay,head,1,0,volley,cornerKick,,60.63243333333333,,-1,7.22,43.08
15.316034081967826,26.824938623085256,1.0499999999999972,0.5289256198347108,0.6694214876033058,14.188397288243442,0.14049586776859502,22,11,1,1,2,2,2.0619408332927485,1,2.679342431622968,1.8940168953839829,13.425066107844689,1,0.10057433874566371,3,7,1,3.61,-0.8,0.17,6.29,2.650143393913283,13.240970401107708,dfl,DFL-MAT-J03WR9,18242100000840,0,0.0663,openPlay,rightLeg,0,0,controlShot,passOpenPlay,,64.01984999999999,,0,15.32,26.82
11.580211569742588,33.174069770570135,4.230000000000004,0.4132231404958678,0.5702479338842975,13.708293293624022,0.15702479338842973,22,11,1,0,2,2,0.6800000000000044,1,0.517054456556277,3.4156844116516374,8.532959627233684,1,1.3206062694016805,1,5,1,13.14,-1.54,1.03,50.46,-0.6545239404424864,31.3611007267154,dfl,DFL-MAT-J03WR9,18242100000950,0,0.0398,openPlay,head,1,0,volley,passOpenPlay,,71.53173333333334,,0,11.58,33.17
26.905845089868482,13.993626321690101,11.780000000000001,0.5950413223140496,0.7355371900826446,8.326785910427168,0.14049586776859502,22,11,1,1,0,1,3.068876015742564,2,2.9170315869228642,2.758115298532681,24.164538067176036,1,0.28812326742039834,5,4,0,13.92,-4.26,0.13,14.98,1.2035327007080454,54.904756078778384,dfl,DFL-MAT-J03WR9,18242100001031,0,0.0213,openPlay,rightLeg,0,0,dribblingMore10m,lossOfPossession,,76.62738333333333,,0,26.91,13.99
14.608032037204742,23.974342853866315,8.11,0.5289256198347108,0.6859504132231405,12.680644154111109,0.15702479338842978,22,11,1,0,2,3,2.1899999999999973,1,2.1137344114086707,1.7121331723905135,12.946814279968647,1,0.39011414990642784,3,8,1,6.58,-1.41,0.0,19.59,1.0847497860353386,171.65063233486796,dfl,DFL-MAT-J03WR9,18242100001126,0,0.0243,openPlay,leftLeg,0,0,controlShot,crossOpenPlay,,82.96616666666667,,0,14.61,23.97
10.170924245121478,37.412514054265806,3.8599999999999994,0.0,0.0,0.0,0.0,22,11,1,0,3,4,0.43046486500062464,2,0.3902398547412094,1.2143310915891157,8.959268943390406,1,0.07561751336108098,3,7,1,3.27,0.85,3.37,40.44,1.166028043848645,27.52688759280345,dfl,DFL-MAT-J03WR9,18242100001156,0,0.0132,openPlay,head,1,0,volley,freeKick,,85.06846666666667,,0,10.17,37.41
29.771160541705456,13.450051122569494,8.54,0.35537190082644626,0.4793388429752066,4.779770233640399,0.12396694214876036,22,11,1,2,0,0,8.55909457828338,2,8.549031860664567,1.3668211294825694,28.6378944756768,1,0.7493896641599309,4,4,0,13.79,-3.11,0.15,38.89,3.013756524933075,43.16295415186536,dfl,DFL-MAT-J03WR9,18242100001163,0,0.0433,FreeKick,leftLeg,0,1,setPiece,freeKick,,86.40166666666667,,0,29.77,13.45
20.32108510882231,20.372878975535787,1.4399999999999977,0.5867768595041323,0.7272727272727273,11.954333944322652,0.14049586776859502,22,11,1,1,2,3,0.7224956747275397,3,0.5170590026926476,3.781904282236663,16.54274765569492,1,0.1481613793691027,1,2,0,13.67,-1.51,0.43,13.99,1.3722380204140057,5.345701730140686,dfl,DFL-MAT-J03WR9,18242100001288,0,0.0324,openPlay,leftLeg,0,0,dribblingMore10m,lossOfPossession,,95.93101666666666,,0,20.32,20.37
14.548085784734706,27.800814081994275,2.780000000000001,0.6198347107438017,0.7520661157024794,17.23190955495513,0.1322314049586777,22,11,1,0,0,2,3.7700530500246248,2,3.6368358547567348,2.1664025480044087,12.947667743651756,1,1.375521171383095,5,7,1,8.12,-3.71,0.83,22.4,0.9127071667560102,132.1524152238335,dfl,DFL-MAT-J03WR9,18242100001300,0,0.1023,openPlay,leftLeg,0,0,volley,freeKick,,97.31223333333334,,0,14.55,27.8
8.991073350829703,38.65636851351719,5.149999999999999,0.049586776859504134,0.049586776859504134,1.9168447196785383,0.0,22,11,1,0,3,5,0.5600000000000023,2,0.4590330696856297,2.2146105752479417,6.901311469568663,1,0.6415585520128914,5,8,1,11.34,-0.5,2.41,43.71,2.6266926861919067,98.55700426524359,dfl,DFL-MAT-J03WR9,18242100001303,0,0.0171,openPlay,rightLeg,0,0,volley,cornerKick,,97.60143333333333,,0,8.99,38.66
10.333271505191373,38.99897653672315,0.259999999999998,0.0,0.0,0.0,0.0,22,11,1,1,3,3,0.487647413609462,1,0.47312218570312725,2.008108562802325,8.4390165303784,1,0.6019874728806694,3,6,1,7.15,0.48,1.74,63.34,1.7312496017230525,37.46916991398743,dfl,DFL-MAT-J03WR9,18242100001324,0,0.0314,openPlay,head,1,0,volley,crossOpenPlay,,101.74176666666668,,0,10.33,39.0
