shot_id,MatchId,goal,xG,open_frac,open_frac_nogk,open_angle,gk_block_share,def_closing,orient,n_corridor,d_corridor,score_diff,minute,ball_z
18226500000041,DFL-MAT-J03WMX,0,0.0476,0.8512396694214877,1.0,18.187953627616317,0.14876033057851235,2.396311230454282,131.90108486400757,1,3.0428857687183246,0,0.0,0.66
18226500000187,DFL-MAT-J03WMX,1,0.0399,0.38016528925619836,0.47107438016528924,5.902137953853207,0.09090909090909088,4.7717670729735415,35.24582397372928,1,1.4881246497315226,0,6.123900000000001,0.12
18226500000282,DFL-MAT-J03WMX,0,0.0847,1.0,1.0,30.776498654647668,0.0,1.141146792059051,13.42405621070732,0,40.0,-1,10.477233333333334,0.29
18226500000365,DFL-MAT-J03WMX,0,0.0448,0.0,0.0,0.0,0.0,1.4820775974073417,130.19707218392202,1,1.472755071181103,1,15.043333333333333,0.0
18226500000396,DFL-MAT-J03WMX,0,0.1542,0.0,0.0,0.0,0.0,3.0860218811038393,11.882332073734528,2,0.5201434623451864,1,16.81745,2.01
18226500000482,DFL-MAT-J03WMX,0,0.104,0.8512396694214877,1.0,25.346237068635688,0.14876033057851235,2.5687566226823395,12.19222855457668,2,0.2518911424677821,-1,20.835233333333335,0.08
18226500000536,DFL-MAT-J03WMX,0,0.0202,0.45454545454545453,0.6198347107438017,5.475567371764018,0.16528925619834717,1.1758438374527795,61.3177426778828,3,1.2106268256581834,-1,24.872700000000002,0.17
18226500000602,DFL-MAT-J03WMX,0,0.0155,0.04132231404958678,0.04132231404958678,1.1436177393346338,0.0,0.3066807700431498,39.4471943379676,1,1.0801253488511258,-1,28.777449999999998,1.92
18226500000848,DFL-MAT-J03WMX,0,0.0713,0.4297520661157025,0.4793388429752066,6.654158881470247,0.049586776859504134,6.006043883701999,24.170211032527607,2,5.711227495279359,1,41.69625,1.6
18226500001065,DFL-MAT-J03WMX,0,0.0188,0.2892561983471074,0.32231404958677684,4.321184911181347,0.03305785123966942,2.483792774056603,100.67095200247228,3,2.6237375601728656,-1,74.42741666666667,0.09
18226500001126,DFL-MAT-J03WMX,0,0.0258,0.4297520661157025,0.5702479338842975,12.445501773337083,0.14049586776859502,1.361753275891327,100.45311487702799,4,1.7458367007028983,-1,78.26528333333334,1.84
18226500001292,DFL-MAT-J03WMX,0,0.0466,0.2809917355371901,0.33884297520661155,11.4059630191525,0.05785123966942146,0.9935389065793908,14.40582816645073,4,0.3982853918021825,1,87.1799,1.94
18226500001277,DFL-MAT-J03WMX,0,0.0815,0.15702479338842976,0.19834710743801653,3.955781279530861,0.04132231404958678,0.5644384125577507,85.19023460637234,3,2.525274399371642,1,87.8936,0.09
18226500001279,DFL-MAT-J03WMX,0,0.0544,0.0,1.0,0.0,1.0,1.3683544084025154,33.92130284570826,1,0.6007176548339886,1,87.95323333333334,1.67
18226500001344,DFL-MAT-J03WMX,0,0.2451,0.33884297520661155,0.33884297520661155,17.068555353436786,0.0,2.4856997988635854,8.910648025214169,1,1.4767867588180001,-1,92.50723333333333,0.15
18226500001347,DFL-MAT-J03WMX,0,0.0577,0.7024793388429752,1.0,10.286424228786556,0.2975206611570248,-0.08773339633451623,37.32852014483638,1,0.6387626623120644,1,92.8749,0.2
18226500001392,DFL-MAT-J03WMX,0,0.1118,0.6033057851239669,0.7851239669421488,15.253114372836182,0.18181818181818188,3.6804257134701057,53.373701482733395,2,1.7538730492196355,1,95.19646666666667,0.11
18226500001554,DFL-MAT-J03WMX,1,0.0498,0.5041322314049587,0.512396694214876,9.602340930653241,0.008264462809917328,1.7719608757548542,61.64572478486504,4,0.5115057647254806,1,107.0679,0.0
18226900000020,DFL-MAT-J03WN1,0,0.0354,0.0,0.0,0.0,0.0,3.8990890554441164,26.059618850077843,2,1.123633437227622,0,0.0,0.0
18226900000023,DFL-MAT-J03WN1,0,0.0426,0.8181818181818182,1.0,17.1336275246339,0.18181818181818177,4.366350310481138,31.437096473811806,2,2.389453010517535,0,0.08348333333333334,0.53
18226900000027,DFL-MAT-J03WN1,0,0.0785,0.6859504132231405,0.6859504132231405,21.983663316889462,0.0,0.4298613680305506,129.4126408680914,2,2.376228150648266,0,0.9612999999999999,0.0
18226900000033,DFL-MAT-J03WN1,0,0.0239,0.7272727272727273,0.9008264462809917,10.123592953312462,0.17355371900826444,3.3384100124953613,31.533670788316844,1,2.4661266371122412,0,1.19075,0.0
18226900000272,DFL-MAT-J03WN1,1,0.8438,0.8099173553719008,1.0,38.923215501469166,0.1900826446280992,0.0009373375126979037,32.650990803659425,1,1.0168411101847705,0,17.186933333333332,0.76
18226900000281,DFL-MAT-J03WN1,0,0.0405,0.256198347107438,0.4132231404958678,3.613616942289278,0.15702479338842978,1.0364475155767676,46.97605453967771,1,5.132607769814472,1,18.6774,0.0
18226900000325,DFL-MAT-J03WN1,0,0.0448,0.5454545454545454,0.5867768595041323,15.705443874788799,0.04132231404958686,2.7647108613083833,98.99355919047089,3,0.9229124963149655,-1,21.820266666666665,0.12
18226900000380,DFL-MAT-J03WN1,0,0.0593,0.7024793388429752,0.7768595041322314,13.6737535308235,0.07438016528925617,3.8931599791044746,18.790733038234624,1,11.042926672937659,-1,25.924483333333335,0.07
18226900000439,DFL-MAT-J03WN1,0,0.012,0.0,0.0,0.0,0.0,0.48209675791621304,0.7263225200237479,3,0.2836817226453675,1,29.569383333333334,2.94
18226900000449,DFL-MAT-J03WN1,0,0.1869,0.7107438016528925,1.0,12.246237558734927,0.2892561983471075,-0.22764499655945922,44.1449562935896,1,0.8443451049618782,1,30.389866666666666,0.0
18226900000478,DFL-MAT-J03WN1,1,0.1542,0.8429752066115702,1.0,26.39022647499086,0.15702479338842978,1.9522713274270658,26.75444504672419,0,40.0,1,32.75693333333333,0.0
18226900000500,DFL-MAT-J03WN1,0,0.0199,0.0,0.0,0.0,0.0,3.0558514952500846,45.999727781214986,1,2.7177271416386355,-2,34.755,0.17
18226900000623,DFL-MAT-J03WN1,0,0.019,0.8429752066115702,1.0,10.785374203269333,0.15702479338842978,3.195887711479221,56.68261042251826,1,1.531331619754435,2,41.55045,0.0
18226900000659,DFL-MAT-J03WN1,0,0.0379,0.6115702479338843,0.7520661157024794,10.083722088568942,0.14049586776859513,3.3326940521262345,99.02369153485654,2,3.309228069633081,2,44.06353333333333,0.11
18226900000769,DFL-MAT-J03WN1,0,0.0358,0.2892561983471074,1.0,1.4405333001428426,0.7107438016528926,-0.514630691088796,98.5009830184636,1,0.8758976062473097,-2,68.14671666666666,2.0
18226900000878,DFL-MAT-J03WN1,0,0.1065,0.09090909090909091,0.09090909090909091,1.8984443569324219,0.0,1.793048017982403,54.43208362515406,7,8.242009475273573,-2,77.40786666666666,0.14
18226900000899,DFL-MAT-J03WN1,0,0.2279,0.7355371900826446,1.0,18.944625706415547,0.2644628099173554,2.5193651945435733,3.932011605199988,1,2.3170991545039956,-2,78.67528333333333,0.03
18226900000951,DFL-MAT-J03WN1,0,0.1041,0.7603305785123967,1.0,17.036498215200005,0.23966942148760328,-0.43288111884831043,14.687578170660593,1,0.7751154463049581,-2,82.39865,0.0
18226900001121,DFL-MAT-J03WN1,0,0.2427,0.6776859504132231,0.6776859504132231,23.222810805800016,0.0,0.8457308374853048,13.533551419955826,1,4.061290158106463,2,96.02261666666666,0.0
18226900001209,DFL-MAT-J03WN1,1,0.1896,0.7851239669421488,1.0,15.131637272340374,0.2148760330578512,2.3410211033688224,28.82149602395156,0,40.0,2,102.2736,0.93
18226900001233,DFL-MAT-J03WN1,0,0.0679,0.7933884297520661,1.0,13.594746902357143,0.20661157024793386,0.640554325755005,33.415666838232156,1,0.02085451932314164,3,106.35178333333333,0.0
18232100000016,DFL-MAT-J03WOH,0,0.0325,0.34710743801652894,0.4462809917355372,9.563477564528782,0.09917355371900827,0.4077245268512503,153.24352087991772,2,2.18409186549029,0,0.0,2.05
18232100000022,DFL-MAT-J03WOH,0,0.0897,0.38016528925619836,0.5206611570247934,14.745282157352936,0.14049586776859507,0.1308336996731574,171.9853808459399,4,0.07942585325966389,0,0.624,0.08
18232100000067,DFL-MAT-J03WOH,0,0.1467,0.1487603305785124,0.1487603305785124,3.0036166039087435,0.0,0.6938971590813363,55.298337720855415,1,2.943535098720343,0,4.061466666666666,0.11
18232100000117,DFL-MAT-J03WOH,0,0.0246,0.4462809917355372,0.6115702479338843,6.404637980468549,0.16528925619834706,2.034537003326419,5.770938124063583,2,1.4412108280902816,0,8.3058,0.11
18232100000253,DFL-MAT-J03WOH,0,0.0607,0.8429752066115702,1.0,37.619218945123976,0.15702479338842978,2.0717532318848195,2.0039699939696503,2,0.043296488758105434,0,16.237916666666667,1.96
18232100000298,DFL-MAT-J03WOH,0,0.066,0.7024793388429752,0.8347107438016529,20.168418202609214,0.1322314049586777,3.199131425112334,50.66555017342321,2,1.2904372328861353,0,19.216783333333336,2.44
18232100000402,DFL-MAT-J03WOH,0,0.0192,0.0,0.0,0.0,0.0,2.014726708213229,81.5473487991577,2,1.175944198417258,0,25.626466666666666,0.15
18232100000445,DFL-MAT-J03WOH,0,0.1649,0.8429752066115702,1.0,18.986904337873522,0.15702479338842978,2.833575574924845,34.54531983100496,0,40.0,0,27.983166666666666,0.16
18232100000478,DFL-MAT-J03WOH,0,0.0279,0.0,0.0,0.0,0.0,0.9905525485219348,53.65030501047699,1,1.4271367594285902,0,30.10533333333333,0.14
18232100000487,DFL-MAT-J03WOH,0,0.0864,0.859504132231405,1.0,34.2062538030636,0.14049586776859502,1.23287633521865,68.46782146957737,2,0.49758627302071456,0,31.0308,2.33
18232100000533,DFL-MAT-J03WOH,0,0.0368,0.8264462809917356,0.9586776859504132,17.09713492689756,0.1322314049586777,2.5717388487381165,99.74660107429995,2,1.3148983732153252,0,34.95581666666667,0.12
18232100000570,DFL-MAT-J03WOH,0,0.0119,0.0,0.0,0.0,0.0,0.5509255034695418,175.96660870446564,3,0.6489990303002087,0,37.2393,2.53
18232100000606,DFL-MAT-J03WOH,0,0.0152,0.8677685950413223,1.0,12.82861699936043,0.1322314049586777,3.514129945146088,32.45536417023482,1,2.4950241286948214,0,38.71145,0.29
18232100000680,DFL-MAT-J03WOH,0,0.022,0.0,0.0,0.0,0.0,0.4217329322844538,103.97621719975292,1,0.5656171079763953,0,43.653666666666666,3.49
18232100000853,DFL-MAT-J03WOH,0,0.016,0.5702479338842975,0.6942148760330579,7.0310238131749045,0.12396694214876036,1.8630250219912436,42.71533208667262,1,13.137996102162878,0,69.42856666666667,0.2
18232100000915,DFL-MAT-J03WOH,0,0.0363,0.0,0.0,0.0,0.0,-0.5034976309190764,87.5521789739526,1,1.830624769144988,0,72.5054,0.13
18232100000968,DFL-MAT-J03WOH,1,0.0844,0.2892561983471074,0.2892561983471074,6.378643218042492,0.0,2.417649321598526,65.78127211688646,2,1.8146166274202993,0,75.42866666666667,0.12
18232100001006,DFL-MAT-J03WOH,0,0.0227,0.0,0.0,0.0,0.0,1.1961878089443319,35.949380568693556,1,0.5713195002066085,-1,82.35088333333333,0.19
18232100001062,DFL-MAT-J03WOH,0,0.0152,0.628099173553719,0.628099173553719,8.66988452988311,0.0,1.9662468297205213,75.97953171869398,1,9.70581215450803,1,86.11733333333333,0.21
18232100001165,DFL-MAT-J03WOH,1,0.1548,0.6115702479338843,1.0,16.80264238623228,0.38842975206611574,-0.7616661194350658,46.75065996850556,1,0.02977266388433142,1,93.50333333333333,0.33
18232100001191,DFL-MAT-J03WOH,0,0.0169,0.3305785123966942,0.3305785123966942,4.950440617404989,0.0,5.483441499917269,35.4987479387889,3,4.8199820882303355,-2,96.7163,0.13
18232100001245,DFL-MAT-J03WOH,1,0.8492,0.4628099173553719,1.0,21.58421536001444,0.5371900826446281,2.39022782004739,19.206136024036866,1,2.830655763303292,2,100.56466666666667,0.16
18233800000127,DFL-MAT-J03WOY,0,0.0543,0.8512396694214877,1.0,6.902339137209379,0.14876033057851235,2.1584713819868795,18.84464508059337,1,0.198733729423613,0,0.0,0.15
18233800000186,DFL-MAT-J03WOY,1,0.223,0.7851239669421488,1.0,15.076325736677992,0.2148760330578512,-0.19377702979861025,47.254233060149446,0,40.0,0,3.8236166666666667,1.38
18233800000273,DFL-MAT-J03WOY,0,0.1752,0.8099173553719008,1.0,21.68241918196105,0.1900826446280992,2.4161597467994302,41.719768459271464,1,1.0559088743265346,1,10.668333333333333,0.44
18233800000443,DFL-MAT-J03WOY,1,0.449,0.7272727272727273,1.0,22.209527917006035,0.2727272727272727,0.9744179012402633,18.14843039584565,0,40.0,1,20.85095,0.14
18233800000484,DFL-MAT-J03WOY,0,0.0206,0.7933884297520661,1.0,13.73488673092186,0.20661157024793386,-0.7491438236515656,149.89087609912474,1,3.4205487976173186,2,23.518966666666664,1.55
18233800000694,DFL-MAT-J03WOY,0,0.03,0.0,0.0,0.0,0.0,1.5607174846069718,105.6725393342732,2,0.287049829442743,-2,39.28028333333334,2.1
18233800000701,DFL-MAT-J03WOY,0,0.0206,0.8181818181818182,1.0,19.986255001837733,0.18181818181818177,0.9519936783373355,146.71340946713508,2,0.6179392388124976,-2,39.7391,2.25
18233800000878,DFL-MAT-J03WOY,0,0.0173,0.5289256198347108,0.6528925619834711,7.580086657446414,0.12396694214876036,2.895689135264068,54.43534603778635,3,0.12143338419561113,-2,65.49386666666666,0.17
18233800000897,DFL-MAT-J03WOY,0,0.2743,0.8347107438016529,1.0,31.108660619516957,0.1652892561983471,-0.45578154896878553,89.12657096261704,1,1.0635339502306689,2,66.84546666666667,0.09
18233800000971,DFL-MAT-J03WOY,1,0.1451,0.14049586776859505,0.14049586776859505,6.029474921259013,0.0,1.52518951512716,24.52428780961404,2,0.444267727763294,-2,71.43495,1.74
18233800001002,DFL-MAT-J03WOY,0,0.0704,0.8347107438016529,1.0,17.53960389751718,0.1652892561983471,1.803050923858354,21.840560826774706,1,0.6160717371477734,1,73.4715,0.23
18233800001023,DFL-MAT-J03WOY,0,0.0247,0.8099173553719008,1.0,8.14485982618982,0.1900826446280992,5.750345644070087,17.17572882159367,1,4.359820534100546,1,75.20936666666667,0.11
18233800001057,DFL-MAT-J03WOY,0,0.0198,0.4214876033057851,0.512396694214876,5.108329108140024,0.09090909090909088,1.4477365416127084,66.07572498361645,2,0.9989521762898045,1,77.09581666666666,0.0
18233800001164,DFL-MAT-J03WOY,0,0.0191,0.48760330578512395,0.628099173553719,8.63391282820508,0.14049586776859507,2.123414263396963,19.525014272743782,3,1.8058432138130756,-1,84.91546666666666,0.15
18233800001217,DFL-MAT-J03WOY,1,0.2686,0.71900826446281,1.0,18.336933040961142,0.28099173553719003,1.2637047355899398,43.63884018697521,1,1.8234484488302083,1,88.25295,0.14
18233800001240,DFL-MAT-J03WOY,0,0.0272,0.0,0.0,0.0,0.0,0.7992185373997333,17.717107558337844,2,0.18833334981372424,-2,90.80298333333333,2.19
18233800001256,DFL-MAT-J03WOY,0,0.0765,0.48760330578512395,0.6363636363636364,9.694193744726107,0.1487603305785124,0.3221510437135195,36.74925784436273,1,2.3407079846072856,2,91.68191666666667,0.27
18233800001287,DFL-MAT-J03WOY,0,0.0202,0.7851239669421488,0.9173553719008265,9.253953176598353,0.1322314049586777,3.2273407583626827,39.49928546271518,2,0.2711104275859269,-2,93.98939999999999,0.19
18233800001334,DFL-MAT-J03WOY,0,0.0717,0.371900826446281,0.371900826446281,5.355307772084213,0.0,2.541980147007088,45.35047876099542,2,9.900469865716689,-2,98.48371666666667,0.21
18233800001353,DFL-MAT-J03WOY,0,0.467,0.6198347107438017,1.0,18.136752111281787,0.3801652892561983,1.0330853899924908,17.953076156586313,0,40.0,2,99.59878333333333,0.3
18233800001371,DFL-MAT-J03WOY,0,0.0211,0.2727272727272727,0.2809917355371901,6.508050850665786,0.008264462809917383,3.468175923235689,27.23509731144607,2,0.3155414641624954,-2,100.42451666666666,3.52
18237400000209,DFL-MAT-J03WPY,0,0.1432,0.6446280991735537,0.6446280991735537,21.774409613307313,0.0,3.079376164020006,70.19665124993541,1,1.7503031978297714,0,0.0,0.1
18237400000279,DFL-MAT-J03WPY,0,0.0934,0.6776859504132231,0.7768595041322314,16.805180020525352,0.09917355371900827,3.6733780407498693,129.75330178645385,1,1.8001001567383623,0,3.9192166666666663,0.16
18237400000283,DFL-MAT-J03WPY,0,0.0554,0.03305785123966942,0.03305785123966942,0.7858025214951226,0.0,-1.3775507558806188,132.31198723880323,4,2.148679105688133,0,4.5520499999999995,0.51
18237400000357,DFL-MAT-J03WPY,0,0.0289,0.4132231404958678,0.6528925619834711,4.926530668233859,0.23966942148760334,0.5231271657201142,27.459863676387506,1,1.2012499548191489,0,8.734066666666667,0.08
18237400000369,DFL-MAT-J03WPY,0,0.0205,0.8677685950413223,1.0,9.145228943746428,0.1322314049586777,1.55124562589845,29.94057150885655,1,1.8790830844382178,0,9.674466666666666,0.16
18237400000411,DFL-MAT-J03WPY,0,0.0171,0.2231404958677686,0.2231404958677686,3.1448408668908368,0.0,3.992473675135612,52.394496397635464,2,2.9126097865255973,0,12.30355,0.1
18237400000414,DFL-MAT-J03WPY,0,0.0915,0.7603305785123967,0.9008264462809917,26.216926390718438,0.14049586776859502,4.309546162938097,26.17600284525324,2,1.364448082051109,0,12.394499999999999,0.05
18237400000433,DFL-MAT-J03WPY,0,0.0291,0.5454545454545454,0.6859504132231405,8.447929432422288,0.14049586776859513,3.346716207873279,35.36246188706907,2,3.6162061692917273,0,13.356233333333334,0.13
18237400000500,DFL-MAT-J03WPY,0,0.0198,0.0,0.0,0.0,0.0,2.46482106615954,58.89078937919597,2,1.595246223035109,0,16.857583333333334,0.2
18237400000677,DFL-MAT-J03WPY,0,0.1423,0.8016528925619835,1.0,17.633106594092823,0.19834710743801653,3.5315676342146123,26.832687188768944,1,3.0877832448387466,0,28.177016666666667,0.0
18237400000708,DFL-MAT-J03WPY,0,0.1235,0.8512396694214877,1.0,19.648360238497794,0.14876033057851235,1.3001353523933235,38.1540728954362,1,1.317935939121372,0,29.857416666666666,0.13
18237400000759,DFL-MAT-J03WPY,0,0.1118,0.2231404958677686,1.0,3.4982534532720275,0.7768595041322314,-0.06556671886123218,51.327560014192926,2,0.3195217173107735,0,33.10771666666667,0.18
18237400000797,DFL-MAT-J03WPY,1,0.5674,0.8842975206611571,1.0,33.42378922145738,0.11570247933884292,1.7602806661988402,14.143123116329141,0,40.0,0,50.97546666666666,0.76
18237400000832,DFL-MAT-J03WPY,0,0.0739,0.19834710743801653,0.19834710743801653,4.739001305845427,0.0,1.6880236381606764,94.06092325869672,5,2.673806465214821,1,53.928016666666664,0.33
18237400000860,DFL-MAT-J03WPY,0,0.082,0.6859504132231405,1.0,9.937809557599612,0.31404958677685946,1.1566322843340469,51.43373604126204,0,40.0,-1,57.01485,0.0
18237400000929,DFL-MAT-J03WPY,0,0.0468,0.8512396694214877,1.0,13.657235725416209,0.14876033057851235,-0.45773064994024487,44.919597671294675,1,1.1551400463235453,-1,61.387550000000005,0.41
18237400001072,DFL-MAT-J03WPY,0,0.0242,0.0,0.0,0.0,0.0,2.551631192477372,61.391023578101866,2,0.9042149906867205,-1,72.48923333333333,0.22
18237400001144,DFL-MAT-J03WPY,0,0.1255,0.8429752066115702,1.0,20.111457298459833,0.15702479338842978,2.731230329990986,58.22429884796727,1,2.2691138145921697,1,79.41636666666666,0.28
18237400001163,DFL-MAT-J03WPY,0,0.0387,0.8347107438016529,1.0,9.332343036998886,0.1652892561983471,0.13449796205937994,22.789193280324934,1,3.0868907454019823,-1,81.45278333333334,0.41
18237400001175,DFL-MAT-J03WPY,0,0.0525,0.8677685950413223,1.0,27.159018908241933,0.1322314049586777,1.6088366907026967,15.054548880455757,1,0.42635576669724945,-1,82.47876666666666,2.6
18237400001394,DFL-MAT-J03WPY,0,0.0353,0.47107438016528924,0.6198347107438017,7.673557098581457,0.14876033057851246,0.062130408457412356,50.25493541569349,2,1.5825122452455629,-1,96.29943333333334,0.24
18237400001400,DFL-MAT-J03WPY,0,0.0718,0.49586776859504134,0.49586776859504134,10.164556032028566,0.0,5.142550584520286,11.292161012210542,2,5.7584952886604235,-1,96.6993,0.41
18237400001417,DFL-MAT-J03WPY,0,0.089,0.4297520661157025,0.4297520661157025,7.645361000350626,0.0,0.8909988348120413,59.165753760811285,1,4.809420027472131,1,97.96798333333332,0.0
18237400001436,DFL-MAT-J03WPY,0,0.0923,0.05785123966942149,0.05785123966942149,1.2068444759043557,0.0,5.372935747339997,21.43716190361896,2,2.0992545604039137,-1,99.19958333333334,0.92
18240200000048,DFL-MAT-J03WQQ,0,0.0251,0.8016528925619835,1.0,9.461705841671026,0.19834710743801653,2.4679587173469826,84.98290893256116,1,2.8442276531342996,0,0.0,0.1
18240200000164,DFL-MAT-J03WQQ,0,0.0375,0.0,0.0,0.0,0.0,3.9357281153553454,62.96903045390824,2,1.741819062019245,0,5.0770333333333335,0.32
18240200000195,DFL-MAT-J03WQQ,0,0.1666,1.0,1.0,18.581766600614355,0.0,0.36593683184706105,115.4041108858217,0,40.0,0,7.191716666666666,0.0
18240200000220,DFL-MAT-J03WQQ,0,0.2479,0.8512396694214877,1.0,36.31863052976223,0.14876033057851235,2.466432767231436,54.780537002717416,1,1.6680571819168666,0,8.588516666666667,1.51
18240200000224,DFL-MAT-J03WQQ,0,0.0298,0.33884297520661155,0.4628099173553719,11.70801178120489,0.12396694214876036,0.3327789620855878,20.102907683505254,3,0.13408825985631695,0,9.226949999999999,2.33
18240200000248,DFL-MAT-J03WQQ,0,0.2628,0.0,0.0,0.0,0.0,1.0299383095227752,66.72748868380143,1,0.5031284810014708,0,10.3455,2.24
18240200000251,DFL-MAT-J03WQQ,0,0.0616,0.512396694214876,0.6528925619834711,12.392062278715532,0.14049586776859513,5.853861692526834,55.33778078114303,3,2.6681674522248224,0,10.888566666666666,0.25
18240200000330,DFL-MAT-J03WQQ,0,0.0245,0.0,0.0,0.0,0.0,1.052961079541719,81.26146199971092,2,0.6078215905435816,0,16.4133,3.47
18240200000386,DFL-MAT-J03WQQ,1,0.0482,0.7768595041322314,1.0,10.199053556544467,0.22314049586776863,-1.2304527924350495,61.333784596817466,1,1.750749278131074,0,19.154600000000002,0.25
18240200000419,DFL-MAT-J03WQQ,0,0.171,0.6776859504132231,1.0,13.06961219509095,0.3223140495867769,3.506777277568227,49.41716618796082,0,40.0,-1,21.2211,1.06
18240200000656,DFL-MAT-J03WQQ,0,0.1153,0.5454545454545454,1.0,8.95963730621861,0.4545454545454546,-1.6936043852006322,113.14752256768529,1,3.3782160428740204,-1,34.732366666666664,0.43
18240200000706,DFL-MAT-J03WQQ,0,0.2213,0.7024793388429752,1.0,12.735484361151258,0.2975206611570248,3.404047845578814,13.210972595239728,1,0.3958068617729043,1,37.46253333333333,0.09
18240200000758,DFL-MAT-J03WQQ,0,0.0365,0.4462809917355372,0.5454545454545454,8.345697500424867,0.09917355371900821,1.1012234612646525,46.19889469296983,3,0.045381788538155415,-1,40.79605,0.24
18240200000762,DFL-MAT-J03WQQ,0,0.0417,0.7520661157024794,1.0,9.9089061874121,0.2479338842975206,3.553585114794247,36.51529602235621,0,40.0,-1,40.85433333333334,0.13
18240200000801,DFL-MAT-J03WQQ,0,0.0324,0.6033057851239669,0.6033057851239669,11.335301557792667,0.0,4.157027548217832,1.9261841766602283,2,6.660883184703991,-1,43.287283333333335,0.26
18240200000922,DFL-MAT-J03WQQ,0,0.1204,0.5537190082644629,0.5537190082644629,14.301732695245393,0.0,5.290888439207527,50.728521766583455,1,4.364184020564907,1,65.72895,0.0
18240200000955,DFL-MAT-J03WQQ,0,0.0401,0.8429752066115702,1.0,14.359179982164845,0.15702479338842978,3.629376757369034,7.168501097663268,2,0.7957426827443026,-1,67.39151666666666,0.24
18240200001036,DFL-MAT-J03WQQ,0,0.047,0.0,0.0,0.0,0.0,1.765642957454806,60.94026844137554,3,0.3741565246963562,-1,72.12588333333333,2.8
18240200001060,DFL-MAT-J03WQQ,0,0.0563,0.17355371900826447,0.17355371900826447,2.4562814248883167,0.0,1.7284127066361457,49.75613148410429,4,8.668141751450648,1,76.85033333333334,0.0
18240200001066,DFL-MAT-J03WQQ,0,0.0861,0.2644628099173554,0.2644628099173554,6.477301093431174,0.0,4.624216740027719,62.53600827230547,3,2.9811616154280527,1,77.5454,0.75
18240200001075,DFL-MAT-J03WQQ,0,0.0264,0.6859504132231405,0.859504132231405,9.634318318998824,0.17355371900826444,4.4484326321236205,57.077764186722874,2,1.7861197662154669,1,78.19460000000001,0.16
18240200001089,DFL-MAT-J03WQQ,0,0.1405,0.6776859504132231,0.6859504132231405,27.484118968957134,0.008264462809917439,1.6841959015897492,62.946371712724854,1,3.3802207929275947,1,79.28075,2.11
18240200001210,DFL-MAT-J03WQQ,0,0.0439,0.47107438016528924,0.47107438016528924,7.997604546386601,0.0,4.033609861281334,58.43493559227328,1,5.688550098648439,-1,87.22676666666666,1.1
18240200001227,DFL-MAT-J03WQQ,0,0.1353,0.7107438016528925,0.8512396694214877,31.047852068584636,0.14049586776859513,2.3254967402764457,15.166870155682586,1,1.247797724866944,1,89.10676666666667,2.13
18240200001444,DFL-MAT-J03WQQ,0,0.0485,0.19834710743801653,0.19834710743801653,4.506306929397732,0.0,2.260726662146632,24.454124721595672,3,2.791694843306974,-1,100.93466666666667,0.12
18240200001463,DFL-MAT-J03WQQ,0,0.0226,0.5537190082644629,0.6942148760330579,7.441256191086826,0.14049586776859502,0.9144097302889428,33.33347700587398,1,3.7913573776652583,-1,102.09375,0.3
18240200001478,DFL-MAT-J03WQQ,0,0.046,0.371900826446281,0.371900826446281,9.762334821171171,0.0,2.4523479618605015,23.10862203844795,2,2.768814513664622,-1,103.0299,0.0
18242100000110,DFL-MAT-J03WR9,0,0.0823,0.14049586776859505,0.14049586776859505,6.664861409090635,0.0,-0.46928703654668635,8.485025791299375,1,0.2949045845364665,0,0.0,1.89
18242100000112,DFL-MAT-J03WR9,0,0.0525,0.0,0.0,0.0,0.0,3.514400815488225,22.625589537402032,3,1.7948221128341584,0,0.05893333333333333,0.4
18242100000118,DFL-MAT-J03WR9,0,0.2353,0.3305785123966942,0.3305785123966942,18.10847884673126,0.0,-0.4479683776945975,41.769897989708475,2,0.2258273713680413,0,0.5726833333333333,1.23
18242100000216,DFL-MAT-J03WR9,1,0.056,0.8347107438016529,1.0,19.655600590654686,0.1652892561983471,3.148887050701082,47.043312504687506,2,0.6361101305930975,0,6.829766666666667,0.22
18242100000263,DFL-MAT-J03WR9,0,0.0269,0.49586776859504134,0.628099173553719,6.951865826858475,0.1322314049586777,0.13907056852359792,67.52739357372886,1,9.518071486651609,1,10.041583333333334,0.15
18242100000296,DFL-MAT-J03WR9,0,0.0683,0.0,0.0,0.0,0.0,-0.18365237287480726,79.94589926014464,1,0.34814275141395856,-1,11.794,0.12
18242100000496,DFL-MAT-J03WR9,0,0.0245,0.5702479338842975,0.5702479338842975,8.72543902121814,0.0,1.8338958859158032,59.26096334866657,2,1.700810525500385,1,24.55366666666667,0.16
18242100000567,DFL-MAT-J03WR9,0,0.019,0.0,0.0,0.0,0.0,2.615946118295022,56.31216419646398,1,0.5611611539147207,1,28.407716666666666,0.12
18242100000653,DFL-MAT-J03WR9,0,0.3421,0.768595041322314,1.0,15.422589046806504,0.23140495867768596,2.141036876535678,4.1509519307195495,0,40.0,1,33.66356666666667,0.13
18242100000680,DFL-MAT-J03WR9,0,0.0237,0.19834710743801653,0.19834710743801653,2.145540740338675,0.0,0.9438778927161801,43.82538033725498,2,8.988859894792459,1,35.882083333333334,0.43
18242100000699,DFL-MAT-J03WR9,0,0.0186,0.19008264462809918,0.19008264462809918,2.926704561389671,0.0,7.071271574194339,13.08882489099537,3,2.8600593632281,1,37.38373333333333,0.69
18242100000746,DFL-MAT-J03WR9,0,0.0221,0.23140495867768596,0.23140495867768596,3.6300682566203304,0.0,2.781934363127469,2.146318578811897,2,4.319489680639702,-1,56.43111666666667,0.0
18242100000750,DFL-MAT-J03WR9,0,0.0617,0.8429752066115702,1.0,15.131128321842084,0.15702479338842978,2.33640698262186,33.303200564295345,1,5.71533927439988,-1,56.6536,0.37
18242100000756,DFL-MAT-J03WR9,0,0.1443,0.8429752066115702,1.0,18.04060301073817,0.15702479338842978,4.527799097514374,2.9333981791873236,1,2.525211709699031,-1,57.25963333333333,0.0
18242100000767,DFL-MAT-J03WR9,0,0.0224,0.256198347107438,0.256198347107438,3.9965136422065104,0.0,1.787084357212381,91.56435577212626,2,1.995876984631524,1,58.062149999999995,0.14
18242100000805,DFL-MAT-J03WR9,1,0.116,0.8347107438016529,0.8347107438016529,35.95546468812241,0.0,0.6506033010419403,84.52192031480669,2,1.0506042681003607,-1,60.63243333333333,2.12
18242100000840,DFL-MAT-J03WR9,0,0.0663,0.5289256198347108,0.6694214876033058,14.188397288243442,0.14049586776859502,2.650143393913283,13.240970401107708,1,2.679342431622968,0,64.01984999999999,0.17
18242100000950,DFL-MAT-J03WR9,0,0.0398,0.4132231404958678,0.5702479338842975,13.708293293624022,0.15702479338842973,-0.6545239404424864,31.3611007267154,1,0.517054456556277,0,71.53173333333334,1.03
18242100001031,DFL-MAT-J03WR9,0,0.0213,0.5950413223140496,0.7355371900826446,8.326785910427168,0.14049586776859502,1.2035327007080454,54.904756078778384,2,2.9170315869228642,0,76.62738333333333,0.13
18242100001126,DFL-MAT-J03WR9,0,0.0243,0.5289256198347108,0.6859504132231405,12.680644154111109,0.15702479338842978,1.0847497860353386,171.65063233486796,1,2.1137344114086707,0,82.96616666666667,0.0
18242100001156,DFL-MAT-J03WR9,0,0.0132,0.0,0.0,0.0,0.0,1.166028043848645,27.52688759280345,2,0.3902398547412094,0,85.06846666666667,3.37
18242100001163,DFL-MAT-J03WR9,0,0.0433,0.35537190082644626,0.4793388429752066,4.779770233640399,0.12396694214876036,3.013756524933075,43.16295415186536,2,8.549031860664567,0,86.40166666666667,0.15
18242100001288,DFL-MAT-J03WR9,0,0.0324,0.5867768595041323,0.7272727272727273,11.954333944322652,0.14049586776859502,1.3722380204140057,5.345701730140686,3,0.5170590026926476,0,95.93101666666666,0.43
18242100001300,DFL-MAT-J03WR9,0,0.1023,0.6198347107438017,0.7520661157024794,17.23190955495513,0.1322314049586777,0.9127071667560102,132.1524152238335,2,3.6368358547567348,0,97.31223333333334,0.83
18242100001303,DFL-MAT-J03WR9,0,0.0171,0.049586776859504134,0.049586776859504134,1.9168447196785383,0.0,2.6266926861919067,98.55700426524359,2,0.4590330696856297,0,97.60143333333333,2.41
18242100001324,DFL-MAT-J03WR9,0,0.0314,0.0,0.0,0.0,0.0,1.7312496017230525,37.46916991398743,1,0.47312218570312725,0,101.74176666666668,1.74
