shot_id,MatchId,goal,x,y,dist,angle,y_off,n_def_cone,n_def_3m,n_def_5m,d_def_min,n_att_box,n_def_box,shooter_speed,ball_z,ball_speed,gk_dist_goal,gk_dist_shot,gk_in_cone,gk_off_line,ev.EventId,ev.MatchId,setpiece_parent,outcome,xG,DistanceToGoal,AngleToGoal,Pressure,GoalDistanceGoalkeeper,AmountOfDefenders,PlayerSpeed,TypeOfShot,TakerBallControl,TakerSetup,BuildUp,ShotOrigin,InsideBox,CounterAttack,ChanceEvaluation,ShotCondition,AssistTypeShotAtGoal,SetupOrigin,ExtendedTypeOfShot,Player,Team
18226500000041,DFL-MAT-J03WMX,0,90.0,25.689999999999998,17.148064030671218,21.366430960597807,8.310000000000002,0,1,2,2.5004999500099974,1,5,3.63,0.66,14.12,2.4177055238386638,14.902576958365291,1,0.835091353425478,18226500000041,DFL-MAT-J03WMX,openPlay,ShotWide,0.0476,17.15,21.37,0.68,1.58,1.0,3.63,rightLeg,controlShot,crossFromOpenPlay,crossOpenPlay,3,1,1,chance,notComplicated,direct,right,,DFL-OBJ-0027AX,DFL-CLU-000008
18226500000187,DFL-MAT-J03WMX,1,89.53,47.48,20.51904724883687,15.525188965570392,13.479999999999997,0,1,2,1.5430489298787624,3,5,12.52,0.12,12.85,3.550464758309813,16.969728931246962,1,0.08204571974438239,18226500000187,DFL-MAT-J03WMX,openPlay,SuccessfulShot,0.0399,20.52,15.53,0.9,2.73,1.0,12.52,rightLeg,dribblingLess10m,otherPassFromOpenPlay,passOpenPlay,2,1,0,chance,notComplicated,others,insideLeft,scoop,DFL-OBJ-0026PM,DFL-CLU-00000G
18226500000282,DFL-MAT-J03WMX,0,100.88,27.14,8.00212471784838,30.776498654647668,6.859999999999999,0,1,1,2.281775624376766,3,4,12.52,0.29,5.46,7.56838159714479,0.8409518416651375,0,0.6999141099997556,18226500000282,DFL-MAT-J03WMX,openPlay,SavedShot,0.0847,8.0,30.78,0.85,5.1,0.0,12.52,rightLeg,dribblingLess10m,throwIn,throwIn,3,1,0,chance,complicated,direct,right,,DFL-OBJ-J01BGM,DFL-CLU-000008
18226500000365,DFL-MAT-J03WMX,0,92.17,44.26,16.427918309998987,20.111212765303407,10.259999999999998,1,1,1,1.4851935900750393,4,7,9.07,0.0,25.59,2.669925092582189,13.802007100418399,1,0.44247237311715515,18226500000365,DFL-MAT-J03WMX,openPlay,BlockedShot,0.0448,16.43,20.11,0.73,1.78,2.0,9.07,leftLeg,direct,otherPassFromOpenPlay,passOpenPlay,2,1,0,chance,notComplicated,direct,left,,DFL-OBJ-0002AU,DFL-CLU-00000G
18226500000396,DFL-MAT-J03WMX,0,98.98,37.92,7.183787301973797,49.07053245270177,3.9200000000000017,1,1,2,0.5375872022286299,5,8,10.07,2.01,42.48,0.8485281374238601,6.42435989029257,1,0.35780569384254957,18226500000396,DFL-MAT-J03WMX,openPlay,ShotWoodWork,0.1542,7.18,49.07,1.31,0.84,2.0,10.07,head,volley,crossFromOpenPlay,crossOpenPlay,3,1,0,chance,notComplicated,direct,right,frontalVolley,DFL-OBJ-0000IA,DFL-CLU-00000G
18226500000482,DFL-MAT-J03WMX,0,92.4,30.020000000000003,13.213644463205442,29.775676556358427,3.979999999999997,0,2,2,0.7720103626247512,2,4,20.22,0.08,15.63,2.792346683347172,10.447774882720246,1,0.34107168635795926,18226500000482,DFL-MAT-J03WMX,openPlay,ShotWide,0.104,13.21,29.78,1.09,2.54,1.0,20.22,rightLeg,dribblingLess10m,otherPassFromOpenPlay,passOpenPlay,3,1,1,chance,notComplicated,direct,insideRight,,DFL-OBJ-002GKO,DFL-CLU-000008
18226500000536,DFL-MAT-J03WMX,0,84.28,51.17,26.9096135237948,12.046248217880839,17.17,1,1,3,1.6850222550459153,4,5,12.9,0.17,14.07,1.72072659071684,25.190355297216435,1,0.06876352937450271,18226500000536,DFL-MAT-J03WMX,openPlay,BlockedShot,0.0202,26.91,12.05,1.06,1.28,3.0,12.9,rightLeg,dribblingLess10m,oppositionOtherAction,lossOfPossession,7,0,0,none,notComplicated,,insideLeft,,DFL-OBJ-0027AX,DFL-CLU-000008
18226500000602,DFL-MAT-J03WMX,0,92.03999999999999,28.869999999999997,13.93838225907154,27.67554929189814,5.130000000000003,1,2,2,1.0941663493271936,2,5,12.74,1.92,57.36,2.3720033726788836,11.983509502645715,1,1.2440037644049369,18226500000602,DFL-MAT-J03WMX,openPlay,ShotWide,0.0155,13.94,27.68,0.79,1.42,1.0,12.74,head,volley,crossFromOpenPlay,crossOpenPlay,3,1,0,chance,complicated,direct,right,frontalVolley,DFL-OBJ-000270,DFL-CLU-000008
18226500000848,DFL-MAT-J03WMX,0,97.55,21.56,14.500210343301923,15.483715858805766,12.440000000000001,1,1,1,1.7010584939971962,5,8,23.38,1.6,49.77,1.5181897114656058,12.994152531042564,1,0.1813215076024438,18226500000848,DFL-MAT-J03WMX,openPlay,ShotWide,0.0713,14.5,15.48,0.17,0.93,2.0,23.38,head,volley,crossFromOpenPlay,crossOpenPlay,4,1,0,chance,notComplicated,direct,left,frontalVolley,DFL-OBJ-0002AU,DFL-CLU-00000G
18226500001065,DFL-MAT-J03WMX,0,78.24,39.61,27.341720867567943,14.938953550084086,5.609999999999999,2,1,1,2.6510752535527993,3,4,9.55,0.09,24.95,1.1148542505637333,26.252108486748256,1,0.2311412668796729,18226500001065,DFL-MAT-J03WMX,openPlay,ShotWide,0.0188,27.34,14.94,0.55,1.02,3.0,9.55,leftLeg,direct,oppositionDefensiveAction,crossOpenPlay,8,0,0,none,notComplicated,indirect,right,,DFL-OBJ-00012X,DFL-CLU-000008
18226500001126,DFL-MAT-J03WMX,0,95.82,41.11,11.611395264997231,28.959725280265136,7.109999999999999,1,3,3,1.8529975715040772,7,10,8.28,1.84,60.83,1.419471732723123,10.386924472624235,1,0.6787556378998102,18226500001126,DFL-MAT-J03WMX,openPlay,SavedShot,0.0258,11.61,28.96,1.79,0.57,4.0,8.28,head,volley,cornerKick,cornerKick,3,1,0,chance,notComplicated,direct,right,frontalVolley,DFL-OBJ-000270,DFL-CLU-000008
18226500001292,DFL-MAT-J03WMX,0,95.67,36.46,9.648860036294442,40.591809568160365,2.460000000000001,0,4,6,0.6003332407921467,5,8,1.97,1.94,3.47,0.6099999999999994,9.060353193998564,1,0.15552096251323494,18226500001292,DFL-MAT-J03WMX,openPlay,BlockedShot,0.0466,9.65,40.59,2.97,0.61,4.0,1.97,head,volley,cornerKick,cornerKick,3,1,0,chance,notComplicated,direct,right,frontalVolley,DFL-OBJ-J017RE,DFL-CLU-00000G
18226500001277,DFL-MAT-J03WMX,0,91.83,27.299999999999997,14.776295205497219,25.19208078017022,6.700000000000003,2,1,4,2.5600781238079473,4,6,13.33,0.09,17.76,2.3286262044389994,12.458290412412136,1,0.20398211852715822,18226500001277,DFL-MAT-J03WMX,openPlay,BlockedShot,0.0815,14.78,25.19,1.02,2.16,3.0,13.33,leftLeg,dribblingMore10m,otherPassFromOpenPlay,run,3,1,0,chance,notComplicated,others,right,,DFL-OBJ-0002AU,DFL-CLU-00000G
18226500001279,DFL-MAT-J03WMX,0,101.06,41.629999999999995,8.587228889461368,25.5446599231172,7.6299999999999955,0,1,2,2.0436486977951964,4,6,3.23,1.67,40.53,7.636471698369611,0.9563472172804104,1,0.09736551928016222,18226500001279,DFL-MAT-J03WMX,openPlay,SavedShot,0.0544,8.59,25.54,1.33,4.73,0.0,3.23,head,volley,oppositionDefensiveAction,run,3,1,0,chance,notComplicated,indirect,right,frontalVolley,DFL-OBJ-0027G6,DFL-CLU-00000G
18226500001344,DFL-MAT-J03WMX,0,100.25,38.43,6.495182830375138,50.373053604045154,4.43,1,1,5,1.4840485167271362,6,10,13.91,0.15,47.94,0.768439978137525,5.833532377556495,1,0.3701666393062999,18226500001344,DFL-MAT-J03WMX,openPlay,ShotWide,0.2451,6.5,50.37,0.89,0.24,1.0,13.91,leftLeg,direct,header,cornerKick,3,1,0,chance,notComplicated,direct,right,,DFL-OBJ-002G4A,DFL-CLU-000008
18226500001347,DFL-MAT-J03WMX,0,95.78999999999999,20.340000000000003,16.474820181112754,14.643027431566745,13.659999999999997,0,1,1,1.5677372228788755,1,3,25.6,0.2,47.31,4.678995618719891,11.79627483572675,1,0.05492624441737561,18226500001347,DFL-MAT-J03WMX,openPlay,ShotWide,0.0577,16.47,14.64,0.47,2.58,0.0,25.6,rightLeg,dribblingMore10m,otherPassFromOpenPlay,run,4,1,0,chance,notComplicated,others,insideRight,,DFL-OBJ-0002AU,DFL-CLU-00000G
18226500001392,DFL-MAT-J03WMX,0,91.62,40.46,14.857859872808058,25.28255943990655,6.460000000000001,0,1,2,1.8852055590836727,4,4,8.68,0.11,14.61,3.652245884384017,11.207323498498647,1,0.09703954757567032,18226500001392,DFL-MAT-J03WMX,openPlay,ShotWide,0.1118,14.86,25.28,0.84,3.33,2.0,8.68,rightLeg,dribblingLess10m,oppositionMisplacedPass,lossOfPossession,3,1,0,chance,notComplicated,,left,,DFL-OBJ-0000RP,DFL-CLU-00000G
18226500001554,DFL-MAT-J03WMX,1,87.9,43.14,19.38941979534199,19.047266436213807,9.14,2,1,2,1.0623088063270367,3,8,18.3,0.0,0.0,2.1107344693257866,17.365022314987094,1,0.565380507292619,18226500001554,DFL-MAT-J03WMX,openPlay,SuccessfulShot,0.0498,19.39,19.05,0.97,2.06,3.0,18.3,rightLeg,dribblingLess10m,otherPassFromOpenPlay,passOpenPlay,8,0,0,chance,notComplicated,direct,left,scoop,DFL-OBJ-002GCR,DFL-CLU-00000G
18226900000020,DFL-MAT-J03WN1,0,90.31,40.71,16.149928792412677,23.489779176999527,6.710000000000001,1,3,3,1.1322543883774523,3,4,9.0,0.0,3.1,3.1303993355481063,13.020138248113952,1,0.05543058495840644,18226900000020,DFL-MAT-J03WN1,openPlay,BlockedShot,0.0354,16.15,23.49,1.35,2.87,2.0,9.0,rightLeg,dribblingLess10m,otherPassFromOpenPlay,passOpenPlay,3,1,0,chance,notComplicated,direct,insideLeft,,DFL-OBJ-J013O2,DFL-CLU-00000B
18226900000023,DFL-MAT-J03WN1,0,94.79,23.78,14.446193270200972,20.94110030788588,10.219999999999999,0,1,3,2.6565014586858315,5,6,4.49,0.53,34.71,2.699407342362391,11.848160194730655,1,0.6633996805074385,18226900000023,DFL-MAT-J03WN1,openPlay,BlockedShot,0.0426,14.45,20.94,0.88,1.38,2.0,4.49,rightLeg,controlShot,oppositionDefensiveAction,passOpenPlay,4,1,0,chance,notComplicated,indirect,insideLeft,,DFL-OBJ-002G02,DFL-CLU-00000B
18226900000027,DFL-MAT-J03WN1,0,95.27,39.7,11.276652872195726,32.048473028236444,5.700000000000003,1,1,3,2.6744158240632743,5,10,4.11,0.0,52.92,0.2640075756488833,11.06146464081498,1,0.15148111938533187,18226900000027,DFL-MAT-J03WN1,openPlay,BlockedShot,0.0785,11.28,32.05,1.0,0.11,3.0,4.11,rightLeg,volley,cornerKick,cornerKick,3,1,0,chance,notComplicated,direct,right,frontalVolley,DFL-OBJ-J013O2,DFL-CLU-00000B
18226900000033,DFL-MAT-J03WN1,0,87.81,18.98,22.827538194032222,13.919940310804634,15.02,0,1,3,2.5462914208707503,3,7,8.42,0.0,11.63,2.8049242414011877,20.076227235215278,1,0.5118028891549148,18226900000033,DFL-MAT-J03WN1,openPlay,ShotWide,0.0239,22.83,13.92,0.64,1.74,1.0,8.42,rightLeg,direct,otherPassFromOpenPlay,passOpenPlay,4,1,0,chance,notComplicated,direct,right,,DFL-OBJ-002G8H,DFL-CLU-00000B
18226900000272,DFL-MAT-J03WN1,1,97.54,36.61,7.903398003390687,48.058255874262954,2.6099999999999994,0,1,1,1.7240939649566613,2,3,20.62,0.76,63.92,3.0875556675143625,5.604043183274008,1,1.714212038187585,18226900000272,DFL-MAT-J03WN1,openPlay,SuccessfulShot,0.8438,7.9,48.06,0.68,2.99,1.0,20.62,leftLeg,volley,crossFromOpenPlay,crossOpenPlay,3,1,0,sitter,notComplicated,direct,right,frontalVolley,DFL-OBJ-0027LO,DFL-CLU-00000S
18226900000281,DFL-MAT-J03WN1,0,84.28,47.7,24.83965378180622,14.10476290377428,13.700000000000003,1,0,1,4.442938216991097,0,1,16.15,0.0,16.47,3.4177477964296856,21.571096402362127,1,0.9305202159029248,18226900000281,DFL-MAT-J03WN1,openPlay,ShotWide,0.0405,24.84,14.1,0.32,2.23,1.0,16.15,leftLeg,dribblingLess10m,otherPassFromOpenPlay,passOpenPlay,7,0,0,chance,notComplicated,direct,insideLeft,,DFL-OBJ-000199,DFL-CLU-00000S
18226900000325,DFL-MAT-J03WN1,0,90.87,35.39,14.198204111788218,28.793313770446133,1.3900000000000006,1,2,2,1.3136590120727583,4,8,8.81,0.12,3.99,1.3917614738165418,12.837460808119335,1,0.2778238690571367,18226900000325,DFL-MAT-J03WN1,openPlay,ShotWide,0.0448,14.2,28.79,1.4,1.33,4.0,8.81,rightLeg,controlShot,otherPassFromOpenPlay,passOpenPlay,3,1,0,chance,notComplicated,direct,insideRight,,DFL-OBJ-002G02,DFL-CLU-00000B
18226900000380,DFL-MAT-J03WN1,0,85.12,28.53,20.618809373967252,19.464990320348747,5.469999999999999,1,0,1,4.726034278335271,3,6,15.5,0.07,22.76,2.0967832506007946,18.642682210454574,1,0.6664691326624324,18226900000380,DFL-MAT-J03WN1,openPlay,SavedShot,0.0593,20.62,19.46,0.04,1.74,2.0,15.5,rightLeg,direct,otherPassFromOpenPlay,passOpenPlay,8,0,0,chance,notComplicated,direct,insideRight,,DFL-OBJ-J013O2,DFL-CLU-00000B
18226900000439,DFL-MAT-J03WN1,0,97.21,41.04,10.499795236098658,30.488461372119907,7.039999999999999,1,2,5,0.8955445270895401,5,8,6.15,2.94,37.15,2.5804263213662977,7.920107322505173,1,0.05361056928660455,18226900000439,DFL-MAT-J03WN1,openPlay,ShotWide,0.012,10.5,30.49,1.68,1.95,3.0,6.15,head,volley,throwIn,throwIn,3,1,0,chance,veryComplicated,direct,left,frontalVolley,DFL-OBJ-0000YV,DFL-CLU-00000S
18226900000449,DFL-MAT-J03WN1,0,96.56,45.89,14.581004766476143,17.230171448917748,11.89,0,1,1,1.247397290361014,1,1,25.32,0.0,21.87,6.192002906976061,8.449153803784139,1,0.6549137149968695,18226900000449,DFL-MAT-J03WN1,openPlay,ShotWide,0.1869,14.58,17.23,0.68,3.49,1.0,25.32,leftLeg,dribblingMore10m,otherPassFromOpenPlay,passOpenPlay,2,1,1,chance,notComplicated,direct,insideLeft,,DFL-OBJ-0027FG,DFL-CLU-00000S
18226900000478,DFL-MAT-J03WN1,1,95.53,27.86,11.286297001231183,31.30605297523426,6.140000000000001,0,1,4,2.4709512338368786,6,9,19.92,0.0,61.15,1.534438007871287,9.792578822761651,1,0.3270426074732387,18226900000478,DFL-MAT-J03WN1,openPlay,SuccessfulShot,0.1542,11.29,31.31,0.61,1.08,2.0,19.92,rightLeg,volley,cornerKick,cornerKick,3,1,0,chance,notComplicated,direct,left,frontalVolley,DFL-OBJ-0027FG,DFL-CLU-00000S
18226900000500,DFL-MAT-J03WN1,0,86.77,50.54,24.615127462599094,12.692265164524196,16.54,1,1,1,2.720827080135749,2,5,8.74,0.17,4.58,1.7440183485273353,22.880098338949505,1,0.17049678115121863,18226900000500,DFL-MAT-J03WN1,openPlay,SavedShot,0.0199,24.62,12.69,0.55,1.4,2.0,8.74,rightLeg,dribblingLess10m,otherPassFromOpenPlay,passOpenPlay,7,0,1,chance,notComplicated,others,insideLeft,,DFL-OBJ-002GBK,DFL-CLU-00000B
18226900000623,DFL-MAT-J03WN1,0,83.6,49.66,26.517835507446684,12.79441449603519,15.659999999999997,0,1,2,2.0048940121612415,3,4,14.7,0.0,15.58,2.363260459619292,24.201012375518516,1,0.4453380064403686,18226900000623,DFL-MAT-J03WN1,openPlay,ShotWide,0.019,26.52,12.79,0.82,1.61,0.0,14.7,rightLeg,dribblingMore10m,otherPassFromOpenPlay,passOpenPlay,7,0,0,chance,notComplicated,others,insideLeft,,DFL-OBJ-0028NB,DFL-CLU-00000S
18226900000659,DFL-MAT-J03WN1,0,81.85,41.07,24.205524162884807,16.488248279957325,7.07,1,0,1,3.7497733264825555,3,4,11.61,0.11,13.83,2.80978646875523,21.42550116099972,1,0.3837347184673814,18226900000659,DFL-MAT-J03WN1,openPlay,SavedShot,0.0379,24.21,16.49,0.32,2.55,1.0,11.61,leftLeg,controlShot,otherPassFromOpenPlay,passOpenPlay,8,0,0,chance,notComplicated,others,insideRight,,DFL-OBJ-0000YV,DFL-CLU-00000S
18226900000769,DFL-MAT-J03WN1,0,103.15,21.14,12.99238623194369,4.980129409065256,12.86,0,2,2,1.280624847486577,4,5,15.46,2.0,97.69,3.559901684035667,9.444278691355949,1,0.24683687374649815,18226900000769,DFL-MAT-J03WN1,openPlay,ShotWide,0.0358,12.99,4.98,0.71,0.75,1.0,15.46,rightLeg,dribblingLess10m,oppositionDefensiveAction,passOpenPlay,4,1,0,none,notComplicated,indirect,insideRight,,DFL-OBJ-002G02,DFL-CLU-00000B
18226900000878,DFL-MAT-J03WN1,0,86.45,28.979999999999997,19.217255267077032,20.88288792625664,5.020000000000003,6,0,0,8.464968989901847,7,10,8.23,0.14,58.94,1.0700467279516357,18.307006855299964,1,0.5489909903041363,18226900000878,DFL-MAT-J03WN1,FreeKick,BlockedShot,0.1065,19.22,20.88,0.0,1.03,8.0,8.23,rightLeg,setPiece,ownSetPiece,freeKick,8,0,0,chance,notComplicated,,insideRight,,DFL-OBJ-0002LI,DFL-CLU-00000B
18226900000899,DFL-MAT-J03WN1,0,98.66,25.67,10.468261555769422,25.756176522205408,8.329999999999998,0,3,3,1.1985407794480643,3,5,28.04,0.03,25.46,3.9685009764393384,6.540833280248017,1,0.44988367695153886,18226900000899,DFL-MAT-J03WN1,openPlay,ShotWoodWork,0.2279,10.47,25.76,0.63,2.03,1.0,28.04,rightLeg,dribblingLess10m,otherPassFromOpenPlay,passOpenPlay,3,1,0,chance,notComplicated,direct,insideRight,,DFL-OBJ-002GOI,DFL-CLU-00000B
18226900000951,DFL-MAT-J03WN1,0,98.35,43.34,11.465517868809945,22.40669873955653,9.340000000000003,0,2,4,1.2133424908079415,5,6,9.15,0.0,6.91,3.153173005085517,8.374270117449043,1,0.531175309278212,18226900000951,DFL-MAT-J03WN1,openPlay,BlockedShot,0.1041,11.47,22.41,0.96,1.37,1.0,9.15,leftLeg,dribblingLess10m,otherPassFromOpenPlay,passOpenPlay,2,1,0,chance,notComplicated,direct,left,,DFL-OBJ-0002LI,DFL-CLU-00000B
18226900001121,DFL-MAT-J03WN1,0,94.27,30.32,11.343513565029138,34.26780618904637,3.6799999999999997,1,0,1,4.111763611882373,2,3,20.34,0.0,35.68,3.0294719011735403,8.876361867341819,1,1.5492113531892993,18226900001121,DFL-MAT-J03WN1,openPlay,BlockedShot,0.2427,11.34,34.27,0.34,1.96,1.0,20.34,leftLeg,direct,otherPassFromOpenPlay,passOpenPlay,3,1,1,chance,notComplicated,direct,right,,DFL-OBJ-0000YV,DFL-CLU-00000S
18226900001209,DFL-MAT-J03WN1,1,89.16,43.7,18.574057176610612,19.272927473191423,9.700000000000003,0,1,2,2.0350184274349914,1,2,19.43,0.93,25.21,6.725689555725869,11.84890290280075,1,0.06777194600138894,18226900001209,DFL-MAT-J03WN1,openPlay,SuccessfulShot,0.1896,18.57,19.27,0.06,5.7,0.0,19.43,leftLeg,direct,otherPassFromOpenPlay,passOpenPlay,2,1,0,chance,notComplicated,direct,insideRight,,DFL-OBJ-000172,DFL-CLU-00000S
18226900001233,DFL-MAT-J03WN1,0,92.57,21.59,17.564538137964234,17.135045574845982,12.41,0,1,1,0.445982062419545,1,2,22.95,0.0,21.52,4.830372656431381,12.813918214191952,1,0.7463048499787868,18226900001233,DFL-MAT-J03WN1,openPlay,SavedShot,0.0679,17.56,17.14,0.74,2.86,1.0,22.95,rightLeg,direct,otherPassFromOpenPlay,passOpenPlay,4,1,1,chance,notComplicated,direct,right,,DFL-OBJ-J01AQV,DFL-CLU-00000S
18232100000016,DFL-MAT-J03WOH,0,99.72,41.72,9.352903292561086,27.55192345971387,7.719999999999999,0,1,2,2.214723459035011,7,10,3.95,2.05,73.88,1.6037767924496218,7.754953255823017,1,0.12436779934688227,18232100000016,DFL-MAT-J03WOH,openPlay,SavedShot,0.0325,9.35,27.55,0.95,0.8,2.0,3.95,head,volley,freeKick,freeKick,3,1,0,chance,complicated,direct,left,frontalVolley,DFL-OBJ-002G2Y,DFL-CLU-000011
18232100000022,DFL-MAT-J03WOH,0,96.49,38.3,9.534678809482786,38.78650306608055,4.299999999999997,1,5,9,1.866252930339288,7,10,2.9,0.08,7.42,1.086001841619066,8.57580899973874,1,0.4833618512053435,18232100000022,DFL-MAT-J03WOH,openPlay,BlockedShot,0.0897,9.53,38.79,1.51,0.65,3.0,2.9,rightLeg,controlShot,teammateAction,cornerKick,3,1,0,chance,notComplicated,others,left,,DFL-OBJ-002GEE,DFL-CLU-000011
18232100000067,DFL-MAT-J03WOH,0,88.83,25.41,18.31002457671753,20.190978281830997,8.59,1,1,1,2.9435352894096654,2,2,10.45,0.11,13.75,6.9164730896606486,11.393585914890895,1,0.017214613704058992,18232100000067,DFL-MAT-J03WOH,openPlay,ShotWide,0.1467,18.31,20.19,0.5,6.1,1.0,10.45,rightLeg,dribblingMore10m,otherPassFromOpenPlay,passOpenPlay,4,1,0,chance,notComplicated,direct,insideRight,,DFL-OBJ-002GAB,DFL-CLU-000011
18232100000117,DFL-MAT-J03WOH,0,86.61,48.19,23.228176854845927,14.351133252531378,14.189999999999998,0,1,1,1.527383383437179,1,4,14.7,0.11,12.27,2.22766694099454,21.016034354749237,1,0.24971826399668298,18232100000117,DFL-MAT-J03WOH,openPlay,SavedShot,0.0246,23.23,14.35,0.79,1.6,2.0,14.7,rightLeg,dribblingMore10m,freeKick,run,7,0,0,chance,notComplicated,others,insideLeft,scoop,DFL-OBJ-002GM1,DFL-CLU-00000P
18232100000253,DFL-MAT-J03WOH,0,98.09,38.11,8.039912934851966,44.626720513333346,4.109999999999999,0,2,3,1.0040418317978603,3,7,8.58,1.96,61.41,2.058008746337092,6.189830369242769,1,0.7893369059371383,18232100000253,DFL-MAT-J03WOH,openPlay,OtherShot,0.0607,8.04,44.63,1.07,1.23,2.0,8.58,head,volley,crossFromOpenPlay,crossOpenPlay,3,1,0,chance,complicated,direct,left,frontalVolley,DFL-OBJ-002GM1,DFL-CLU-00000P
18232100000298,DFL-MAT-J03WOH,0,91.09,31.59,14.117230606602696,28.710336500184884,2.41,1,3,3,1.6430459518832756,3,7,5.95,2.44,42.35,1.1872657663724666,13.030771274180202,1,0.45989189954603965,18232100000298,DFL-MAT-J03WOH,openPlay,OtherShot,0.066,14.12,28.71,1.04,1.0,2.0,5.95,rightLeg,controlShot,crossFromOpenPlay,crossOpenPlay,3,1,0,chance,notComplicated,direct,right,,DFL-OBJ-0027XP,DFL-CLU-000011
18232100000402,DFL-MAT-J03WOH,0,84.73,47.510000000000005,24.359659275121235,14.349793047932641,13.510000000000005,0,1,2,1.1892854997854798,2,5,9.39,0.15,11.38,2.4410038918445003,21.928285386687214,1,0.2055160108545968,18232100000402,DFL-MAT-J03WOH,openPlay,BlockedShot,0.0192,24.36,14.35,0.98,1.91,2.0,9.39,rightLeg,dribblingLess10m,oppositionDefensiveAction,lossOfPossession,7,0,0,none,notComplicated,indirect,insideLeft,,DFL-OBJ-00003X,DFL-CLU-00000P
18232100000445,DFL-MAT-J03WOH,0,87.28,30.509999999999998,18.060412509131677,22.523680636104867,3.490000000000002,0,0,2,3.0486882425069384,2,3,20.44,0.16,23.1,3.7881129866993244,14.294645850807207,1,0.3654899906999661,18232100000445,DFL-MAT-J03WOH,openPlay,SavedShot,0.1649,18.06,22.52,0.29,3.77,0.0,20.44,leftLeg,dribblingMore10m,oppositionMisplacedPass,lossOfPossession,8,0,0,chance,notComplicated,,insideRight,,DFL-OBJ-002FXT,DFL-CLU-00000P
18232100000478,DFL-MAT-J03WOH,0,91.67,18.18,20.68722552688011,13.244544066829777,15.82,1,1,2,1.430034964607513,2,3,14.27,0.14,18.84,3.6741393550054635,17.018225524419407,1,0.1761956911652566,18232100000478,DFL-MAT-J03WOH,openPlay,BlockedShot,0.0279,20.69,13.24,0.74,2.23,1.0,14.27,rightLeg,dribblingMore10m,otherPassFromOpenPlay,run,4,1,1,chance,notComplicated,others,right,,DFL-OBJ-00003X,DFL-CLU-00000P
18232100000487,DFL-MAT-J03WOH,0,95.35,31.75,9.908834442052209,39.79766067471823,2.25,0,4,7,1.7687566254292888,5,10,5.35,2.33,65.21,1.255388386118013,8.672542879686452,1,0.20406032735987525,18232100000487,DFL-MAT-J03WOH,openPlay,ShotWide,0.0864,9.91,39.8,1.02,1.16,1.0,5.35,head,volley,cornerKick,cornerKick,3,1,0,chance,notComplicated,direct,right,frontalVolley,DFL-OBJ-J014UG,DFL-CLU-00000P
18232100000533,DFL-MAT-J03WOH,0,87.33,27.39,18.865868652145334,20.687533261546047,6.609999999999999,0,2,3,1.4676852523616846,3,6,7.45,0.12,8.82,1.8532134253776633,17.03545127080583,1,0.27535440301124064,18232100000533,DFL-MAT-J03WOH,openPlay,SavedShot,0.0368,18.87,20.69,0.96,1.62,2.0,7.45,leftLeg,controlShot,otherPassFromOpenPlay,passOpenPlay,8,0,0,chance,notComplicated,direct,right,,DFL-OBJ-002G2Y,DFL-CLU-000011
18232100000570,DFL-MAT-J03WOH,0,94.71,29.97,11.051018052650178,34.71246236287134,4.030000000000001,2,2,3,0.6609841147864354,5,6,10.48,2.53,18.14,0.5119570294468081,10.545638909046723,1,0.07991118970149787,18232100000570,DFL-MAT-J03WOH,openPlay,ShotWide,0.0119,11.05,34.71,1.91,0.5,3.0,10.48,head,volley,crossFromOpenPlay,crossOpenPlay,3,1,0,chance,complicated,direct,left,frontalVolley,DFL-OBJ-002G2Y,DFL-CLU-000011
18232100000606,DFL-MAT-J03WOH,0,77.59,29.27,27.81512178653906,14.783453875453448,4.73,0,1,2,2.607259097213009,0,0,2.89,0.29,3.69,2.9519485090360207,24.989297709219443,1,0.8090203657094975,18232100000606,DFL-MAT-J03WOH,openPlay,ShotWide,0.0152,27.82,14.78,0.57,2.66,1.0,2.89,rightLeg,controlShot,otherPassFromOpenPlay,passOpenPlay,8,0,0,chance,notComplicated,direct,insideRight,,DFL-OBJ-0027B0,DFL-CLU-000011
18232100000680,DFL-MAT-J03WOH,0,96.11,40.489999999999995,11.006916007674445,31.128007531435152,6.489999999999995,0,1,2,0.629682459657237,4,6,10.72,3.49,46.0,2.806171769510912,8.215716645551986,1,0.25007913189133185,18232100000680,DFL-MAT-J03WOH,openPlay,SavedShot,0.022,11.01,31.13,0.89,2.11,1.0,10.72,rightLeg,volley,crossFromOpenPlay,crossOpenPlay,3,1,0,chance,veryComplicated,direct,left,frontalVolley,DFL-OBJ-00003X,DFL-CLU-00000P
18232100000853,DFL-MAT-J03WOH,0,71.57,37.92,33.65904484681644,12.329766397016861,3.9200000000000017,1,0,0,5.261340133464103,0,0,7.64,0.2,7.82,2.3768256141332755,31.284360309905654,1,0.09723983597560723,18232100000853,DFL-MAT-J03WOH,openPlay,ShotWide,0.016,33.66,12.33,0.17,2.37,1.0,7.64,leftLeg,dribblingLess10m,otherPassFromOpenPlay,passOpenPlay,8,0,0,none,notComplicated,others,insideRight,,DFL-OBJ-002651,DFL-CLU-000011
18232100000915,DFL-MAT-J03WOH,0,85.38,25.0,21.585745296375574,17.607070076797264,9.0,1,1,2,1.830682932678405,1,2,11.28,0.13,12.62,1.8474306482247187,19.738454853407347,1,0.02176436317345258,18232100000915,DFL-MAT-J03WOH,openPlay,BlockedShot,0.0363,21.59,17.61,0.98,1.67,1.0,11.28,rightLeg,dribblingLess10m,otherPassFromOpenPlay,passOpenPlay,9,0,0,none,notComplicated,others,insideLeft,,DFL-OBJ-002G2Y,DFL-CLU-000011
18232100000968,DFL-MAT-J03WOH,1,95.56,24.26,13.563966971354654,22.05188083951833,9.739999999999998,1,1,2,1.8343936327844088,4,6,10.42,0.12,14.78,3.186000627746327,10.411387995843782,1,0.4031711380268777,18232100000968,DFL-MAT-J03WOH,openPlay,SuccessfulShot,0.0844,13.56,22.05,0.87,1.91,2.0,10.42,rightLeg,controlShot,otherPassFromOpenPlay,passOpenPlay,4,1,1,chance,notComplicated,direct,insideLeft,,DFL-OBJ-00003X,DFL-CLU-00000P
18232100001006,DFL-MAT-J03WOH,0,77.99,28.42,27.580364392081556,14.81956893712936,5.579999999999998,0,1,3,0.5793962374748451,0,0,14.38,0.19,14.08,3.959797974644668,23.629399061338823,1,0.24466681817798297,18232100001006,DFL-MAT-J03WOH,openPlay,BlockedShot,0.0227,27.58,14.82,1.33,3.92,1.0,14.38,rightLeg,dribblingLess10m,otherPassFromOpenPlay,passOpenPlay,8,0,0,none,notComplicated,others,insideLeft,,DFL-OBJ-002GAB,DFL-CLU-000011
18232100001062,DFL-MAT-J03WOH,0,86.18,19.17,23.960828449784447,13.803368790998107,14.829999999999998,1,1,2,0.6762396025078679,4,6,5.55,0.21,7.48,2.5019992006393577,21.45919150387544,1,0.04029076048114277,18232100001062,DFL-MAT-J03WOH,openPlay,SavedShot,0.0152,23.96,13.8,0.69,1.94,2.0,5.55,leftLeg,dribblingLess10m,oppositionMisplacedPass,lossOfPossession,9,0,0,chance,notComplicated,,right,,DFL-OBJ-J0130T,DFL-CLU-00000P
18232100001165,DFL-MAT-J03WOH,1,99.61,26.24,9.448264390881535,27.47459092883927,7.760000000000002,0,1,1,1.2020815280171304,2,4,24.73,0.33,51.39,3.1925068519895135,6.375970514360935,1,0.7117815211109417,18232100001165,DFL-MAT-J03WOH,openPlay,SuccessfulShot,0.1548,9.45,27.47,0.48,2.36,0.0,24.73,rightLeg,direct,otherPassFromOpenPlay,passOpenPlay,3,1,1,chance,complicated,direct,right,,DFL-OBJ-0000F8,DFL-CLU-00000P
18232100001191,DFL-MAT-J03WOH,0,82.83,22.659999999999997,24.90189751806075,14.975082867650091,11.340000000000003,2,0,1,4.821711314460884,4,6,4.81,0.13,6.64,2.414725657295255,22.49343459767761,1,0.165180183438498,18232100001191,DFL-MAT-J03WOH,openPlay,ShotWide,0.0169,24.9,14.98,0.31,2.22,3.0,4.81,rightLeg,controlShot,otherPassFromOpenPlay,passOpenPlay,9,0,0,chance,notComplicated,direct,insideLeft,,DFL-OBJ-0028SW,DFL-CLU-000011
18232100001245,DFL-MAT-J03WOH,1,102.78,38.88,5.361231201878914,46.63732247431692,4.880000000000003,0,0,2,3.4047173157253465,4,7,6.25,0.16,20.37,1.5580115532305956,3.852401848198082,1,0.328916984475885,18232100001245,DFL-MAT-J03WOH,openPlay,SuccessfulShot,0.8492,5.36,46.64,0.79,1.0,0.0,6.56,leftLeg,direct,oppositionOtherAction,lossOfPossession,3,1,0,sitter,notComplicated,,insideLeft,,DFL-OBJ-002G5J,DFL-CLU-00000P
18233800000127,DFL-MAT-J03WOY,0,59.9,16.78,48.27565017687489,8.108573161187717,17.22,0,2,3,0.9617692030835663,0,0,16.29,0.15,16.64,13.59425246197818,34.90108451037017,1,2.0686992227779206,18233800000127,DFL-MAT-J03WOY,openPlay,ShotWide,0.0543,48.28,8.11,0.92,13.29,1.0,16.29,rightLeg,dribblingLess10m,oppositionMisplacedPass,lossOfPossession,9,0,1,none,notComplicated,,right,,DFL-OBJ-002FXA,DFL-CLU-00000Q
18233800000186,DFL-MAT-J03WOY,1,89.11,24.259999999999998,18.63758836330495,19.202478043558283,9.740000000000002,0,0,1,3.298742184530342,1,0,23.78,1.38,50.26,7.276462052398819,11.401491130549546,1,0.598425063510853,18233800000186,DFL-MAT-J03WOY,openPlay,SuccessfulShot,0.223,18.64,19.2,0.04,5.9,0.0,23.78,rightLeg,volley,longPassFromOpenPlay,passOpenPlay,4,1,0,chance,notComplicated,direct,right,frontalVolley,DFL-OBJ-002FXT,DFL-CLU-00000P
18233800000273,DFL-MAT-J03WOY,0,89.88,31.96,15.256998394179641,26.77115021446211,2.039999999999999,0,2,2,1.3223085872821045,1,2,17.04,0.44,9.72,5.690773233928766,9.56715736256073,1,0.08156257003177853,18233800000273,DFL-MAT-J03WOY,openPlay,ShotWide,0.1752,15.26,26.77,0.7,5.65,1.0,17.04,rightLeg,direct,reboundTeammate,passOpenPlay,3,1,0,chance,notComplicated,others,insideLeft,,DFL-OBJ-J01H9X,DFL-CLU-00000P
18233800000443,DFL-MAT-J03WOY,1,96.42,27.200000000000003,10.947894774795742,30.538100885883296,6.799999999999997,0,2,3,0.9633794683301095,2,4,22.09,0.14,17.55,4.77648406257155,6.1720661046362695,1,0.05940868206893459,18233800000443,DFL-MAT-J03WOY,openPlay,SuccessfulShot,0.449,10.95,30.54,0.24,3.78,0.0,22.09,leftLeg,dribblingLess10m,oneTwo,passOpenPlay,3,1,0,sitter,notComplicated,direct,insideRight,,DFL-OBJ-00028V,DFL-CLU-00000P
18233800000484,DFL-MAT-J03WOY,0,94.82,21.799999999999997,15.889380101187088,17.31168015043276,12.200000000000003,0,0,1,3.5438397254954976,5,8,7.65,1.55,31.84,2.6945314991664135,13.226704049006319,1,0.37686806923025284,18233800000484,DFL-MAT-J03WOY,openPlay,SavedShot,0.0206,15.89,17.31,0.42,1.42,1.0,7.65,rightLeg,volley,oppositionDefensiveAction,passOpenPlay,4,1,0,chance,complicated,indirect,insideRight,overHeadKick,DFL-OBJ-0000NZ,DFL-CLU-00000P
18233800000694,DFL-MAT-J03WOY,0,93.84,31.49,11.43878052940959,34.820143815432225,2.5100000000000016,1,2,3,0.3966106403010397,3,5,5.71,2.1,53.41,1.2889142717807207,10.151659962784398,1,0.06403654638855534,18233800000694,DFL-MAT-J03WOY,openPlay,SavedShot,0.03,11.44,34.82,1.76,1.27,2.0,5.71,head,volley,crossFromOpenPlay,crossOpenPlay,3,1,0,chance,notComplicated,direct,right,frontalVolley,DFL-OBJ-00019R,DFL-CLU-00000Q
18233800000701,DFL-MAT-J03WOY,0,92.76,26.2,14.514048367013247,24.427645002246116,7.800000000000001,0,1,3,1.042353107157073,4,7,2.14,2.25,51.07,3.006958596322879,11.560181659472297,1,0.5019412789444389,18233800000701,DFL-MAT-J03WOY,openPlay,ShotWide,0.0206,14.51,24.43,1.02,2.77,2.0,2.14,rightLeg,volley,otherPassFromOpenPlay,passOpenPlay,3,1,0,none,complicated,direct,right,backHeel,DFL-OBJ-002FXA,DFL-CLU-00000Q
18233800000878,DFL-MAT-J03WOY,0,76.31,37.510000000000005,28.903913229872522,14.331101336734626,3.510000000000005,1,1,1,0.9095603333479243,3,4,19.2,0.17,16.29,1.0720074626605935,27.83234449341269,1,0.03009281106964265,18233800000878,DFL-MAT-J03WOY,openPlay,BlockedShot,0.0173,28.9,14.33,0.55,1.06,4.0,19.2,rightLeg,dribblingMore10m,throwIn,throwIn,8,0,0,chance,notComplicated,others,left,,DFL-OBJ-0028KZ,DFL-CLU-00000Q
18233800000897,DFL-MAT-J03WOY,0,98.49,28.2,8.718950624931884,37.26879143526289,5.800000000000001,0,1,2,1.610031055601102,3,5,16.11,0.09,64.29,3.6072149922065875,5.780908233141239,1,1.6855010003127378,18233800000897,DFL-MAT-J03WOY,openPlay,BlockedShot,0.2743,8.72,37.27,0.72,1.26,1.0,16.11,rightLeg,direct,otherPassFromOpenPlay,passOpenPlay,3,1,0,chance,notComplicated,direct,insideRight,,DFL-OBJ-002FXT,DFL-CLU-00000P
18233800000971,DFL-MAT-J03WOY,1,97.92,29.64,8.314806071099913,42.91567443954944,4.359999999999999,0,1,3,0.5371219600798327,5,9,11.88,1.74,35.17,2.8876461001999547,5.847674751557234,1,1.2511175740054108,18233800000971,DFL-MAT-J03WOY,openPlay,SuccessfulShot,0.1451,8.31,42.92,1.32,1.56,2.0,11.88,head,volley,crossFromOpenPlay,crossOpenPlay,3,1,0,chance,notComplicated,direct,right,frontalVolley,DFL-OBJ-0025BB,DFL-CLU-00000Q
18233800001002,DFL-MAT-J03WOY,0,88.76,26.31,17.968686652062242,21.012792788114638,7.690000000000001,0,1,2,0.9928242543370916,3,5,15.85,0.23,10.38,3.6385299229221637,14.334050369661744,1,0.15030035596341065,18233800001002,DFL-MAT-J03WOY,openPlay,ShotWide,0.0704,17.97,21.01,0.78,3.35,1.0,15.85,leftLeg,direct,otherPassFromOpenPlay,passOpenPlay,3,1,0,chance,notComplicated,direct,insideRight,,DFL-OBJ-00028V,DFL-CLU-00000P
18233800001023,DFL-MAT-J03WOY,0,85.81,13.09,28.381053539289198,10.05640856090784,20.91,0,0,1,4.72289106374475,1,2,21.78,0.11,23.1,2.9041005492234655,25.477346800638397,1,0.04531191903146297,18233800001023,DFL-MAT-J03WOY,openPlay,ShotWide,0.0247,28.38,10.06,0.23,1.93,0.0,21.78,rightLeg,direct,otherPassFromOpenPlay,passOpenPlay,10,0,0,chance,notComplicated,others,insideRight,,DFL-OBJ-0000NZ,DFL-CLU-00000P
18233800001057,DFL-MAT-J03WOY,0,84.62,51.11,26.610082675557397,12.119761217351822,17.11,1,1,1,1.1808894952534592,3,4,12.42,0.0,14.47,2.24661968299042,24.380820330743592,1,0.26679360927056167,18233800001057,DFL-MAT-J03WOY,openPlay,ShotWide,0.0198,26.61,12.12,0.77,1.88,2.0,12.42,rightLeg,dribblingLess10m,oppositionDefensiveAction,passOpenPlay,7,0,0,chance,notComplicated,indirect,left,,DFL-OBJ-002FXT,DFL-CLU-00000P
18233800001164,DFL-MAT-J03WOY,0,85.15,42.629999999999995,21.644846961805936,17.706838173098554,8.629999999999995,1,2,3,1.9320973060381743,2,3,5.71,0.15,30.71,2.9274562336608922,18.73307769695091,1,0.2815543122459449,18233800001164,DFL-MAT-J03WOY,openPlay,BlockedShot,0.0191,21.64,17.71,1.05,2.56,3.0,5.71,leftLeg,dribblingLess10m,teammateAction,lossOfPossession,8,0,0,none,notComplicated,others,right,,DFL-OBJ-J01GG9,DFL-CLU-00000Q
18233800001217,DFL-MAT-J03WOY,1,97.23,25.5,11.516201630746135,25.503090781106874,8.5,0,2,2,1.241692393469499,2,4,19.28,0.14,17.58,5.4640003660322,6.100573743509699,1,0.5275089994761046,18233800001217,DFL-MAT-J03WOY,openPlay,SuccessfulShot,0.2686,11.52,25.5,0.71,3.36,1.0,19.28,rightLeg,dribblingLess10m,otherPassFromOpenPlay,passOpenPlay,3,1,0,chance,notComplicated,direct,right,,DFL-OBJ-0026RH,DFL-CLU-00000P
18233800001240,DFL-MAT-J03WOY,0,93.28999999999999,37.55,12.23628211508709,32.159352370419484,3.549999999999997,1,2,3,0.439658958739626,5,4,6.9,2.19,48.97,0.9873196037757882,11.26489236522038,1,0.16947958378983743,18233800001240,DFL-MAT-J03WOY,openPlay,ShotWide,0.0272,12.24,32.16,1.25,0.98,1.0,6.9,head,volley,longPassFromOpenPlay,passOpenPlay,3,1,0,chance,notComplicated,direct,right,frontalVolley,DFL-OBJ-00019R,DFL-CLU-00000Q
18233800001256,DFL-MAT-J03WOY,0,84.97,38.2,20.46560284965972,19.881312595116253,4.200000000000003,0,1,2,2.4003333101884055,1,2,20.68,0.27,21.63,3.278353245152215,17.192850258174172,1,0.17556287134047394,18233800001256,DFL-MAT-J03WOY,openPlay,ShotWide,0.0765,20.47,19.88,0.62,3.24,2.0,20.68,rightLeg,dribblingMore10m,oppositionDefensiveAction,run,8,0,0,chance,notComplicated,indirect,insideLeft,,DFL-OBJ-002GM1,DFL-CLU-00000P
18233800001287,DFL-MAT-J03WOY,0,70.25999999999999,39.019999999999996,35.10082620110246,11.786614045983164,5.019999999999996,0,1,1,0.6744627491566836,0,0,18.43,0.19,14.34,3.6200552481971924,31.51911166260877,1,0.49792560151905885,18233800001287,DFL-MAT-J03WOY,openPlay,ShotWide,0.0202,35.1,11.79,0.77,3.62,3.0,18.43,leftLeg,dribblingLess10m,otherPassFromOpenPlay,passOpenPlay,8,0,0,none,notComplicated,others,insideRight,,DFL-OBJ-0026ZT,DFL-CLU-00000Q
18233800001334,DFL-MAT-J03WOY,0,76.45,30.5,28.763735849155616,14.399827564937553,3.5,2,0,0,9.914040548636061,5,5,9.84,0.21,0.39,1.3880922159568545,27.76809860253308,1,0.9501895074871631,18233800001334,DFL-MAT-J03WOY,FreeKick,SavedShot,0.0717,28.76,14.4,0.0,1.12,3.0,9.84,leftLeg,setPiece,ownSetPiece,freeKick,8,0,0,chance,notComplicated,,insideRight,,DFL-OBJ-J01GG9,DFL-CLU-00000Q
18233800001353,DFL-MAT-J03WOY,0,92.49,38.51,13.298127687761164,29.26062673953461,4.509999999999998,0,1,1,2.836987839240768,1,2,21.11,0.3,18.77,8.985326927830734,4.316769625541766,1,0.152119158989708,18233800001353,DFL-MAT-J03WOY,openPlay,ShotWide,0.467,13.3,29.26,0.57,8.4,0.0,21.11,leftLeg,dribblingLess10m,otherPassFromOpenPlay,passOpenPlay,3,1,0,sitter,notComplicated,direct,insideRight,,DFL-OBJ-J01H9X,DFL-CLU-00000P
18233800001371,DFL-MAT-J03WOY,0,96.17,43.03,12.629718920071024,23.862853119107882,9.030000000000001,0,2,3,0.5035871324805671,3,6,19.5,3.52,35.66,3.215493741247206,9.469973600807984,1,0.5160368208703855,18233800001371,DFL-MAT-J03WOY,openPlay,ShotWide,0.0211,12.63,23.86,1.65,1.85,2.0,19.5,head,volley,longPassFromOpenPlay,passOpenPlay,3,1,0,chance,complicated,direct,right,frontalVolley,DFL-OBJ-0026ZT,DFL-CLU-00000Q
18237400000209,DFL-MAT-J03WPY,0,95.2,38.96,10.983697009659359,33.778250810386986,4.960000000000001,1,1,3,1.8414125013152343,6,7,5.25,0.1,10.07,3.253997541486469,8.067149434589645,1,1.2330274577029725,18237400000209,DFL-MAT-J03WPY,openPlay,BlockedShot,0.1432,10.98,33.78,0.81,2.13,1.0,5.25,leftLeg,controlShot,otherPassFromOpenPlay,passOpenPlay,3,1,0,chance,notComplicated,direct,left,,DFL-OBJ-0000F8,DFL-CLU-00000P
18237400000279,DFL-MAT-J03WPY,0,92.39,26.64,14.600743131772436,24.79788759126302,7.359999999999999,0,1,1,1.9123022773609921,3,5,10.34,0.16,35.58,3.201562118716427,11.766923982077895,1,1.3352608031008704,18237400000279,DFL-MAT-J03WPY,openPlay,BlockedShot,0.0934,14.6,24.8,0.68,1.84,2.0,10.34,rightLeg,direct,otherPassFromOpenPlay,passOpenPlay,3,1,0,chance,notComplicated,direct,right,,DFL-OBJ-0028BZ,DFL-CLU-000005
18237400000283,DFL-MAT-J03WPY,0,88.03,36.73,17.188187804419638,23.77052627522746,2.729999999999997,4,1,1,2.1486972797488284,5,9,12.72,0.51,14.5,0.7969943538068429,16.400128048280607,1,0.11624262096358473,18237400000283,DFL-MAT-J03WPY,openPlay,ShotWide,0.0554,17.19,23.77,0.77,0.76,4.0,12.72,rightLeg,dribblingLess10m,oppositionDefensiveAction,cornerKick,8,0,0,chance,notComplicated,indirect,right,,DFL-OBJ-0028T3,DFL-CLU-000005
18237400000357,DFL-MAT-J03WPY,0,91.78999999999999,51.230000000000004,21.711218298382068,11.922204217125937,17.230000000000004,0,1,1,1.2844454056128711,1,3,18.5,0.08,20.29,4.501399782289954,17.222914968146362,1,0.3055931688777824,18237400000357,DFL-MAT-J03WPY,openPlay,ShotWide,0.0289,21.71,11.92,0.76,2.49,1.0,18.5,leftLeg,dribblingLess10m,otherPassFromOpenPlay,passOpenPlay,2,1,0,chance,notComplicated,direct,left,,DFL-OBJ-0026RH,DFL-CLU-00000P
18237400000369,DFL-MAT-J03WPY,0,67.78,24.380000000000003,38.44311121644553,10.538787639936361,9.619999999999997,0,1,1,2.056817930688077,0,0,17.0,0.16,14.75,3.079025819963201,35.36948402224719,1,0.1748141549252426,18237400000369,DFL-MAT-J03WPY,openPlay,ShotWide,0.0205,38.44,10.54,0.6,3.02,2.0,17.0,rightLeg,dribblingMore10m,oppositionDefensiveAction,passOpenPlay,9,0,0,none,notComplicated,indirect,right,,DFL-OBJ-002FXT,DFL-CLU-00000P
18237400000411,DFL-MAT-J03WPY,0,81.56,46.14,26.39721955055115,14.093546107177453,12.14,2,1,1,2.9230805667993525,7,7,9.02,0.1,11.87,1.9156461051039688,24.485965367940874,1,0.12486163528276718,18237400000411,DFL-MAT-J03WPY,openPlay,BlockedShot,0.0171,26.4,14.09,0.5,1.64,3.0,9.02,rightLeg,dribblingLess10m,otherPassFromOpenPlay,passOpenPlay,7,0,0,chance,notComplicated,direct,left,,DFL-OBJ-0000F8,DFL-CLU-00000P
18237400000414,DFL-MAT-J03WPY,0,93.38,32.51,11.715139777228444,34.48095753561881,1.490000000000002,0,1,3,1.786309043810728,6,6,9.65,0.05,38.27,1.6671532623007452,10.264214534001129,1,0.7680403453221702,18237400000414,DFL-MAT-J03WPY,openPlay,BlockedShot,0.0915,11.72,34.48,1.07,1.37,3.0,9.65,rightLeg,volley,crossFromOpenPlay,crossOpenPlay,3,1,0,chance,notComplicated,direct,right,frontalVolley,DFL-OBJ-002G5J,DFL-CLU-00000P
18237400000433,DFL-MAT-J03WPY,0,79.64,40.34,26.140489666415966,15.48787062610753,6.340000000000003,1,0,1,3.833027524033713,1,0,19.01,0.13,18.08,3.779272416749026,22.364715513504745,1,0.15037208752252446,18237400000433,DFL-MAT-J03WPY,openPlay,SavedShot,0.0291,26.14,15.49,0.45,3.7,2.0,19.01,rightLeg,dribblingMore10m,teammateAction,lossOfPossession,8,0,0,chance,notComplicated,others,left,,DFL-OBJ-0000EJ,DFL-CLU-000005
18237400000500,DFL-MAT-J03WPY,0,81.77,22.659999999999997,25.8501160538981,14.556761844759453,11.340000000000003,2,1,1,1.6018114745499925,1,2,9.17,0.2,10.24,2.939931972002072,22.941536565801346,1,0.4033869704204906,18237400000500,DFL-MAT-J03WPY,openPlay,ShotWide,0.0198,25.85,14.56,0.8,2.44,2.0,9.17,rightLeg,dribblingLess10m,otherPassFromOpenPlay,passOpenPlay,9,0,0,chance,notComplicated,direct,insideRight,,DFL-OBJ-0000F8,DFL-CLU-00000P
18237400000677,DFL-MAT-J03WPY,0,91.67,25.21,15.967247727770742,21.995937091600325,8.79,0,0,1,3.426543447849451,4,7,5.98,0.0,7.56,5.260608329841702,10.772418484258777,1,0.6808311729950094,18237400000677,DFL-MAT-J03WPY,openPlay,SavedShot,0.1423,15.97,22.0,0.39,3.98,1.0,5.98,rightLeg,dribblingLess10m,teammateAction,passOpenPlay,4,1,0,chance,notComplicated,others,left,,DFL-OBJ-0000F8,DFL-CLU-00000P
18237400000708,DFL-MAT-J03WPY,0,87.39,36.4,17.772791001978277,23.08205426075954,2.3999999999999986,0,2,4,1.2637246535539282,2,3,15.07,0.13,19.47,3.569229608753124,14.20579107265766,1,0.11277350866146679,18237400000708,DFL-MAT-J03WPY,openPlay,SavedShot,0.1235,17.77,23.08,0.9,3.55,0.0,15.07,leftLeg,dribblingMore10m,otherPassFromOpenPlay,run,8,0,0,chance,notComplicated,others,insideLeft,,DFL-OBJ-0028T3,DFL-CLU-000005
18237400000759,DFL-MAT-J03WPY,0,88.48,20.91,21.07744054670775,15.677358068367234,13.09,0,2,2,0.8668333173107793,0,1,28.27,0.18,25.41,17.47100455039721,3.6097229810610068,1,0.1402162655114995,18237400000759,DFL-MAT-J03WPY,openPlay,ShotWide,0.1118,21.08,15.68,1.62,15.49,2.0,28.27,rightLeg,dribblingLess10m,otherPassFromOpenPlay,passOpenPlay,4,1,1,chance,notComplicated,direct,insideRight,,DFL-OBJ-0028T3,DFL-CLU-000005
18237400000797,DFL-MAT-J03WPY,1,95.1,36.97,10.33590344382145,37.796995287816294,2.969999999999999,0,2,2,1.6646921637347807,3,5,21.5,0.76,41.44,3.999412456849126,7.194720286432274,1,2.0440012926619335,18237400000797,DFL-MAT-J03WPY,openPlay,SuccessfulShot,0.5674,10.34,37.8,0.04,3.88,0.0,21.5,rightLeg,direct,otherPassFromOpenPlay,passOpenPlay,3,1,0,sitter,notComplicated,direct,insideRight,,DFL-OBJ-J0178P,DFL-CLU-000005
18237400000832,DFL-MAT-J03WPY,0,87.83,35.52,17.237148836161975,23.892464916970695,1.5200000000000031,4,1,2,2.686931335185178,6,9,17.99,0.33,17.53,2.241428116179513,14.999283316212138,1,0.11783851374183056,18237400000832,DFL-MAT-J03WPY,openPlay,ShotWide,0.0739,17.24,23.89,0.87,2.24,5.0,17.99,leftLeg,direct,otherPassFromOpenPlay,passOpenPlay,8,0,0,chance,notComplicated,direct,insideRight,,DFL-OBJ-0028T3,DFL-CLU-000005
18237400000860,DFL-MAT-J03WPY,0,96.93,47.3,15.556828082870872,14.487650077946423,13.299999999999997,0,0,1,4.953079849951939,2,3,21.79,0.0,19.61,5.358096676992682,10.217812877519329,1,0.3660900518834338,18237400000860,DFL-MAT-J03WPY,openPlay,ShotWide,0.082,15.56,14.49,0.02,2.69,0.0,21.79,leftLeg,direct,longPassFromOpenPlay,passOpenPlay,2,1,0,chance,notComplicated,direct,insideRight,,DFL-OBJ-0026RH,DFL-CLU-00000P
18237400000929,DFL-MAT-J03WPY,0,81.05,26.97,24.960436694897794,16.043937114323896,7.030000000000001,0,1,1,1.6162301816263704,0,0,26.68,0.41,22.42,4.938754903819393,20.02335885909254,1,0.11526641281032372,18237400000929,DFL-MAT-J03WPY,openPlay,ShotWide,0.0468,24.96,16.04,0.6,4.77,1.0,26.68,rightLeg,dribblingMore10m,oppositionMisplacedPass,lossOfPossession,8,0,0,none,notComplicated,,insideLeft,,DFL-OBJ-002FXT,DFL-CLU-00000P
18237400001072,DFL-MAT-J03WPY,0,92.58,21.47,17.642485652537744,16.97342256073728,12.530000000000001,1,1,2,0.9264987857520386,3,5,11.48,0.22,22.84,4.033906295391599,13.682211078623228,1,0.6754377038864715,18237400001072,DFL-MAT-J03WPY,openPlay,BlockedShot,0.0242,17.64,16.97,1.27,2.32,2.0,11.48,rightLeg,direct,otherPassFromOpenPlay,passOpenPlay,4,1,1,chance,notComplicated,direct,right,,DFL-OBJ-0000F8,DFL-CLU-00000P
18237400001144,DFL-MAT-J03WPY,0,89.64,39.629999999999995,16.35929399454634,23.85770914817294,5.6299999999999955,0,1,2,2.6196373794859356,2,4,16.1,0.28,15.9,3.480359176866667,12.895991625307447,1,0.3055327449745819,18237400001144,DFL-MAT-J03WPY,openPlay,BlockedShot,0.1255,16.36,23.86,0.48,3.15,1.0,16.1,rightLeg,dribblingMore10m,otherPassFromOpenPlay,passOpenPlay,3,1,0,chance,notComplicated,others,insideLeft,,DFL-OBJ-002G78,DFL-CLU-000005
18237400001163,DFL-MAT-J03WPY,0,72.96,20.83,34.64116770549169,11.180331757196685,13.170000000000002,0,0,2,3.4851829220286343,0,0,13.94,0.41,7.13,8.022973264320408,26.63695553174199,1,0.4808238608353682,18237400001163,DFL-MAT-J03WPY,openPlay,ShotWide,0.0387,34.64,11.18,0.37,7.59,0.0,13.94,rightLeg,dribblingLess10m,reboundOutfieldPlayer,passOpenPlay,9,0,0,none,notComplicated,indirect,insideLeft,,DFL-OBJ-J01NQ8,DFL-CLU-00000P
18237400001175,DFL-MAT-J03WPY,0,92.15,32.27,12.965932284259388,31.297536075212133,1.7299999999999969,0,2,4,0.7513321502504702,3,6,13.96,2.6,54.53,1.8208239892971598,11.241067564960177,1,0.5429613425134553,18237400001175,DFL-MAT-J03WPY,openPlay,ShotWide,0.0525,12.97,31.3,0.83,1.65,1.0,13.96,head,volley,crossFromOpenPlay,crossOpenPlay,3,1,0,chance,notComplicated,direct,right,frontalVolley,DFL-OBJ-002FXT,DFL-CLU-00000P
18237400001394,DFL-MAT-J03WPY,0,84.01,24.07,23.22035744772246,16.289480858392217,9.93,1,1,2,2.469109151090731,1,2,18.99,0.24,15.96,3.071221255461748,20.157405587029288,1,0.20984173094535388,18237400001394,DFL-MAT-J03WPY,openPlay,BlockedShot,0.0353,23.22,16.29,0.71,2.68,1.0,18.99,rightLeg,dribblingLess10m,oppositionDefensiveAction,passOpenPlay,9,0,0,chance,notComplicated,indirect,insideLeft,,DFL-OBJ-002GM1,DFL-CLU-00000P
18237400001400,DFL-MAT-J03WPY,0,85.89,29.27,19.686670617450783,20.498521331257606,4.73,2,0,0,5.580224009840467,5,10,12.21,0.41,22.57,1.672632655426769,18.17845152921447,1,0.6947899045903345,18237400001400,DFL-MAT-J03WPY,openPlay,ShotWide,0.0718,19.69,20.5,0.17,1.31,3.0,12.21,rightLeg,direct,oppositionDefensiveAction,throwIn,8,0,0,chance,notComplicated,indirect,right,,DFL-OBJ-00028V,DFL-CLU-00000P
18237400001417,DFL-MAT-J03WPY,0,84.58,41.89,21.89128822157344,17.79016694312357,7.890000000000001,1,0,2,3.221443775700577,2,2,12.41,0.0,10.33,5.196046574079184,16.70739357290658,1,0.31025583927522227,18237400001417,DFL-MAT-J03WPY,openPlay,SavedShot,0.089,21.89,17.79,0.39,4.95,1.0,12.41,rightLeg,direct,oneTwo,passOpenPlay,8,0,0,chance,notComplicated,direct,insideLeft,,DFL-OBJ-002G78,DFL-CLU-000005
18237400001436,DFL-MAT-J03WPY,0,94.79,44.26,14.474518990280812,20.861168797775292,10.259999999999998,2,1,1,2.1284971223847164,5,9,11.45,0.92,49.17,3.290972500644754,11.240391452258232,1,0.5365428727002802,18237400001436,DFL-MAT-J03WPY,openPlay,BlockedShot,0.0923,14.47,20.86,0.62,1.91,2.0,11.45,leftLeg,volley,otherPassFromOpenPlay,passOpenPlay,2,1,0,chance,notComplicated,direct,insideRight,frontalVolley,DFL-OBJ-J01CP5,DFL-CLU-00000P
18240200000048,DFL-MAT-J03WQQ,0,88.58,16.14,24.26099750628568,11.802746462290662,17.86,0,2,2,2.7071756500086934,1,4,19.62,0.1,16.5,3.0360665341853075,21.231818103968397,1,0.19119576591186271,18240200000048,DFL-MAT-J03WQQ,openPlay,SavedShot,0.0251,24.26,11.8,0.62,1.91,1.0,19.62,leftLeg,dribblingLess10m,otherPassFromOpenPlay,passOpenPlay,9,0,0,chance,notComplicated,others,right,,DFL-OBJ-00008K,DFL-CLU-00000P
18240200000164,DFL-MAT-J03WQQ,0,83.9,29.729999999999997,21.52772398559587,18.941738365748293,4.270000000000003,1,2,3,2.005617112013151,0,0,14.44,0.32,29.04,2.654147697472762,18.88712789176798,1,0.25089507853287296,18240200000164,DFL-MAT-J03WQQ,openPlay,SavedShot,0.0375,21.53,18.94,1.18,2.54,2.0,14.44,rightLeg,dribblingLess10m,oppositionMisplacedPass,lossOfPossession,8,0,0,chance,notComplicated,,insideLeft,,DFL-OBJ-J01KJ5,DFL-CLU-00000P
18240200000195,DFL-MAT-J03WQQ,0,102.59,41.75,8.116070477762005,18.581766600614355,7.75,0,0,0,7.608679254640728,3,4,11.54,0.0,43.67,7.41238153362332,4.814145822469435,0,4.331505017893071,18240200000195,DFL-MAT-J03WQQ,openPlay,ShotWide,0.1666,8.12,18.58,0.0,4.11,0.0,11.54,rightLeg,direct,otherPassFromOpenPlay,passOpenPlay,3,1,0,chance,complicated,direct,insideRight,,DFL-OBJ-0026V5,DFL-CLU-00000H
18240200000220,DFL-MAT-J03WQQ,0,95.63,33.87,9.370901770907647,42.66557567088572,0.13000000000000256,0,1,2,2.306729286240584,4,6,13.7,1.51,48.32,2.008083663595724,7.787746785816805,1,1.1232003341104868,18240200000220,DFL-MAT-J03WQQ,openPlay,SavedShot,0.2479,9.37,42.67,0.68,1.68,1.0,13.7,head,volley,crossFromOpenPlay,crossOpenPlay,3,1,0,sitter,notComplicated,direct,left,frontalVolley,DFL-OBJ-J014L2,DFL-CLU-00000H
18240200000224,DFL-MAT-J03WQQ,0,93.33,35.12,11.72362145414121,34.552912817702236,1.1199999999999974,1,3,5,0.5755866572463264,6,8,4.8,2.33,56.86,0.6935416353759868,11.08817838961838,1,0.27021513893055343,18240200000224,DFL-MAT-J03WQQ,openPlay,SavedShot,0.0298,11.72,34.55,2.09,0.61,4.0,4.8,head,volley,cornerKick,cornerKick,3,1,0,chance,notComplicated,direct,right,frontalVolley,DFL-OBJ-J014L2,DFL-CLU-00000H
18240200000248,DFL-MAT-J03WQQ,0,97.75,36.379999999999995,7.630655279856375,49.810284987706716,2.3799999999999955,1,1,2,0.5080354318352208,4,5,18.58,2.24,45.81,2.4495101551126517,5.861689176338159,1,1.4730713926591568,18240200000248,DFL-MAT-J03WQQ,openPlay,BlockedShot,0.2628,7.63,49.81,1.04,1.4,1.0,18.58,head,volley,crossFromOpenPlay,crossOpenPlay,3,1,0,chance,notComplicated,direct,left,frontalVolley,DFL-OBJ-002FXT,DFL-CLU-00000P
18240200000251,DFL-MAT-J03WQQ,0,91.35,26.96,15.35851880879143,24.184508640719024,7.039999999999999,2,1,2,2.8220737056285414,5,9,12.9,0.25,52.03,1.387083270751977,14.063587735709554,1,0.4756578476707249,18240200000251,DFL-MAT-J03WQQ,openPlay,SavedShot,0.0616,15.36,24.18,0.71,0.94,5.0,12.9,rightLeg,direct,cornerKick,cornerKick,3,1,0,chance,notComplicated,direct,left,,DFL-OBJ-0026RH,DFL-CLU-00000P
18240200000330,DFL-MAT-J03WQQ,0,94.21000000000001,22.4,15.842477710257315,18.388627257753015,11.600000000000001,0,2,3,0.7291776189653699,6,8,10.08,3.47,32.75,3.0594443940035965,13.001557598995579,1,1.0278632104028012,18240200000330,DFL-MAT-J03WQQ,openPlay,BlockedShot,0.0245,15.84,18.39,1.33,1.21,3.0,10.08,leftLeg,dribblingMore10m,otherPassFromOpenPlay,passOpenPlay,4,1,0,chance,notComplicated,others,insideLeft,,DFL-OBJ-002GM1,DFL-CLU-00000P
18240200000386,DFL-MAT-J03WQQ,1,85.68,49.7,24.894826771841572,13.12856893980724,15.700000000000003,0,1,1,2.3928643923131148,0,0,22.24,0.25,21.07,6.0056057146635995,19.019855414802702,1,1.088475137760349,18240200000386,DFL-MAT-J03WQQ,openPlay,SuccessfulShot,0.0482,24.89,13.13,0.45,5.27,0.0,22.24,leftLeg,direct,header,passOpenPlay,7,0,0,chance,notComplicated,direct,insideLeft,,DFL-OBJ-00008K,DFL-CLU-00000P
18240200000419,DFL-MAT-J03WQQ,0,97.9,44.56,12.724920431971272,19.285647263487867,10.560000000000002,0,0,1,4.371006749022471,4,7,17.19,1.06,48.17,4.387710108929256,8.337409669675589,1,0.03385482858639744,18240200000419,DFL-MAT-J03WQQ,openPlay,ShotWide,0.171,12.72,19.29,0.19,2.42,0.0,17.19,leftLeg,volley,crossFromOpenPlay,crossOpenPlay,2,1,0,chance,notComplicated,direct,right,frontalVolley,DFL-OBJ-0002EL,DFL-CLU-00000H
18240200000656,DFL-MAT-J03WQQ,0,100.54,44.21,11.141620169436758,16.426001728067455,10.21,0,0,1,3.4739746688771365,6,8,14.97,0.43,63.1,2.28641641001809,8.885685117085794,1,0.33224072834168794,18240200000656,DFL-MAT-J03WQQ,openPlay,SavedShot,0.1153,11.14,16.43,0.51,1.21,1.0,14.97,rightLeg,direct,cornerKick,cornerKick,2,1,0,chance,notComplicated,direct,left,,DFL-OBJ-J01PRP,DFL-CLU-00000H
18240200000706,DFL-MAT-J03WQQ,0,91.26,45.480000000000004,17.904692122457732,18.129336561168262,11.480000000000004,0,1,1,1.1961605243444593,1,1,24.07,0.09,18.82,9.204227289675108,8.714596949945532,1,0.3556274498578729,18240200000706,DFL-MAT-J03WQQ,openPlay,SavedShot,0.2213,17.9,18.13,0.54,7.28,0.0,24.07,leftLeg,dribblingLess10m,otherPassFromOpenPlay,passOpenPlay,2,1,0,sitter,notComplicated,direct,insideLeft,,DFL-OBJ-00008K,DFL-CLU-00000P
18240200000758,DFL-MAT-J03WQQ,0,83.0,31.73,22.116801305794652,18.700544399100163,2.2699999999999996,1,1,2,1.7042593699317026,2,5,8.67,0.24,8.76,1.6304907236780082,20.548790718677328,1,0.43087605066575674,18240200000758,DFL-MAT-J03WQQ,openPlay,SavedShot,0.0365,22.12,18.7,0.69,1.52,2.0,8.67,leftLeg,dribblingMore10m,otherPassFromOpenPlay,passOpenPlay,8,0,0,chance,notComplicated,others,insideRight,,DFL-OBJ-002FZR,DFL-CLU-00000H
18240200000762,DFL-MAT-J03WQQ,0,94.6,49.18,18.400880413719342,13.175578556888615,15.18,0,0,1,4.937944916663207,3,5,17.5,0.13,26.74,3.616144355525653,14.80661001039738,1,0.35622208571676567,18240200000762,DFL-MAT-J03WQQ,openPlay,SavedShot,0.0417,18.4,13.18,0.16,1.74,0.0,17.5,leftLeg,direct,oppositionGoalkeeperAction,passOpenPlay,2,1,0,chance,notComplicated,indirect,insideRight,,DFL-OBJ-0002EL,DFL-CLU-00000H
18240200000801,DFL-MAT-J03WQQ,0,83.02,32.21,22.05276626638935,18.788650527300174,1.7899999999999991,2,1,2,1.1700427342623019,3,6,8.34,0.26,10.86,1.7318487231857072,20.33615991282525,1,0.2201583212442426,18240200000801,DFL-MAT-J03WQQ,openPlay,BlockedShot,0.0324,22.05,18.79,0.52,1.73,3.0,8.34,leftLeg,controlShot,oppositionDefensiveAction,passOpenPlay,8,0,0,chance,notComplicated,indirect,insideLeft,,DFL-OBJ-002GNL,DFL-CLU-00000H
18240200000922,DFL-MAT-J03WQQ,0,90.97,28.64,15.019004627471157,25.82850233021929,5.359999999999999,1,0,1,4.366153913915542,5,6,17.19,0.0,27.63,1.4301398533010699,13.636282484607012,1,0.34796580263654525,18240200000922,DFL-MAT-J03WQQ,openPlay,SavedShot,0.1204,15.02,25.83,0.31,1.42,2.0,17.19,leftLeg,direct,otherPassFromOpenPlay,passOpenPlay,3,1,0,chance,notComplicated,direct,left,,DFL-OBJ-002GM1,DFL-CLU-00000P
18240200000955,DFL-MAT-J03WQQ,0,86.67,44.739999999999995,21.244681687424734,17.033929194528884,10.739999999999995,0,1,2,1.534731246831193,3,4,14.29,0.24,14.0,2.2706827167175936,18.974343203389147,1,0.03736464549948533,18240200000955,DFL-MAT-J03WQQ,openPlay,BlockedShot,0.0401,21.24,17.03,0.59,1.94,1.0,14.29,rightLeg,dribblingLess10m,otherPassFromOpenPlay,passOpenPlay,8,0,0,chance,notComplicated,direct,left,,DFL-OBJ-0027QN,DFL-CLU-00000H
18240200001036,DFL-MAT-J03WQQ,0,95.33,34.36,9.676698817262013,41.41637462318562,0.35999999999999943,1,3,6,0.40853396431631844,4,7,8.22,2.8,15.42,0.42449970553581906,9.263374115299461,1,0.09467071542681364,18240200001036,DFL-MAT-J03WQQ,openPlay,SavedShot,0.047,9.68,41.42,1.69,0.41,3.0,8.22,head,volley,crossFromOpenPlay,crossOpenPlay,3,1,0,chance,notComplicated,direct,left,frontalVolley,DFL-OBJ-002GN4,DFL-CLU-00000H
18240200001060,DFL-MAT-J03WQQ,0,80.41,45.07,26.9668871025189,14.152859638642205,11.07,3,0,0,8.708995349637064,4,9,7.37,0.0,12.34,1.3237824594698397,26.157541933446268,1,1.0315094914088856,18240200001060,DFL-MAT-J03WQQ,FreeKick,BlockedShot,0.0563,26.97,14.15,0.0,1.18,4.0,7.37,rightLeg,setPiece,ownSetPiece,freeKick,7,0,0,chance,notComplicated,,insideLeft,,DFL-OBJ-002FXT,DFL-CLU-00000P
18240200001066,DFL-MAT-J03WQQ,0,89.25,38.29,16.32380470356099,24.492294759536623,4.289999999999999,2,1,1,2.983906835006746,6,9,12.28,0.75,20.96,2.531580533974774,14.07971945743238,1,1.0874119313696335,18240200001066,DFL-MAT-J03WQQ,openPlay,ShotWide,0.0861,16.32,24.49,0.66,1.92,3.0,12.28,leftLeg,direct,otherPassFromOpenPlay,passOpenPlay,3,1,0,chance,notComplicated,direct,left,,DFL-OBJ-J0130T,DFL-CLU-00000P
18240200001075,DFL-MAT-J03WQQ,0,86.33,48.53,23.657764053265897,14.045211043359732,14.530000000000001,0,2,2,1.9043634106966087,4,4,13.14,0.16,20.03,2.831430733745759,20.826646393502717,1,0.039505001313550295,18240200001075,DFL-MAT-J03WQQ,openPlay,BlockedShot,0.0264,23.66,14.05,1.14,2.21,1.0,13.14,rightLeg,dribblingLess10m,otherPassFromOpenPlay,passOpenPlay,7,0,0,none,notComplicated,others,insideLeft,,DFL-OBJ-0026RH,DFL-CLU-00000P
18240200001089,DFL-MAT-J03WQQ,0,96.17,37.31,9.430005302225444,40.55583408833919,3.3100000000000023,1,3,5,0.8668333173107718,6,8,6.07,2.11,46.8,1.938298222668531,7.679635408012547,1,0.7504555695562435,18240200001089,DFL-MAT-J03WQQ,openPlay,ShotWide,0.1405,9.43,40.56,0.65,1.41,1.0,6.07,head,volley,throwIn,throwIn,3,1,0,chance,notComplicated,direct,left,frontalVolley,DFL-OBJ-002FXT,DFL-CLU-00000P
18240200001210,DFL-MAT-J03WQQ,0,83.48,42.14,23.0080420722842,16.977371054610153,8.14,1,0,1,3.575136361035757,1,3,7.81,1.1,21.52,2.77180446640813,20.401080853719478,1,0.8864639562081261,18240200001210,DFL-MAT-J03WQQ,openPlay,ShotWide,0.0439,23.01,16.98,0.27,2.77,1.0,7.81,rightLeg,direct,otherPassFromOpenPlay,passOpenPlay,8,0,0,chance,notComplicated,others,insideRight,,DFL-OBJ-002FZR,DFL-CLU-00000H
18240200001227,DFL-MAT-J03WQQ,0,96.32,36.14,8.939910514093533,43.68360581742722,2.1400000000000006,1,3,4,0.9617692030835687,6,8,12.14,2.13,55.6,1.0565036677645672,7.885290102462955,1,0.05921759498212591,18240200001227,DFL-MAT-J03WQQ,openPlay,ShotWide,0.1353,8.94,43.68,1.04,1.01,3.0,12.14,head,volley,cornerKick,cornerKick,3,1,0,chance,notComplicated,direct,right,frontalVolley,DFL-OBJ-002GM9,DFL-CLU-00000P
18240200001444,DFL-MAT-J03WQQ,0,87.19,31.25,18.02105990223661,22.719297435713564,2.75,2,1,1,2.795084971874738,4,6,8.2,0.12,7.99,1.3500370365289927,16.689793288114753,1,0.21589185214999945,18240200001444,DFL-MAT-J03WQQ,openPlay,BlockedShot,0.0485,18.02,22.72,0.92,1.35,3.0,8.2,leftLeg,direct,teammateAction,freeKick,8,0,0,chance,notComplicated,others,left,,DFL-OBJ-J014L2,DFL-CLU-00000H
18240200001463,DFL-MAT-J03WQQ,0,74.2,36.879999999999995,30.93435630492414,13.438686554052326,2.8799999999999955,0,1,2,1.649242250247069,0,0,16.63,0.3,15.1,5.256386591566493,25.721664020821045,1,0.6166865026043361,18240200001463,DFL-MAT-J03WQQ,openPlay,ShotWide,0.0226,30.93,13.44,0.37,5.14,1.0,16.63,rightLeg,dribblingLess10m,otherPassFromOpenPlay,passOpenPlay,8,0,0,chance,notComplicated,others,left,,DFL-OBJ-0028HW,DFL-CLU-00000H
18240200001478,DFL-MAT-J03WQQ,0,90.64,29.490000000000002,15.051568024627866,26.249833630260262,4.509999999999998,1,2,4,2.2415396494374122,4,6,1.7,0.0,4.74,1.6821712160181563,13.468125333542154,1,0.5370071733904862,18240200001478,DFL-MAT-J03WQQ,openPlay,ShotWide,0.046,15.05,26.25,1.11,1.36,2.0,1.7,leftLeg,controlShot,teammateAction,passOpenPlay,3,1,0,chance,notComplicated,others,left,,DFL-OBJ-0028HW,DFL-CLU-00000H
18242100000110,DFL-MAT-J03WR9,0,97.38,36.56,8.038532204326861,47.4381312058804,2.5600000000000023,0,1,3,0.45310043036836994,6,7,16.42,1.89,64.86,1.7708754896942998,6.267663041357598,1,0.0041798675611345966,18242100000110,DFL-MAT-J03WR9,openPlay,SavedShot,0.0823,8.04,47.44,1.0,1.68,1.0,16.42,head,volley,freeKick,freeKick,3,1,0,chance,complicated,direct,right,frontalVolley,DFL-OBJ-002GM9,DFL-CLU-00000P
18242100000112,DFL-MAT-J03WR9,0,95.61,44.29,13.930405593520957,20.830003053837537,10.29,2,1,1,1.7961069010501618,6,7,12.74,0.4,15.7,2.64168506828501,11.528508142860467,1,0.9994899219930645,18242100000112,DFL-MAT-J03WR9,openPlay,BlockedShot,0.0525,13.93,20.83,0.78,0.91,4.0,12.74,leftLeg,direct,oppositionGoalkeeperAction,freeKick,3,1,0,chance,notComplicated,indirect,right,,DFL-OBJ-00008K,DFL-CLU-00000P
18242100000118,DFL-MAT-J03WR9,0,102.46,29.52,5.1499514560818955,54.778148511362055,4.48,0,1,2,0.45276925690687336,6,9,15.15,1.23,23.82,2.0382345301755604,6.091469445051828,0,1.9402901338418146,18242100000118,DFL-MAT-J03WR9,openPlay,SavedShot,0.2353,5.15,54.78,0.97,1.38,2.0,15.15,head,volley,header,cornerKick,3,1,0,chance,complicated,direct,left,frontalVolley,DFL-OBJ-002GMO,DFL-CLU-00000P
18242100000216,DFL-MAT-J03WR9,1,88.36,38.0,17.114017646362296,23.54779872741799,4.0,0,2,3,0.8781799360040092,2,5,17.21,0.22,19.67,3.8637417097937674,13.251071654775691,1,0.06899607236591435,18242100000216,DFL-MAT-J03WR9,openPlay,SuccessfulShot,0.056,17.11,23.55,1.2,3.74,1.0,17.21,rightLeg,dribblingMore10m,otherPassFromOpenPlay,passOpenPlay,8,0,0,chance,notComplicated,others,insideLeft,,DFL-OBJ-J01KJ5,DFL-CLU-00000P
18242100000263,DFL-MAT-J03WR9,0,75.25,34.7,29.75823415459997,14.01959608416459,0.7000000000000028,1,0,2,3.134453700407775,0,0,14.01,0.15,13.09,2.7492544443903317,27.03166476560406,1,0.3359070282217935,18242100000263,DFL-MAT-J03WR9,openPlay,SavedShot,0.0269,29.76,14.02,0.0,2.72,1.0,14.01,rightLeg,dribblingMore10m,otherPassFromOpenPlay,passOpenPlay,8,0,0,chance,notComplicated,others,left,,DFL-OBJ-002FXT,DFL-CLU-00000P
18242100000296,DFL-MAT-J03WR9,0,98.45,21.71,13.92647119696874,14.871870109354646,12.29,0,1,1,0.46818799642878167,1,4,16.26,0.12,7.22,4.45171876919466,9.499894736258922,1,0.39013472423529033,18242100000296,DFL-MAT-J03WR9,openPlay,BlockedShot,0.0683,13.93,14.87,0.88,2.43,1.0,16.26,rightLeg,direct,otherPassFromOpenPlay,passOpenPlay,4,1,0,chance,notComplicated,direct,insideRight,,DFL-OBJ-0000YE,DFL-CLU-00000I
18242100000496,DFL-MAT-J03WR9,0,81.95,24.06,25.101914269632903,15.301132196628913,9.940000000000001,1,1,1,2.5678006153126454,2,4,13.24,0.16,12.24,2.9497966031575786,22.168468598439542,1,0.2914638270775586,18242100000496,DFL-MAT-J03WR9,openPlay,ShotWide,0.0245,25.1,15.3,0.56,2.58,1.0,13.24,rightLeg,dribblingMore10m,otherPassFromOpenPlay,run,8,0,0,chance,notComplicated,others,insideRight,,DFL-OBJ-002GM1,DFL-CLU-00000P
18242100000567,DFL-MAT-J03WR9,0,85.59,50.46,25.4495520589263,12.625971200641706,16.46,0,1,1,0.6545991139621212,1,3,18.03,0.12,17.76,4.010049875001558,21.448841460554455,1,0.2511006867705791,18242100000567,DFL-MAT-J03WR9,openPlay,SavedShot,0.019,25.45,12.63,0.92,2.89,1.0,18.03,leftLeg,dribblingMore10m,otherPassFromOpenPlay,passOpenPlay,7,0,0,chance,notComplicated,others,left,,DFL-OBJ-002FXT,DFL-CLU-00000P
18242100000653,DFL-MAT-J03WR9,0,87.65,26.25,19.00223671045069,20.065949189931043,7.75,0,1,1,1.7240939649566709,0,1,23.22,0.13,13.7,12.607434314720816,6.520153372429207,1,1.035509677088603,18242100000653,DFL-MAT-J03WR9,openPlay,ShotWide,0.3421,19.0,20.07,0.1,11.31,0.0,23.22,rightLeg,dribblingLess10m,oppositionMisplacedPass,lossOfPossession,8,0,0,sitter,notComplicated,,insideRight,,DFL-OBJ-00028V,DFL-CLU-00000P
18242100000680,DFL-MAT-J03WR9,0,76.2,50.95,33.417697407212245,10.817101232540818,16.950000000000003,2,0,1,4.098902292077721,0,2,13.41,0.43,37.63,3.6685964618638525,29.794833444743404,1,0.54523505249251,18242100000680,DFL-MAT-J03WR9,openPlay,ShotWide,0.0237,33.42,10.82,0.0,2.85,2.0,13.41,rightLeg,volley,oppositionDefensiveAction,throwIn,7,0,0,chance,notComplicated,indirect,left,frontalVolley,DFL-OBJ-002FXT,DFL-CLU-00000P
18242100000699,DFL-MAT-J03WR9,0,82.19,24.03,24.893714066004698,15.397010953397835,9.969999999999999,2,1,1,2.8671414335536283,6,8,14.58,0.69,0.0,2.8937346111901743,22.01933014421648,1,0.3142038178498031,18242100000699,DFL-MAT-J03WR9,openPlay,BlockedShot,0.0186,24.89,15.4,0.51,2.51,5.0,14.58,rightLeg,direct,oppositionDefensiveAction,cornerKick,9,0,0,chance,notComplicated,indirect,left,,DFL-OBJ-0000NZ,DFL-CLU-00000P
18242100000746,DFL-MAT-J03WR9,0,88.84,47.17,20.846930229652518,15.687080680394999,13.170000000000002,1,0,2,4.285335459447725,3,6,5.8,0.0,20.67,2.877168747223561,18.092053504232183,1,0.7729579282171677,18242100000746,DFL-MAT-J03WR9,openPlay,ShotWoodWork,0.0221,20.85,15.69,0.32,1.66,3.0,5.8,rightLeg,direct,otherPassFromOpenPlay,crossOpenPlay,2,1,0,chance,notComplicated,direct,left,,DFL-OBJ-0025YM,DFL-CLU-00000I
18242100000750,DFL-MAT-J03WR9,0,89.01,44.91,19.357381021202215,17.949671832773454,10.909999999999997,0,0,0,5.893742444321769,4,4,11.56,0.37,26.32,1.8853381659532598,17.47921336902779,1,0.15610066241349127,18242100000750,DFL-MAT-J03WR9,openPlay,ShotWide,0.0617,19.36,17.95,0.14,1.64,1.0,11.56,rightLeg,direct,otherPassFromOpenPlay,passOpenPlay,2,1,0,chance,notComplicated,direct,insideRight,scoop,DFL-OBJ-0025YM,DFL-CLU-00000I
18242100000756,DFL-MAT-J03WR9,0,85.68,34.99,19.345348278074493,21.401107493130574,0.990000000000002,0,1,2,2.1162466774929696,2,4,12.11,0.0,26.3,4.415993659415734,14.95982954448345,1,0.45538079094623485,18242100000756,DFL-MAT-J03WR9,openPlay,ShotWide,0.1443,19.35,21.4,0.39,4.41,0.0,12.11,rightLeg,direct,otherPassFromOpenPlay,passOpenPlay,8,0,0,chance,notComplicated,direct,insideRight,,DFL-OBJ-0025YM,DFL-CLU-00000I
18242100000767,DFL-MAT-J03WR9,0,78.44,31.92,26.641321288554742,15.59929518409638,2.0799999999999983,1,1,1,2.0330518930907897,0,1,9.65,0.14,9.84,3.2946168214224865,23.34719040912632,1,0.05297034575407204,18242100000767,DFL-MAT-J03WR9,openPlay,ShotWide,0.0224,26.64,15.6,0.68,3.28,2.0,9.65,leftLeg,dribblingLess10m,oppositionDefensiveAction,passOpenPlay,8,0,0,chance,notComplicated,indirect,insideRight,,DFL-OBJ-00008K,DFL-CLU-00000P
18242100000805,DFL-MAT-J03WR9,1,100.06,28.74,7.216037693914853,43.07535868577042,5.260000000000002,1,2,3,0.432781700167656,5,10,2.31,2.12,56.92,1.2899612397277687,6.220032154257726,1,0.7596412647099318,18242100000805,DFL-MAT-J03WR9,openPlay,SuccessfulShot,0.116,7.22,43.08,1.14,0.16,1.0,2.31,head,volley,cornerKick,cornerKick,3,1,0,chance,veryComplicated,direct,right,frontalVolley,DFL-OBJ-0000F9,DFL-CLU-00000I
18242100000840,DFL-MAT-J03WR9,0,89.72,35.05,15.316034081967826,26.824938623085256,1.0499999999999972,1,2,2,2.0619408332927485,4,7,3.61,0.17,6.29,1.8940168953839829,13.425066107844689,1,0.10057433874566371,18242100000840,DFL-MAT-J03WR9,openPlay,SavedShot,0.0663,15.32,26.82,0.68,1.88,1.0,3.61,rightLeg,controlShot,otherPassFromOpenPlay,passOpenPlay,3,1,0,chance,notComplicated,direct,insideRight,,DFL-OBJ-0002DT,DFL-CLU-00000I
18242100000950,DFL-MAT-J03WR9,0,94.22,38.230000000000004,11.580211569742588,33.174069770570135,4.230000000000004,0,2,2,0.6800000000000044,2,5,13.14,1.03,50.46,3.4156844116516374,8.532959627233684,1,1.3206062694016805,18242100000950,DFL-MAT-J03WR9,openPlay,SavedShot,0.0398,11.58,33.17,0.84,2.45,1.0,13.14,head,volley,otherPassFromOpenPlay,passOpenPlay,3,1,0,chance,complicated,direct,insideLeft,frontalVolley,DFL-OBJ-002FXT,DFL-CLU-00000P
18242100001031,DFL-MAT-J03WR9,0,80.81,45.78,26.905845089868482,13.993626321690101,11.780000000000001,1,0,1,3.068876015742564,5,4,13.92,0.13,14.98,2.758115298532681,24.164538067176036,1,0.28812326742039834,18242100001031,DFL-MAT-J03WR9,openPlay,BlockedShot,0.0213,26.91,13.99,0.46,2.34,2.0,13.92,rightLeg,dribblingMore10m,oppositionOtherAction,lossOfPossession,7,0,0,chance,notComplicated,,insideLeft,,DFL-OBJ-J0130T,DFL-CLU-00000P
18242100001126,DFL-MAT-J03WR9,0,92.85,25.89,14.608032037204742,23.974342853866315,8.11,0,2,3,2.1899999999999973,4,8,6.58,0.0,19.59,1.7121331723905135,12.946814279968647,1,0.39011414990642784,18242100001126,DFL-MAT-J03WR9,openPlay,ShotWide,0.0243,14.61,23.97,0.63,1.17,1.0,6.58,leftLeg,controlShot,crossFromOpenPlay,crossOpenPlay,3,1,0,chance,complicated,direct,left,,DFL-OBJ-0000YE,DFL-CLU-00000I
18242100001156,DFL-MAT-J03WR9,0,95.59,30.14,10.170924245121478,37.412514054265806,3.8599999999999994,0,3,4,0.43046486500062464,4,7,3.27,3.37,40.44,1.2143310915891157,8.959268943390406,1,0.07561751336108098,18242100001156,DFL-MAT-J03WR9,openPlay,SavedShot,0.0132,10.17,37.41,1.26,1.15,1.0,3.27,head,volley,freeKick,freeKick,3,1,0,chance,veryComplicated,direct,left,frontalVolley,DFL-OBJ-002GM9,DFL-CLU-00000P
18242100001163,DFL-MAT-J03WR9,0,76.48,25.46,29.771160541705456,13.450051122569494,8.54,2,0,0,8.55909457828338,4,4,13.79,0.15,38.89,1.3668211294825694,28.6378944756768,1,0.7493896641599309,18242100001163,DFL-MAT-J03WR9,FreeKick,ShotWide,0.0433,29.77,13.45,0.01,1.31,2.0,13.79,leftLeg,setPiece,ownSetPiece,freeKick,8,0,0,chance,notComplicated,,insideRight,,DFL-OBJ-00017G,DFL-CLU-00000I
18242100001288,DFL-MAT-J03WR9,0,84.73,32.56,20.32108510882231,20.372878975535787,1.4399999999999977,1,2,3,0.7224956747275397,1,2,13.67,0.43,13.99,3.781904282236663,16.54274765569492,1,0.1481613793691027,18242100001288,DFL-MAT-J03WR9,openPlay,BlockedShot,0.0324,20.32,20.37,1.4,3.78,2.0,13.67,leftLeg,dribblingMore10m,oppositionMisplacedPass,lossOfPossession,8,0,0,chance,notComplicated,,insideLeft,,DFL-OBJ-J0130T,DFL-CLU-00000P
18242100001300,DFL-MAT-J03WR9,0,90.72,36.78,14.548085784734706,27.800814081994275,2.780000000000001,0,0,2,3.7700530500246248,6,7,8.12,0.83,22.4,2.1664025480044087,12.947667743651756,1,1.375521171383095,18242100001300,DFL-MAT-J03WR9,openPlay,SavedShot,0.1023,14.55,27.8,0.65,1.38,2.0,8.12,leftLeg,volley,header,freeKick,3,1,0,chance,notComplicated,direct,right,frontalVolley,DFL-OBJ-0000F8,DFL-CLU-00000P
18242100001303,DFL-MAT-J03WR9,0,97.63,28.85,8.991073350829703,38.65636851351719,5.149999999999999,0,3,5,0.5600000000000023,6,8,11.34,2.41,43.71,2.2146105752479417,6.901311469568663,1,0.6415585520128914,18242100001303,DFL-MAT-J03WR9,openPlay,ShotWide,0.0171,8.99,38.66,1.54,1.37,2.0,11.34,rightLeg,volley,cornerKick,cornerKick,3,1,0,chance,veryComplicated,direct,right,frontalVolley,DFL-OBJ-J01CVM,DFL-CLU-00000P
18242100001324,DFL-MAT-J03WR9,0,94.67,33.74,10.333271505191373,38.99897653672315,0.259999999999998,1,3,3,0.487647413609462,4,6,7.15,1.74,63.34,2.008108562802325,8.4390165303784,1,0.6019874728806694,18242100001324,DFL-MAT-J03WR9,openPlay,ShotWide,0.0314,10.33,39.0,0.91,1.9,1.0,7.15,head,volley,crossFromOpenPlay,crossOpenPlay,3,1,0,chance,complicated,direct,right,frontalVolley,DFL-OBJ-J0130T,DFL-CLU-00000P
