MatchId,X-Source-Position,EventTime,Y-Source-Position,EventId,X-Position,Y-Position,_type,_sub,CalculatedFrame,CalculatedTimestamp,X-PositionFromTracking,Y-PositionFromTracking,ShotAtGoal.Team,ShotAtGoal.Pressure,ShotAtGoal.GoalDistanceGoalkeeper,ShotAtGoal.ShotOrigin,ShotAtGoal.AssistTypeShotAtGoal,ShotAtGoal.AssistShotAtGoal,ShotAtGoal.AngleToGoal,ShotAtGoal.PlayerSpeed,ShotAtGoal.TakerBallControl,ShotAtGoal.CounterAttack,ShotAtGoal.Player,ShotAtGoal.ChanceEvaluation,ShotAtGoal.SetupOrigin,ShotAtGoal.TypeOfShot,ShotAtGoal.TakerSetup,ShotAtGoal.AfterFreeKick,ShotAtGoal.DistanceToGoal,ShotAtGoal.InsideBox,ShotAtGoal.SignificanceEvaluation,ShotAtGoal.BuildUp,ShotAtGoal.AssistAction,ShotAtGoal.xG,ShotAtGoal.BallPossessionPhase,ShotAtGoal.AmountOfDefenders,ShotAtGoal.ShotCondition,ShotWide.Placing,ShotWide.PitchMarking,ShotAtGoal.ExtendedTypeOfShot,SuccessfulShot.CurrentResult,SuccessfulShot.GoalZone,SuccessfulShot.RefDecisionEvaluation,SuccessfulShot.Assist,SuccessfulShot.AssistType,SuccessfulShot.Solo,SavedShot.SaveEvaluation,SavedShot.GoalKeeper,SavedShot.SaveType,SavedShot.SaveResult,BlockedShot.Player,BlockedShot.GoalPrevented,ShotAtGoal.ShotContribution,ShotWoodWork.Location,ShotAtGoal.SitterContribution,BlockedShot.BlockedByOwnTeam,_file,SuccessfulShot.DeflectionKeeper,SuccessfulShot.AssistContribution,SuccessfulShot.Error,SuccessfulShot.DeflectionPlayer
DFL-MAT-J03WMX,14.13,2023-05-27T15:31:54.566+02:00,41.92,18226500000041,14.13,41.92,ShotAtGoal,ShotWide,12519,2023-05-27T15:31:53.360+02:00,15.00,42.31,DFL-CLU-000008,0.68,1.58,3,direct,DFL-OBJ-J01BGM,21.37,3.63,controlShot,true,DFL-OBJ-0027AX,chance,right,rightLeg,crossFromOpenPlay,false,17.15,true,average,crossOpenPlay,crossFromOpenPlay,0.0476,41,1,notComplicated,far,over,,,,,,,,,,,,,,,,,,DFL_03_02_events_raw_DFL-COM-000001_DFL-MAT-J03WMX.xml,,,,
DFL-MAT-J03WMX,84.46,2023-05-27T15:38:02.000+02:00,53.36,18226500000187,89.51,47.63,ShotAtGoal,SuccessfulShot,21707,2023-05-27T15:38:00.880+02:00,89.53,47.48,DFL-CLU-00000G,0.90,2.73,2,others,DFL-OBJ-0002AU,15.53,12.52,dribblingLess10m,false,DFL-OBJ-0026PM,chance,insideLeft,rightLeg,otherPassFromOpenPlay,false,20.52,true,,passOpenPlay,otherPassFromOpenPlay,0.0399,187,1,notComplicated,,,scoop,0:1,5,correct,DFL-OBJ-0002AU,others,false,,,,,,,,,,,DFL_03_02_events_raw_DFL-COM-000001_DFL-MAT-J03WMX.xml,,,,
DFL-MAT-J03WMX,6.91,2023-05-27T15:42:23.200+02:00,44.93,18226500000282,5.79,41.64,ShotAtGoal,SavedShot,28277,2023-05-27T15:42:23.680+02:00,4.12,40.86,DFL-CLU-000008,0.85,5.10,3,direct,DFL-OBJ-0002BO,30.78,12.52,dribblingLess10m,false,DFL-OBJ-J01BGM,chance,right,rightLeg,throwIn,false,8.00,true,outstanding,throwIn,throwIn,0.0847,282,0,complicated,,,,,,,,,,average,DFL-OBJ-0002DR,legs,notCleared,,,,,,,DFL_03_02_events_raw_DFL-COM-000001_DFL-MAT-J03WMX.xml,,,,
DFL-MAT-J03WMX,90.17,2023-05-27T15:46:57.166+02:00,44.63,18226500000365,90.17,44.63,ShotAtGoal,BlockedShot,35103,2023-05-27T15:46:56.720+02:00,92.17,44.26,DFL-CLU-00000G,0.73,1.78,2,direct,DFL-OBJ-J01APO,20.11,9.07,direct,false,DFL-OBJ-0002AU,chance,left,leftLeg,otherPassFromOpenPlay,false,16.43,true,average,passOpenPlay,otherPassFromOpenPlay,0.0448,365,2,notComplicated,,,,,,,,,,,,,,DFL-OBJ-002G4A,false,,,,,DFL_03_02_events_raw_DFL-COM-000001_DFL-MAT-J03WMX.xml,,,,
DFL-MAT-J03WMX,98.69,2023-05-27T15:48:43.613+02:00,38.91,18226500000396,98.41,37.54,ShotAtGoal,ShotWoodWork,37680,2023-05-27T15:48:39.800+02:00,98.98,37.92,DFL-CLU-00000G,1.31,0.84,3,direct,DFL-OBJ-0027G0,49.07,10.07,volley,false,DFL-OBJ-0000IA,chance,right,head,crossFromOpenPlay,false,7.18,true,outstanding,crossOpenPlay,crossFromOpenPlay,0.1542,396,2,notComplicated,,,frontalVolley,,,,,,,,,,,,,51085,rightPost,,,DFL_03_02_events_raw_DFL-COM-000001_DFL-MAT-J03WMX.xml,,,,
DFL-MAT-J03WMX,17.93,2023-05-27T15:52:44.680+02:00,50.95,18226500000482,12.29,36.85,ShotAtGoal,ShotWide,43775,2023-05-27T15:52:43.600+02:00,12.60,37.98,DFL-CLU-000008,1.09,2.54,3,direct,DFL-OBJ-000270,29.78,20.22,dribblingLess10m,true,DFL-OBJ-002GKO,chance,insideRight,rightLeg,otherPassFromOpenPlay,false,13.21,true,decent,passOpenPlay,otherPassFromOpenPlay,0.1040,482,1,notComplicated,near,over,,,,,,,,,,,,,,,,,,DFL_03_02_events_raw_DFL-COM-000001_DFL-MAT-J03WMX.xml,,,,
DFL-MAT-J03WMX,18.03,2023-05-27T15:56:46.928+02:00,8.32,18226500000536,20.28,17.47,ShotAtGoal,BlockedShot,49851,2023-05-27T15:56:46.640+02:00,20.72,16.83,DFL-CLU-000008,1.06,1.28,7,,,12.05,12.90,dribblingLess10m,false,DFL-OBJ-0027AX,none,insideLeft,rightLeg,oppositionOtherAction,false,26.91,false,average,lossOfPossession,,0.0202,536,3,notComplicated,,,,,,,,,,,,,,DFL-OBJ-0000IA,false,,,,,DFL_03_02_events_raw_DFL-COM-000001_DFL-MAT-J03WMX.xml,,,,
DFL-MAT-J03WMX,12.62,2023-05-27T16:00:41.213+02:00,40.82,18226500000602,12.59,39.84,ShotAtGoal,ShotWide,55535,2023-05-27T16:00:34.000+02:00,12.96,39.13,DFL-CLU-000008,0.79,1.42,3,direct,DFL-OBJ-J01BGM,27.68,12.74,volley,false,DFL-OBJ-000270,chance,right,head,crossFromOpenPlay,false,13.94,true,average,crossOpenPlay,crossFromOpenPlay,0.0155,602,1,complicated,far,overCrossbarRight,frontalVolley,,,,,,,,,,,,,,,,,DFL_03_02_events_raw_DFL-COM-000001_DFL-MAT-J03WMX.xml,,,,
DFL-MAT-J03WMX,96.68,2023-05-27T16:13:36.341+02:00,22.06,18226500000848,97.61,22.17,ShotAtGoal,ShotWide,75078,2023-05-27T16:13:35.720+02:00,97.55,21.56,DFL-CLU-00000G,0.17,0.93,4,direct,DFL-OBJ-0026PM,15.48,23.38,volley,false,DFL-OBJ-0002AU,chance,left,head,crossFromOpenPlay,false,14.50,true,average,crossOpenPlay,crossFromOpenPlay,0.0713,848,2,notComplicated,far,over,frontalVolley,,,,,,,,,,,,,,,,,DFL_03_02_events_raw_DFL-COM-000001_DFL-MAT-J03WMX.xml,,,,
DFL-MAT-J03WMX,78.75,2023-05-27T16:46:20.211+02:00,42.63,18226500001065,79.12,39.84,ShotAtGoal,ShotWide,115922,2023-05-27T16:46:20.240+02:00,78.24,39.61,DFL-CLU-000008,0.55,1.02,8,indirect,DFL-OBJ-0002BO,14.94,9.55,direct,false,DFL-OBJ-00012X,none,right,leftLeg,oppositionDefensiveAction,false,27.34,false,none,crossOpenPlay,crossFromOpenPlay,0.0188,1065,3,notComplicated,far,overCrossbarLeft,,,,,,,,,,,,,,,,,,DFL_03_02_events_raw_DFL-COM-000001_DFL-MAT-J03WMX.xml,,,,
DFL-MAT-J03WMX,2.81,2023-05-27T16:47:59.922+02:00,30.09,18226500001093,2.70,29.46,ShotAtGoal,ShotWide,,,,,DFL-CLU-00000G,,,3,direct,DFL-OBJ-0026PM,53.72,,volley,true,DFL-OBJ-0002AU,sitter,right,head,crossFromOpenPlay,false,5.28,true,outstanding,crossOpenPlay,crossFromOpenPlay,0.0437,1093,,veryComplicated,near,over,frontalVolley,,,,,,,,,,,,,,,DFL-OBJ-0026PM,,DFL_03_02_events_raw_DFL-COM-000001_DFL-MAT-J03WMX.xml,,,,
DFL-MAT-J03WMX,96.38,2023-05-27T16:50:10.483+02:00,41.42,18226500001126,95.81,41.94,ShotAtGoal,SavedShot,121590,2023-05-27T16:50:06.960+02:00,95.82,41.11,DFL-CLU-000008,1.79,0.57,3,direct,DFL-OBJ-0027AX,28.96,8.28,volley,false,DFL-OBJ-000270,chance,right,head,cornerKick,false,11.61,true,decent,cornerKick,cornerKick,0.0258,1126,4,notComplicated,,,frontalVolley,,,,,,,average,DFL-OBJ-0002DR,arms,cleared,,,,,,,DFL_03_02_events_raw_DFL-COM-000001_DFL-MAT-J03WMX.xml,,,,
DFL-MAT-J03WMX,31.06,2023-05-27T16:59:48.182+02:00,65.29,18226500001277,12.42,40.02,ShotAtGoal,BlockedShot,136134,2023-05-27T16:59:48.720+02:00,13.17,40.70,DFL-CLU-00000G,1.02,2.16,3,others,DFL-OBJ-J01APO,25.19,13.33,dribblingMore10m,false,DFL-OBJ-0002AU,chance,right,leftLeg,otherPassFromOpenPlay,false,14.78,true,decent,run,otherPassFromOpenPlay,0.0815,1277,3,notComplicated,,,,,,,,,,,,,,DFL-OBJ-002GKO,false,,,,,DFL_03_02_events_raw_DFL-COM-000001_DFL-MAT-J03WMX.xml,,,,
DFL-MAT-J03WMX,3.41,2023-05-27T16:59:51.760+02:00,26.58,18226500001279,3.41,26.58,ShotAtGoal,SavedShot,136202,2023-05-27T16:59:51.440+02:00,3.94,26.37,DFL-CLU-00000G,1.33,4.73,3,indirect,DFL-OBJ-0002AU,25.54,3.23,volley,false,DFL-OBJ-0027G6,chance,right,head,oppositionDefensiveAction,false,8.59,true,decent,run,shot,0.0544,1279,0,notComplicated,,,frontalVolley,,,,,,,average,DFL-OBJ-0002HE,arms,notCleared,,,,,,,DFL_03_02_events_raw_DFL-COM-000001_DFL-MAT-J03WMX.xml,,,,
DFL-MAT-J03WMX,9.39,2023-05-27T16:59:05.360+02:00,31.25,18226500001292,9.39,31.25,ShotAtGoal,BlockedShot,135032,2023-05-27T16:59:04.640+02:00,9.33,31.54,DFL-CLU-00000G,2.97,0.61,3,direct,DFL-OBJ-0002F5,40.59,1.97,volley,false,DFL-OBJ-J017RE,chance,right,head,cornerKick,false,9.65,true,average,cornerKick,cornerKick,0.0466,1292,4,notComplicated,,,frontalVolley,,,,,,,,,,,DFL-OBJ-0027KL,false,,,,true,DFL_03_02_events_raw_DFL-COM-000001_DFL-MAT-J03WMX.xml,,,,
DFL-MAT-J03WMX,100.89,2023-05-27T17:04:25.000+02:00,36.91,18226500001344,100.89,36.91,ShotAtGoal,ShotWide,142937,2023-05-27T17:04:20.840+02:00,100.25,38.43,DFL-CLU-000008,0.89,0.24,3,direct,DFL-OBJ-002G89,50.37,13.91,direct,false,DFL-OBJ-002G4A,chance,right,leftLeg,header,false,6.50,true,outstanding,cornerKick,header,0.2451,1344,1,notComplicated,far,right,,,,,,,,,,,,,,,,,,DFL_03_02_events_raw_DFL-COM-000001_DFL-MAT-J03WMX.xml,,,,
DFL-MAT-J03WMX,38.57,2023-05-27T17:04:47.060+02:00,53.86,18226500001347,7.71,46.84,ShotAtGoal,ShotWide,143598,2023-05-27T17:04:47.280+02:00,9.21,47.66,DFL-CLU-00000G,0.47,2.58,4,others,DFL-OBJ-0000RP,14.64,25.60,dribblingMore10m,false,DFL-OBJ-0002AU,chance,insideRight,rightLeg,otherPassFromOpenPlay,false,16.47,true,average,run,otherPassFromOpenPlay,0.0577,1347,0,notComplicated,far,left,,,,,,,,,,,,,,,,,,DFL_03_02_events_raw_DFL-COM-000001_DFL-MAT-J03WMX.xml,,,,
DFL-MAT-J03WMX,19.04,2023-05-27T17:07:06.354+02:00,16.45,18226500001392,13.79,27.76,ShotAtGoal,ShotWide,147027,2023-05-27T17:07:04.440+02:00,13.38,27.54,DFL-CLU-00000G,0.84,3.33,3,,,25.28,8.68,dribblingLess10m,false,DFL-OBJ-0000RP,chance,left,rightLeg,oppositionMisplacedPass,false,14.86,true,decent,lossOfPossession,,0.1118,1392,2,notComplicated,near,right,,,,,,,,,,,,,,,,,,DFL_03_02_events_raw_DFL-COM-000001_DFL-MAT-J03WMX.xml,,,,
DFL-MAT-J03WMX,20.14,2023-05-27T17:18:42.782+02:00,55.66,18226500001548,9.59,42.24,ShotAtGoal,SavedShot,,,,,DFL-CLU-00000G,,,3,others,DFL-OBJ-J01N65,25.56,,dribblingMore10m,true,DFL-OBJ-0002AU,sitter,right,leftLeg,teammateAction,false,12.77,true,outstanding,run,teammateAction,0.4215,1548,,notComplicated,,,,,,,,,,exceptional,DFL-OBJ-0002HE,legs,notCleared,,,,,,,DFL_03_02_events_raw_DFL-COM-000001_DFL-MAT-J03WMX.xml,,,,
DFL-MAT-J03WMX,17.63,2023-05-27T17:18:58.640+02:00,25.88,18226500001554,17.63,25.88,ShotAtGoal,SuccessfulShot,164857,2023-05-27T17:18:57.640+02:00,17.10,24.86,DFL-CLU-00000G,0.97,2.06,8,direct,DFL-OBJ-0027G6,19.05,18.30,dribblingLess10m,false,DFL-OBJ-002GCR,chance,left,rightLeg,otherPassFromOpenPlay,false,19.39,false,,passOpenPlay,otherPassFromOpenPlay,0.0498,1554,3,notComplicated,,,scoop,1:2,15,correct,DFL-OBJ-0027G6,direct,false,,,,,,,,,,,DFL_03_02_events_raw_DFL-COM-000001_DFL-MAT-J03WMX.xml,,,,
DFL-MAT-J03WN1,85.86,2023-05-27T15:32:01.024+02:00,42.83,18226900000020,90.57,40.42,ShotAtGoal,BlockedShot,11308,2023-05-27T15:31:58.720+02:00,90.31,40.71,DFL-CLU-00000B,1.35,2.87,3,direct,DFL-OBJ-0002LI,23.49,9.00,dribblingLess10m,false,DFL-OBJ-J013O2,chance,insideLeft,rightLeg,otherPassFromOpenPlay,false,16.15,true,average,passOpenPlay,otherPassFromOpenPlay,0.0354,20,2,notComplicated,,,,,,,,,,,,,,DFL-OBJ-J014F7,false,,,,,DFL_03_02_events_raw_DFL-COM-000001_DFL-MAT-J03WN1.xml,,,,
DFL-MAT-J03WN1,94.98,2023-05-27T15:32:06.033+02:00,24.47,18226900000023,94.98,24.47,ShotAtGoal,BlockedShot,11386,2023-05-27T15:32:01.840+02:00,94.79,23.78,DFL-CLU-00000B,0.88,1.38,4,indirect,DFL-OBJ-J013O2,20.94,4.49,controlShot,false,DFL-OBJ-002G02,chance,insideLeft,rightLeg,oppositionDefensiveAction,false,14.45,true,average,passOpenPlay,shot,0.0426,23,2,notComplicated,,,,,,,,,,,,,,DFL-OBJ-J016C3,false,,,,,DFL_03_02_events_raw_DFL-COM-000001_DFL-MAT-J03WN1.xml,,,,
DFL-MAT-J03WN1,94.28,2023-05-27T15:32:58.702+02:00,39.52,18226900000027,94.28,39.52,ShotAtGoal,BlockedShot,12729,2023-05-27T15:32:55.560+02:00,95.27,39.70,DFL-CLU-00000B,1.00,0.11,3,direct,DFL-OBJ-0002LI,32.05,4.11,volley,false,DFL-OBJ-J013O2,chance,right,rightLeg,cornerKick,false,11.28,true,average,cornerKick,cornerKick,0.0785,27,3,notComplicated,,,frontalVolley,,,,,,,,,,,DFL-OBJ-0000XU,false,,,,,DFL_03_02_events_raw_DFL-COM-000001_DFL-MAT-J03WN1.xml,,,,
DFL-MAT-J03WN1,88.67,2023-05-27T15:33:12.469+02:00,19.56,18226900000033,88.67,19.56,ShotAtGoal,ShotWide,12930,2023-05-27T15:33:03.600+02:00,87.81,18.98,DFL-CLU-00000B,0.64,1.74,4,direct,DFL-OBJ-J01KDN,13.92,8.42,direct,false,DFL-OBJ-002G8H,chance,right,rightLeg,otherPassFromOpenPlay,false,22.83,true,average,passOpenPlay,otherPassFromOpenPlay,0.0239,33,1,notComplicated,far,over,,,,,,,,,,,,,,,,,,DFL_03_02_events_raw_DFL-COM-000001_DFL-MAT-J03WN1.xml,,,,
DFL-MAT-J03WN1,6.21,2023-05-27T15:49:12.240+02:00,30.89,18226900000272,6.29,31.65,ShotAtGoal,SuccessfulShot,37079,2023-05-27T15:49:09.560+02:00,7.46,31.39,DFL-CLU-00000S,0.68,2.99,3,direct,DFL-OBJ-0027FG,48.06,20.62,volley,false,DFL-OBJ-0027LO,sitter,right,leftLeg,crossFromOpenPlay,false,7.90,true,,crossOpenPlay,crossFromOpenPlay,0.8438,272,1,notComplicated,,,frontalVolley,1:0,7,correct,DFL-OBJ-0027FG,direct,false,,,,,,,,,DFL-OBJ-0027FG,,DFL_03_02_events_raw_DFL-COM-000001_DFL-MAT-J03WN1.xml,,,,
DFL-MAT-J03WN1,30.86,2023-05-27T15:50:41.668+02:00,28.88,18226900000281,20.14,20.86,ShotAtGoal,ShotWide,39325,2023-05-27T15:50:39.400+02:00,20.72,20.30,DFL-CLU-00000S,0.32,2.23,7,direct,DFL-OBJ-0027LO,14.10,16.15,dribblingLess10m,false,DFL-OBJ-000199,chance,insideLeft,leftLeg,otherPassFromOpenPlay,false,24.84,false,average,passOpenPlay,otherPassFromOpenPlay,0.0405,281,1,notComplicated,far,right,,,,,,,,,,,,,,,,,,DFL_03_02_events_raw_DFL-COM-000001_DFL-MAT-J03WN1.xml,,,,
DFL-MAT-J03WN1,91.27,2023-05-27T15:53:50.240+02:00,37.81,18226900000325,91.67,34.90,ShotAtGoal,ShotWide,44049,2023-05-27T15:53:48.360+02:00,90.87,35.39,DFL-CLU-00000B,1.40,1.33,3,direct,DFL-OBJ-002GOI,28.79,8.81,controlShot,false,DFL-OBJ-002G02,chance,insideRight,rightLeg,otherPassFromOpenPlay,false,14.20,true,average,passOpenPlay,otherPassFromOpenPlay,0.0448,325,4,notComplicated,far,over,,,,,,,,,,,,,,51410,,,,DFL_03_02_events_raw_DFL-COM-000001_DFL-MAT-J03WN1.xml,,,,
DFL-MAT-J03WN1,85.66,2023-05-27T15:57:56.493+02:00,28.08,18226900000380,85.66,28.08,ShotAtGoal,SavedShot,50200,2023-05-27T15:57:54.400+02:00,85.12,28.53,DFL-CLU-00000B,0.04,1.74,8,direct,DFL-OBJ-002GBK,19.46,15.50,direct,false,DFL-OBJ-J013O2,chance,insideRight,rightLeg,otherPassFromOpenPlay,false,20.62,false,average,passOpenPlay,otherPassFromOpenPlay,0.0593,380,2,notComplicated,,,,,,,,,,average,DFL-OBJ-0001I0,arms,held,,,,,,,DFL_03_02_events_raw_DFL-COM-000001_DFL-MAT-J03WN1.xml,,,,
DFL-MAT-J03WN1,6.51,2023-05-27T16:01:35.187+02:00,28.38,18226900000439,6.51,28.38,ShotAtGoal,ShotWide,55429,2023-05-27T16:01:23.560+02:00,7.79,26.96,DFL-CLU-00000S,1.68,1.95,3,direct,DFL-OBJ-0028NB,30.49,6.15,volley,false,DFL-OBJ-0000YV,chance,left,head,throwIn,false,10.50,true,decent,throwIn,throwIn,0.0120,439,3,veryComplicated,near,over,frontalVolley,,,,,,,,,,,,,,,,,DFL_03_02_events_raw_DFL-COM-000001_DFL-MAT-J03WN1.xml,,,,
DFL-MAT-J03WN1,26.55,2023-05-27T16:02:24.416+02:00,23.37,18226900000449,7.01,23.37,ShotAtGoal,ShotWide,56924,2023-05-27T16:02:23.360+02:00,8.44,22.11,DFL-CLU-00000S,0.68,3.49,2,direct,DFL-OBJ-0027LO,17.23,25.32,dribblingMore10m,true,DFL-OBJ-0027FG,chance,insideLeft,leftLeg,otherPassFromOpenPlay,false,14.58,true,outstanding,passOpenPlay,otherPassFromOpenPlay,0.1869,449,1,notComplicated,near,right,,,,,,,,,,,,,,,,,,DFL_03_02_events_raw_DFL-COM-000001_DFL-MAT-J03WN1.xml,,,,
DFL-MAT-J03WN1,9.02,2023-05-27T16:04:46.440+02:00,41.32,18226900000478,9.02,41.32,ShotAtGoal,SuccessfulShot,60429,2023-05-27T16:04:43.560+02:00,9.47,40.14,DFL-CLU-00000S,0.61,1.08,3,direct,DFL-OBJ-000172,31.31,19.92,volley,false,DFL-OBJ-0027FG,chance,left,rightLeg,cornerKick,false,11.29,true,,cornerKick,cornerKick,0.1542,478,2,notComplicated,,,frontalVolley,2:0,14,correct,DFL-OBJ-000172,direct,false,,,,,,,,,,,DFL_03_02_events_raw_DFL-COM-000001_DFL-MAT-J03WN1.xml,DFL-OBJ-0026NY,,,
DFL-MAT-J03WN1,86.26,2023-05-27T16:06:46.324+02:00,53.96,18226900000500,86.26,50.15,ShotAtGoal,SavedShot,63467,2023-05-27T16:06:45.080+02:00,86.77,50.54,DFL-CLU-00000B,0.55,1.40,7,others,DFL-OBJ-J013O2,12.69,8.74,dribblingLess10m,true,DFL-OBJ-002GBK,chance,insideLeft,rightLeg,otherPassFromOpenPlay,false,24.62,false,average,passOpenPlay,otherPassFromOpenPlay,0.0199,500,2,notComplicated,,,,,,,,,,average,DFL-OBJ-0001I0,arms,cleared,,,,,,,DFL_03_02_events_raw_DFL-COM-000001_DFL-MAT-J03WN1.xml,,,,
DFL-MAT-J03WN1,28.05,2023-05-27T16:13:34.051+02:00,7.32,18226900000623,20.94,19.96,ShotAtGoal,ShotWide,73655,2023-05-27T16:13:32.600+02:00,21.40,18.34,DFL-CLU-00000S,0.82,1.61,7,others,DFL-OBJ-000172,12.79,14.70,dribblingMore10m,false,DFL-OBJ-0028NB,chance,insideLeft,rightLeg,otherPassFromOpenPlay,false,26.52,false,average,passOpenPlay,otherPassFromOpenPlay,0.0190,623,0,notComplicated,far,left,,,,,,,,,,,,,,,,,,DFL_03_02_events_raw_DFL-COM-000001_DFL-MAT-J03WN1.xml,,,,
DFL-MAT-J03WN1,22.74,2023-05-27T16:16:04.836+02:00,30.39,18226900000659,22.64,27.28,ShotAtGoal,SavedShot,77429,2023-05-27T16:16:03.560+02:00,23.15,26.93,DFL-CLU-00000S,0.32,2.55,8,others,DFL-OBJ-0027LO,16.49,11.61,controlShot,false,DFL-OBJ-0000YV,chance,insideRight,leftLeg,otherPassFromOpenPlay,false,24.21,false,average,passOpenPlay,otherPassFromOpenPlay,0.0379,659,1,notComplicated,,,,,,,,,,average,DFL-OBJ-0026NY,arms,held,,,,,,,DFL_03_02_events_raw_DFL-COM-000001_DFL-MAT-J03WN1.xml,,,,
DFL-MAT-J03WN1,8.12,2023-05-27T16:40:09.827+02:00,46.04,18226900000769,0.90,46.24,ShotAtGoal,ShotWide,109305,2023-05-27T16:40:08.040+02:00,1.85,46.86,DFL-CLU-00000B,0.71,0.75,4,indirect,DFL-OBJ-002GBK,4.98,15.46,dribblingLess10m,false,DFL-OBJ-002G02,none,insideRight,rightLeg,oppositionDefensiveAction,false,12.99,true,average,passOpenPlay,otherPassFromOpenPlay,0.0358,769,1,notComplicated,far,over,,,,,,,,,,,,,,,,,,DFL_03_02_events_raw_DFL-COM-000001_DFL-MAT-J03WN1.xml,,,,
DFL-MAT-J03WN1,11.32,2023-05-27T16:50:41.541+02:00,49.85,18226900000899,5.51,42.12,ShotAtGoal,ShotWoodWork,125121,2023-05-27T16:50:40.680+02:00,6.34,42.33,DFL-CLU-00000B,0.63,2.03,3,direct,DFL-OBJ-002GBK,25.76,28.04,dribblingLess10m,false,DFL-OBJ-002GOI,chance,insideRight,rightLeg,otherPassFromOpenPlay,false,10.47,true,outstanding,passOpenPlay,otherPassFromOpenPlay,0.2279,899,1,notComplicated,,,,,,,,,,,,,,,,,rightPost,,,DFL_03_02_events_raw_DFL-COM-000001_DFL-MAT-J03WN1.xml,,,,
DFL-MAT-J03WN1,22.74,2023-05-27T16:54:24.943+02:00,22.47,18226900000951,8.92,24.27,ShotAtGoal,BlockedShot,130730,2023-05-27T16:54:25.040+02:00,6.65,24.66,DFL-CLU-00000B,0.96,1.37,2,direct,DFL-OBJ-002GBK,22.41,9.15,dribblingLess10m,false,DFL-OBJ-0002LI,chance,left,leftLeg,otherPassFromOpenPlay,false,11.47,true,average,passOpenPlay,otherPassFromOpenPlay,0.1041,951,1,notComplicated,,,,,,,,,,,,,,DFL-OBJ-002G4G,false,,,,,DFL_03_02_events_raw_DFL-COM-000001_DFL-MAT-J03WN1.xml,,,,
DFL-MAT-J03WN1,94.48,2023-05-27T17:08:02.381+02:00,31.59,18226900001121,94.48,31.59,ShotAtGoal,BlockedShot,151114,2023-05-27T17:08:00.400+02:00,94.27,30.32,DFL-CLU-00000S,0.34,1.96,3,direct,DFL-OBJ-0027FG,34.27,20.34,direct,true,DFL-OBJ-0000YV,chance,right,leftLeg,otherPassFromOpenPlay,false,11.34,true,decent,passOpenPlay,otherPassFromOpenPlay,0.2427,1121,1,notComplicated,,,,,,,,,,,,,,DFL-OBJ-002GAR,false,,,,,DFL_03_02_events_raw_DFL-COM-000001_DFL-MAT-J03WN1.xml,,,,
DFL-MAT-J03WN1,90.17,2023-05-27T17:14:17.440+02:00,44.23,18226900001209,90.17,44.23,ShotAtGoal,SuccessfulShot,160467,2023-05-27T17:14:14.520+02:00,89.16,43.70,DFL-CLU-00000S,0.06,5.70,2,direct,DFL-OBJ-00002Z,19.27,19.43,direct,false,DFL-OBJ-000172,chance,insideRight,leftLeg,otherPassFromOpenPlay,false,18.57,true,,passOpenPlay,otherPassFromOpenPlay,0.1896,1209,0,notComplicated,,,,3:0,9,correct,DFL-OBJ-00002Z,direct,false,,,,,,,60583,,,,DFL_03_02_events_raw_DFL-COM-000001_DFL-MAT-J03WN1.xml,,DFL-OBJ-J01AQV,,
DFL-MAT-J03WN1,93.18,2023-05-27T17:18:22.131+02:00,22.06,18226900001233,93.18,22.06,ShotAtGoal,SavedShot,166628,2023-05-27T17:18:20.960+02:00,92.57,21.59,DFL-CLU-00000S,0.74,2.86,4,direct,DFL-OBJ-002G4G,17.14,22.95,direct,true,DFL-OBJ-J01AQV,chance,right,rightLeg,otherPassFromOpenPlay,false,17.56,true,decent,passOpenPlay,otherPassFromOpenPlay,0.0679,1233,1,notComplicated,,,,,,,,,,average,DFL-OBJ-0026NY,arms,notCleared,,,,,,,DFL_03_02_events_raw_DFL-COM-000001_DFL-MAT-J03WN1.xml,,,,
DFL-MAT-J03WOH,99.90,2022-08-26T18:33:28.800+02:00,41.84,18232100000016,99.90,41.84,ShotAtGoal,SavedShot,12004,2022-08-26T18:33:29.880+02:00,99.72,41.72,DFL-CLU-000011,0.95,0.80,3,direct,DFL-OBJ-0027B0,27.55,3.95,volley,false,DFL-OBJ-002G2Y,chance,left,head,freeKick,false,9.35,true,decent,freeKick,freeKick,0.0325,16,2,complicated,,,frontalVolley,,,,,,,average,DFL-OBJ-0028FW,arms,notCleared,,,,,,,DFL_03_02_events_raw_DFL-COM-000002_DFL-MAT-J03WOH.xml,,,,
DFL-MAT-J03WOH,97.99,2022-08-26T18:34:06.240+02:00,35.10,18232100000022,97.99,35.10,ShotAtGoal,BlockedShot,12894,2022-08-26T18:34:05.480+02:00,96.49,38.30,DFL-CLU-000011,1.51,0.65,3,others,DFL-OBJ-00268T,38.79,2.90,controlShot,false,DFL-OBJ-002GEE,chance,left,rightLeg,teammateAction,false,9.53,true,average,cornerKick,teammateAction,0.0897,22,3,notComplicated,,,,,,,,,,,,,,DFL-OBJ-00006V,false,62875,,,,DFL_03_02_events_raw_DFL-COM-000002_DFL-MAT-J03WOH.xml,,,,
DFL-MAT-J03WOH,89.87,2022-08-26T18:37:32.488+02:00,23.57,18232100000067,89.81,24.76,ShotAtGoal,ShotWide,18045,2022-08-26T18:37:31.520+02:00,88.83,25.41,DFL-CLU-000011,0.50,6.10,4,direct,DFL-OBJ-0027VS,20.19,10.45,dribblingMore10m,false,DFL-OBJ-002GAB,chance,insideRight,rightLeg,otherPassFromOpenPlay,false,18.31,true,decent,passOpenPlay,otherPassFromOpenPlay,0.1467,67,1,notComplicated,near,left,,,,,,,,,,,,,,,,,,DFL_03_02_events_raw_DFL-COM-000002_DFL-MAT-J03WOH.xml,,,,
DFL-MAT-J03WOH,7.21,2022-08-26T18:39:17.440+02:00,26.68,18232100000090,6.99,27.36,ShotAtGoal,ShotWide,,,,,DFL-CLU-00000P,,,3,direct,DFL-OBJ-002FXT,26.46,,direct,false,DFL-OBJ-002GM1,sitter,right,leftLeg,crossFromOpenPlay,false,10.70,true,outstanding,crossOpenPlay,crossFromOpenPlay,0.0763,90,,complicated,far,over,,,,,,,,,,,,,,,,DFL-OBJ-002FXT,,DFL_03_02_events_raw_DFL-COM-000002_DFL-MAT-J03WOH.xml,,,,
DFL-MAT-J03WOH,53.60,2022-08-26T18:41:47.148+02:00,21.46,18232100000117,18.98,21.27,ShotAtGoal,SavedShot,24465,2022-08-26T18:41:48.320+02:00,18.39,19.81,DFL-CLU-00000P,0.79,1.60,7,others,DFL-OBJ-J014UG,14.35,14.70,dribblingMore10m,false,DFL-OBJ-002GM1,chance,insideLeft,rightLeg,freeKick,false,23.23,false,average,run,freeKick,0.0246,117,2,notComplicated,,,scoop,,,,,,,average,DFL-OBJ-002GNH,arms,held,,,,,,,DFL_03_02_events_raw_DFL-COM-000002_DFL-MAT-J03WOH.xml,,,,
DFL-MAT-J03WOH,6.81,2022-08-26T18:49:43.075+02:00,29.79,18232100000253,6.81,29.79,ShotAtGoal,OtherShot,36340,2022-08-26T18:49:43.320+02:00,6.91,29.89,DFL-CLU-00000P,1.07,1.23,3,direct,DFL-OBJ-J01CP5,44.63,8.58,volley,false,DFL-OBJ-002GM1,chance,left,head,crossFromOpenPlay,false,8.04,true,average,crossOpenPlay,crossFromOpenPlay,0.0607,253,2,complicated,,,frontalVolley,,,,,,,,,,,,,,,,,DFL_03_02_events_raw_DFL-COM-000002_DFL-MAT-J03WOH.xml,,,,
DFL-MAT-J03WOH,90.27,2022-08-26T18:52:41.807+02:00,30.99,18232100000298,90.71,31.25,ShotAtGoal,OtherShot,40773,2022-08-26T18:52:40.640+02:00,91.09,31.59,DFL-CLU-000011,1.04,1.00,3,direct,DFL-OBJ-0027VS,28.71,5.95,controlShot,false,DFL-OBJ-0027XP,chance,right,rightLeg,crossFromOpenPlay,false,14.12,true,average,crossOpenPlay,crossFromOpenPlay,0.0660,298,2,notComplicated,,,,,,,,,,,,,,,,,,,,DFL_03_02_events_raw_DFL-COM-000002_DFL-MAT-J03WOH.xml,,,,
DFL-MAT-J03WOH,12.32,2022-08-26T18:59:02.395+02:00,20.26,18232100000400,12.32,20.26,ShotAtGoal,BlockedShot,,,,,DFL-CLU-00000P,,,2,others,DFL-OBJ-J0130T,15.41,,dribblingLess10m,false,DFL-OBJ-00003X,chance,insideLeft,rightLeg,teammateAction,false,18.45,true,average,lossOfPossession,teammateAction,0.0394,400,,notComplicated,,,,,,,,,,,,,,DFL-OBJ-0028SW,false,,,,,DFL_03_02_events_raw_DFL-COM-000002_DFL-MAT-J03WOH.xml,,,,
DFL-MAT-J03WOH,20.44,2022-08-26T18:59:06.388+02:00,22.47,18232100000402,20.48,21.27,ShotAtGoal,BlockedShot,50397,2022-08-26T18:59:05.600+02:00,20.27,20.49,DFL-CLU-00000P,0.98,1.91,7,indirect,DFL-OBJ-J0130T,14.35,9.39,dribblingLess10m,false,DFL-OBJ-00003X,none,insideLeft,rightLeg,oppositionDefensiveAction,false,24.36,false,average,lossOfPossession,teammateAction,0.0192,402,2,notComplicated,,,,,,,,,,,,,,DFL-OBJ-0027B0,false,,,,,DFL_03_02_events_raw_DFL-COM-000002_DFL-MAT-J03WOH.xml,,,,
DFL-MAT-J03WOH,31.96,2022-08-26T19:01:27.790+02:00,52.15,18232100000445,17.98,37.25,ShotAtGoal,SavedShot,53905,2022-08-26T19:01:25.920+02:00,17.72,37.49,DFL-CLU-00000P,0.29,3.77,8,,,22.52,20.44,dribblingMore10m,false,DFL-OBJ-002FXT,chance,insideRight,leftLeg,oppositionMisplacedPass,false,18.06,false,average,lossOfPossession,,0.1649,445,0,notComplicated,,,,,,,,,,average,DFL-OBJ-002GNH,arms,held,,,,,,,DFL_03_02_events_raw_DFL-COM-000002_DFL-MAT-J03WOH.xml,,,,
DFL-MAT-J03WOH,92.98,2022-08-26T19:02:00.086+02:00,34.20,18232100000452,94.71,33.25,ShotAtGoal,ShotWide,,,,,DFL-CLU-000011,,,3,direct,DFL-OBJ-0026UQ,38.99,,volley,false,DFL-OBJ-002G2Y,chance,left,head,crossFromOpenPlay,false,10.32,true,average,crossOpenPlay,crossFromOpenPlay,0.0290,452,,complicated,far,left,frontalVolley,,,,,,,,,,,,,,,,,DFL_03_02_events_raw_DFL-COM-000002_DFL-MAT-J03WOH.xml,,,,
DFL-MAT-J03WOH,38.67,2022-08-26T19:03:35.120+02:00,52.65,18232100000478,12.29,49.73,ShotAtGoal,BlockedShot,57180,2022-08-26T19:03:36.920+02:00,13.33,49.82,DFL-CLU-00000P,0.74,2.23,4,others,DFL-OBJ-J0130T,13.24,14.27,dribblingMore10m,true,DFL-OBJ-00003X,chance,right,rightLeg,otherPassFromOpenPlay,false,20.69,true,average,run,otherPassFromOpenPlay,0.0279,478,1,notComplicated,,,,,,,,,,,,,,DFL-OBJ-002GEE,false,,,,,DFL_03_02_events_raw_DFL-COM-000002_DFL-MAT-J03WOH.xml,,,,
DFL-MAT-J03WOH,9.12,2022-08-26T19:04:30.648+02:00,39.12,18232100000487,9.89,36.65,ShotAtGoal,ShotWide,58522,2022-08-26T19:04:30.600+02:00,9.65,36.25,DFL-CLU-00000P,1.02,1.16,3,direct,DFL-OBJ-002GM1,39.80,5.35,volley,false,DFL-OBJ-J014UG,chance,right,head,cornerKick,false,9.91,true,decent,cornerKick,cornerKick,0.0864,487,1,notComplicated,near,over,frontalVolley,,,,,,,,,,,,,,,,,DFL_03_02_events_raw_DFL-COM-000002_DFL-MAT-J03WOH.xml,,,,
DFL-MAT-J03WOH,86.46,2022-08-26T19:08:26.149+02:00,31.29,18232100000533,86.12,28.56,ShotAtGoal,SavedShot,64412,2022-08-26T19:08:26.200+02:00,87.33,27.39,DFL-CLU-000011,0.96,1.62,8,direct,DFL-OBJ-002GAB,20.69,7.45,controlShot,false,DFL-OBJ-002G2Y,chance,right,leftLeg,otherPassFromOpenPlay,false,18.87,false,average,passOpenPlay,otherPassFromOpenPlay,0.0368,533,2,notComplicated,,,,,,,,,,average,DFL-OBJ-0028FW,arms,held,,,,,,,DFL_03_02_events_raw_DFL-COM-000002_DFL-MAT-J03WOH.xml,,,,
DFL-MAT-J03WOH,93.28,2022-08-26T19:10:43.158+02:00,28.38,18232100000570,94.41,29.36,ShotAtGoal,ShotWide,67771,2022-08-26T19:10:40.560+02:00,94.71,29.97,DFL-CLU-000011,1.91,0.50,3,direct,DFL-OBJ-0026UQ,34.71,10.48,volley,false,DFL-OBJ-002G2Y,chance,left,head,crossFromOpenPlay,false,11.05,true,average,crossOpenPlay,crossFromOpenPlay,0.0119,570,3,complicated,far,left,frontalVolley,,,,,,,,,,,,,,,,,DFL_03_02_events_raw_DFL-COM-000002_DFL-MAT-J03WOH.xml,,,,
DFL-MAT-J03WOH,77.25,2022-08-26T19:12:11.487+02:00,33.30,18232100000606,78.73,29.06,ShotAtGoal,ShotWide,70042,2022-08-26T19:12:11.400+02:00,77.59,29.27,DFL-CLU-000011,0.57,2.66,8,direct,DFL-OBJ-002GAB,14.78,2.89,controlShot,false,DFL-OBJ-0027B0,chance,insideRight,rightLeg,otherPassFromOpenPlay,false,27.82,false,decent,passOpenPlay,otherPassFromOpenPlay,0.0152,606,1,notComplicated,near,left,,,,,,,,,,,,,,,,,,DFL_03_02_events_raw_DFL-COM-000002_DFL-MAT-J03WOH.xml,,,,
DFL-MAT-J03WOH,11.22,2022-08-26T19:14:36.698+02:00,41.32,18232100000646,9.59,42.94,ShotAtGoal,SavedShot,,,,,DFL-CLU-00000P,,,3,direct,DFL-OBJ-002GM1,25.03,,direct,false,DFL-OBJ-0000F8,sitter,insideRight,rightLeg,otherPassFromOpenPlay,false,13.48,true,outstanding,passOpenPlay,otherPassFromOpenPlay,0.2664,646,,notComplicated,,,,,,,,,,average,DFL-OBJ-002GNH,legs,notCleared,,,40813,,DFL-OBJ-002GM1,,DFL_03_02_events_raw_DFL-COM-000002_DFL-MAT-J03WOH.xml,,,,
DFL-MAT-J03WOH,7.21,2022-08-26T19:17:08.020+02:00,28.08,18232100000680,7.99,28.16,ShotAtGoal,SavedShot,77367,2022-08-26T19:17:04.400+02:00,8.89,27.51,DFL-CLU-00000P,0.89,2.11,3,direct,DFL-OBJ-J01CP5,31.13,10.72,volley,false,DFL-OBJ-00003X,chance,left,rightLeg,crossFromOpenPlay,false,11.01,true,outstanding,crossOpenPlay,crossFromOpenPlay,0.0220,680,1,veryComplicated,,,frontalVolley,,,,,,,average,DFL-OBJ-002GNH,arms,cleared,,,,,,,DFL_03_02_events_raw_DFL-COM-000002_DFL-MAT-J03WOH.xml,,,,
DFL-MAT-J03WOH,33.26,2022-08-26T19:42:54.514+02:00,32.29,18232100000853,32.47,31.05,ShotAtGoal,ShotWide,111934,2022-08-26T19:42:55.720+02:00,33.43,30.08,DFL-CLU-000011,0.17,2.37,8,others,DFL-OBJ-0027B0,12.33,7.64,dribblingLess10m,false,DFL-OBJ-002651,none,insideRight,leftLeg,otherPassFromOpenPlay,false,33.66,false,none,passOpenPlay,otherPassFromOpenPlay,0.0160,853,1,notComplicated,far,overCrossbarLeft,,,,,,,,,,,,,,,,,,DFL_03_02_events_raw_DFL-COM-000002_DFL-MAT-J03WOH.xml,,,,
DFL-MAT-J03WOH,20.24,2022-08-26T19:45:59.124+02:00,46.14,18232100000915,19.68,44.33,ShotAtGoal,BlockedShot,116578,2022-08-26T19:46:01.480+02:00,19.62,43.00,DFL-CLU-000011,0.98,1.67,9,others,DFL-OBJ-0027XP,17.61,11.28,dribblingLess10m,false,DFL-OBJ-002G2Y,none,insideLeft,rightLeg,otherPassFromOpenPlay,false,21.59,false,none,passOpenPlay,otherPassFromOpenPlay,0.0363,915,1,notComplicated,,,,,,,,,,,,,,DFL-OBJ-J01CP5,false,,,,,DFL_03_02_events_raw_DFL-COM-000002_DFL-MAT-J03WOH.xml,,,,
DFL-MAT-J03WOH,95.28,2022-08-26T19:48:54.520+02:00,23.87,18232100000968,96.61,23.77,ShotAtGoal,SuccessfulShot,120925,2022-08-26T19:48:55.360+02:00,95.56,24.26,DFL-CLU-00000P,0.87,1.91,4,direct,DFL-OBJ-002FXT,22.05,10.42,controlShot,true,DFL-OBJ-00003X,chance,insideLeft,rightLeg,otherPassFromOpenPlay,false,13.56,true,,passOpenPlay,otherPassFromOpenPlay,0.0844,968,2,notComplicated,,,,1:0,15,correct,DFL-OBJ-002FXT,direct,false,,,,,,,,,,,DFL_03_02_events_raw_DFL-COM-000002_DFL-MAT-J03WOH.xml,,,,
DFL-MAT-J03WOH,26.85,2022-08-26T19:55:49.853+02:00,41.92,18232100001006,26.77,41.24,ShotAtGoal,BlockedShot,131343,2022-08-26T19:55:52.080+02:00,27.01,39.58,DFL-CLU-000011,1.33,3.92,8,others,DFL-OBJ-0027XP,14.82,14.38,dribblingLess10m,false,DFL-OBJ-002GAB,none,insideLeft,rightLeg,otherPassFromOpenPlay,false,27.58,false,none,passOpenPlay,otherPassFromOpenPlay,0.0227,1006,1,notComplicated,,,,,,,,,,,,,,DFL-OBJ-J0130T,false,,,,,DFL_03_02_events_raw_DFL-COM-000002_DFL-MAT-J03WOH.xml,,,,
DFL-MAT-J03WOH,85.96,2022-08-26T19:59:35.840+02:00,18.76,18232100001062,86.52,20.17,ShotAtGoal,SavedShot,136922,2022-08-26T19:59:35.240+02:00,86.18,19.17,DFL-CLU-00000P,0.69,1.94,9,,,13.80,5.55,dribblingLess10m,false,DFL-OBJ-J0130T,chance,right,leftLeg,oppositionMisplacedPass,false,23.96,false,average,lossOfPossession,,0.0152,1062,2,notComplicated,,,,,,,,,,average,DFL-OBJ-002GNH,arms,held,,,,,,,DFL_03_02_events_raw_DFL-COM-000002_DFL-MAT-J03WOH.xml,,,,
DFL-MAT-J03WOH,97.39,2022-08-26T20:06:59.000+02:00,26.48,18232100001165,97.71,26.56,ShotAtGoal,SuccessfulShot,148032,2022-08-26T20:06:59.640+02:00,99.61,26.24,DFL-CLU-00000P,0.48,2.36,3,direct,DFL-OBJ-00003X,27.47,24.73,direct,true,DFL-OBJ-0000F8,chance,right,rightLeg,otherPassFromOpenPlay,false,9.45,true,,passOpenPlay,otherPassFromOpenPlay,0.1548,1165,0,complicated,,,,3:0,15,correct,DFL-OBJ-00003X,direct,false,,,,,,,,,,,DFL_03_02_events_raw_DFL-COM-000002_DFL-MAT-J03WOH.xml,DFL-OBJ-002GNH,,,
DFL-MAT-J03WOH,21.34,2022-08-26T20:10:11.778+02:00,50.25,18232100001191,21.28,46.33,ShotAtGoal,ShotWide,152881,2022-08-26T20:10:13.600+02:00,22.17,45.34,DFL-CLU-000011,0.31,2.22,9,direct,DFL-OBJ-0028CD,14.98,4.81,controlShot,false,DFL-OBJ-0028SW,chance,insideLeft,rightLeg,otherPassFromOpenPlay,false,24.90,false,decent,passOpenPlay,otherPassFromOpenPlay,0.0169,1191,3,notComplicated,near,left,,,,,,,,,,,,,,,,,,DFL_03_02_events_raw_DFL-COM-000002_DFL-MAT-J03WOH.xml,,,,
DFL-MAT-J03WOH,102.60,2022-08-26T20:14:02.680+02:00,38.41,18232100001245,103.50,38.04,ShotAtGoal,SuccessfulShot,158639,2022-08-26T20:14:03.880+02:00,102.78,38.88,DFL-CLU-00000P,0.79,1.00,3,,,46.64,6.56,direct,false,DFL-OBJ-002G5J,sitter,insideLeft,leftLeg,oppositionOtherAction,false,5.36,true,,lossOfPossession,,0.8492,1245,0,notComplicated,,,,4:0,11,correct,,,false,,,,,,,,,,,DFL_03_02_events_raw_DFL-COM-000002_DFL-MAT-J03WOH.xml,,,DFL-OBJ-0028SW,
DFL-MAT-J03WOY,50.70,2022-09-10T20:37:23.183+02:00,17.15,18233800000127,61.94,14.28,ShotAtGoal,ShotWide,18718,2022-09-10T20:37:21.080+02:00,59.90,16.78,DFL-CLU-00000Q,0.92,13.29,9,,,8.11,16.29,dribblingLess10m,true,DFL-OBJ-002FXA,none,right,rightLeg,oppositionMisplacedPass,false,48.28,false,none,lossOfPossession,,0.0543,127,1,notComplicated,far,left,,,,,,,,,,,,,,,,,,DFL_03_02_events_raw_DFL-COM-000002_DFL-MAT-J03WOY.xml,,,,
DFL-MAT-J03WOY,16.23,2022-09-10T20:41:12.600+02:00,44.33,18233800000186,15.19,44.14,ShotAtGoal,SuccessfulShot,24489,2022-09-10T20:41:11.920+02:00,15.89,43.74,DFL-CLU-00000P,0.04,5.90,4,direct,DFL-OBJ-002GMO,19.20,23.78,volley,false,DFL-OBJ-002FXT,chance,right,rightLeg,longPassFromOpenPlay,false,18.64,true,,passOpenPlay,longPassFromOpenPlay,0.2230,186,0,notComplicated,,,frontalVolley,1:0,6,correct,DFL-OBJ-002GMO,direct,false,,,,,,,,,,,DFL_03_02_events_raw_DFL-COM-000002_DFL-MAT-J03WOY.xml,,,,
DFL-MAT-J03WOY,29.36,2022-09-10T20:48:03.283+02:00,34.10,18233800000273,14.29,36.35,ShotAtGoal,ShotWide,34747,2022-09-10T20:48:02.240+02:00,15.12,36.04,DFL-CLU-00000P,0.70,5.65,3,others,DFL-OBJ-002G5J,26.77,17.04,direct,false,DFL-OBJ-J01H9X,chance,insideLeft,rightLeg,reboundTeammate,false,15.26,true,average,passOpenPlay,teammateAction,0.1752,273,1,notComplicated,far,over,,,,,,,,,,,,,,,,,,DFL_03_02_events_raw_DFL-COM-000002_DFL-MAT-J03WOY.xml,,,,
DFL-MAT-J03WOY,11.42,2022-09-10T20:58:14.240+02:00,44.73,18233800000443,8.19,39.94,ShotAtGoal,SuccessfulShot,50052,2022-09-10T20:58:14.440+02:00,8.58,40.80,DFL-CLU-00000P,0.24,3.78,3,direct,DFL-OBJ-002FXT,30.54,22.09,dribblingLess10m,false,DFL-OBJ-00028V,sitter,insideRight,leftLeg,oneTwo,false,10.95,true,,passOpenPlay,oneTwo,0.4490,443,0,notComplicated,,,,2:0,15,correct,DFL-OBJ-002FXT,direct,false,,,,,,,,,DFL-OBJ-002FXT,,DFL_03_02_events_raw_DFL-COM-000002_DFL-MAT-J03WOY.xml,,,,
DFL-MAT-J03WOY,10.62,2022-09-10T21:00:54.321+02:00,46.34,18233800000484,10.62,46.34,ShotAtGoal,SavedShot,54040,2022-09-10T21:00:53.960+02:00,10.18,46.20,DFL-CLU-00000P,0.42,1.42,4,indirect,DFL-OBJ-0000F8,17.31,7.65,volley,false,DFL-OBJ-0000NZ,chance,insideRight,rightLeg,oppositionDefensiveAction,false,15.89,true,average,passOpenPlay,otherPassFromOpenPlay,0.0206,484,1,complicated,,,overHeadKick,,,,,,,average,DFL-OBJ-002FZB,arms,held,,,,,,,DFL_03_02_events_raw_DFL-COM-000002_DFL-MAT-J03WOY.xml,,,,
DFL-MAT-J03WOY,93.48,2022-09-10T21:16:40.000+02:00,31.39,18233800000694,93.48,31.39,ShotAtGoal,SavedShot,77686,2022-09-10T21:16:39.800+02:00,93.84,31.49,DFL-CLU-00000Q,1.76,1.27,3,direct,DFL-OBJ-002GLL,34.82,5.71,volley,false,DFL-OBJ-00019R,chance,right,head,crossFromOpenPlay,false,11.44,true,decent,crossOpenPlay,crossFromOpenPlay,0.0300,694,2,notComplicated,,,frontalVolley,,,,,,,average,DFL-OBJ-0028FW,arms,notCleared,,,,,,,DFL_03_02_events_raw_DFL-COM-000002_DFL-MAT-J03WOY.xml,,,,
DFL-MAT-J03WOY,91.57,2022-09-10T21:17:07.529+02:00,27.18,18233800000701,91.57,27.18,ShotAtGoal,ShotWide,78323,2022-09-10T21:17:05.280+02:00,92.76,26.20,DFL-CLU-00000Q,1.02,2.77,3,direct,DFL-OBJ-0028KZ,24.43,2.14,volley,false,DFL-OBJ-002FXA,none,right,rightLeg,otherPassFromOpenPlay,false,14.51,true,none,passOpenPlay,otherPassFromOpenPlay,0.0206,701,2,complicated,far,right,backHeel,,,,,,,,,,,,,,,,,DFL_03_02_events_raw_DFL-COM-000002_DFL-MAT-J03WOY.xml,,,,
DFL-MAT-J03WOY,93.98,2022-09-10T21:36:41.020+02:00,44.93,18233800000752,93.31,46.13,ShotAtGoal,OtherShot,,,,,DFL-CLU-00000P,,,2,indirect,DFL-OBJ-002G5J,17.56,,direct,false,DFL-OBJ-J01H9X,none,right,rightLeg,oppositionDefensiveAction,false,16.85,true,none,freeKick,freeKick,0.0706,752,,notComplicated,,,,,,,,,,,,,,,,,,,,DFL_03_02_events_raw_DFL-COM-000002_DFL-MAT-J03WOY.xml,,,,
DFL-MAT-J03WOY,35.67,2022-09-10T21:42:52.815+02:00,13.94,18233800000878,28.77,32.45,ShotAtGoal,BlockedShot,113699,2022-09-10T21:42:54.840+02:00,28.69,30.49,DFL-CLU-00000Q,0.55,1.06,8,others,DFL-OBJ-0026ZT,14.33,19.20,dribblingMore10m,false,DFL-OBJ-0028KZ,chance,left,rightLeg,throwIn,false,28.90,false,average,throwIn,throwIn,0.0173,878,4,notComplicated,,,,,,,,,,,,,,DFL-OBJ-002FXT,false,,,,,DFL_03_02_events_raw_DFL-COM-000002_DFL-MAT-J03WOY.xml,,,,
DFL-MAT-J03WOY,98.39,2022-09-10T21:44:13.911+02:00,28.28,18233800000897,98.11,28.56,ShotAtGoal,BlockedShot,115688,2022-09-10T21:44:14.400+02:00,98.49,28.20,DFL-CLU-00000P,0.72,1.26,3,direct,DFL-OBJ-00028V,37.27,16.11,direct,false,DFL-OBJ-002FXT,chance,insideRight,rightLeg,otherPassFromOpenPlay,false,8.72,true,average,passOpenPlay,otherPassFromOpenPlay,0.2743,897,1,notComplicated,,,,,,,,,,,,,,DFL-OBJ-0028KZ,false,,,,,DFL_03_02_events_raw_DFL-COM-000002_DFL-MAT-J03WOY.xml,,,,
DFL-MAT-J03WOY,7.01,2022-09-10T21:48:49.280+02:00,37.51,18233800000971,7.01,37.51,ShotAtGoal,SuccessfulShot,122556,2022-09-10T21:48:49.120+02:00,7.08,38.36,DFL-CLU-00000Q,1.32,1.56,3,direct,DFL-OBJ-002FXA,42.92,11.88,volley,false,DFL-OBJ-0025BB,chance,right,head,crossFromOpenPlay,false,8.31,true,,crossOpenPlay,crossFromOpenPlay,0.1451,971,2,notComplicated,,,frontalVolley,2:1,7,correct,DFL-OBJ-002FXA,direct,false,,,,,,,47427,,,,DFL_03_02_events_raw_DFL-COM-000002_DFL-MAT-J03WOY.xml,DFL-OBJ-0028FW,DFL-OBJ-0001IG,,
DFL-MAT-J03WOY,88.97,2022-09-10T21:50:51.473+02:00,27.78,18233800001002,88.97,27.78,ShotAtGoal,ShotWide,125630,2022-09-10T21:50:52.080+02:00,88.76,26.31,DFL-CLU-00000P,0.78,3.35,3,direct,DFL-OBJ-002G5J,21.01,15.85,direct,false,DFL-OBJ-00028V,chance,insideRight,leftLeg,otherPassFromOpenPlay,false,17.97,true,decent,passOpenPlay,otherPassFromOpenPlay,0.0704,1002,1,notComplicated,near,right,,,,,,,,,,,,,,,,,,DFL_03_02_events_raw_DFL-COM-000002_DFL-MAT-J03WOY.xml,,,,
DFL-MAT-J03WOY,85.76,2022-09-10T21:52:35.745+02:00,14.34,18233800001023,86.02,13.68,ShotAtGoal,ShotWide,128217,2022-09-10T21:52:35.560+02:00,85.81,13.09,DFL-CLU-00000P,0.23,1.93,10,others,DFL-OBJ-0000F8,10.06,21.78,direct,false,DFL-OBJ-0000NZ,chance,insideRight,rightLeg,otherPassFromOpenPlay,false,28.38,false,average,passOpenPlay,otherPassFromOpenPlay,0.0247,1023,0,notComplicated,far,right,,,,,,,,,,,,,,,,,,DFL_03_02_events_raw_DFL-COM-000002_DFL-MAT-J03WOY.xml,,,,
DFL-MAT-J03WOY,91.27,2022-09-10T21:54:28.932+02:00,52.45,18233800001057,84.46,51.35,ShotAtGoal,ShotWide,131095,2022-09-10T21:54:30.680+02:00,84.62,51.11,DFL-CLU-00000P,0.77,1.88,7,indirect,DFL-OBJ-002GM1,12.12,12.42,dribblingLess10m,false,DFL-OBJ-002FXT,chance,left,rightLeg,oppositionDefensiveAction,false,26.61,false,none,passOpenPlay,otherPassFromOpenPlay,0.0198,1057,2,notComplicated,far,over,,,,,,,,,,,,,,,,,,DFL_03_02_events_raw_DFL-COM-000002_DFL-MAT-J03WOY.xml,,,,
DFL-MAT-J03WOY,28.05,2022-09-10T22:02:18.111+02:00,32.60,18233800001164,19.04,25.47,ShotAtGoal,BlockedShot,142843,2022-09-10T22:02:20.600+02:00,19.85,25.37,DFL-CLU-00000Q,1.05,2.56,8,others,DFL-OBJ-0025BB,17.71,5.71,dribblingLess10m,false,DFL-OBJ-J01GG9,none,right,leftLeg,teammateAction,false,21.64,false,none,lossOfPossession,teammateAction,0.0191,1164,3,notComplicated,,,,,,,,,,,,,,DFL-OBJ-002GMO,false,,,,,DFL_03_02_events_raw_DFL-COM-000002_DFL-MAT-J03WOY.xml,,,,
DFL-MAT-J03WOY,89.97,2022-09-10T22:05:38.360+02:00,26.08,18233800001217,98.09,27.08,ShotAtGoal,SuccessfulShot,147788,2022-09-10T22:05:38.400+02:00,97.23,25.50,DFL-CLU-00000P,0.71,3.36,3,direct,DFL-OBJ-J01H9X,25.50,19.28,dribblingLess10m,false,DFL-OBJ-0026RH,chance,right,rightLeg,otherPassFromOpenPlay,false,11.52,true,,passOpenPlay,otherPassFromOpenPlay,0.2686,1217,1,notComplicated,,,,3:1,13,correct,DFL-OBJ-J01H9X,direct,false,,,,,,,51273,,,,DFL_03_02_events_raw_DFL-COM-000002_DFL-MAT-J03WOY.xml,DFL-OBJ-002FZB,DFL-OBJ-00028V,DFL-OBJ-00286X,
DFL-MAT-J03WOY,11.62,2022-09-10T22:08:11.362+02:00,30.49,18233800001240,11.62,30.49,ShotAtGoal,ShotWide,151616,2022-09-10T22:08:11.520+02:00,11.71,30.45,DFL-CLU-00000Q,1.25,0.98,3,direct,DFL-OBJ-0001IG,32.16,6.90,volley,false,DFL-OBJ-00019R,chance,right,head,longPassFromOpenPlay,false,12.24,true,average,passOpenPlay,longPassFromOpenPlay,0.0272,1240,1,notComplicated,far,left,frontalVolley,,,,,,,,,,,,,,,,,DFL_03_02_events_raw_DFL-COM-000002_DFL-MAT-J03WOY.xml,,,,
DFL-MAT-J03WOY,37.67,2022-09-10T22:09:04.098+02:00,67.00,18233800001256,85.06,38.91,ShotAtGoal,ShotWide,152959,2022-09-10T22:09:05.240+02:00,84.97,38.20,DFL-CLU-00000P,0.62,3.24,8,indirect,DFL-OBJ-J0130T,19.88,20.68,dribblingMore10m,false,DFL-OBJ-002GM1,chance,insideLeft,rightLeg,oppositionDefensiveAction,false,20.47,false,average,run,teammateAction,0.0765,1256,2,notComplicated,far,over,,,,,,,,,,,,,,,,,,DFL_03_02_events_raw_DFL-COM-000002_DFL-MAT-J03WOY.xml,,,,
DFL-MAT-J03WOY,41.18,2022-09-10T22:11:22.547+02:00,33.60,18233800001287,33.57,31.35,ShotAtGoal,ShotWide,156406,2022-09-10T22:11:23.120+02:00,34.74,28.98,DFL-CLU-00000Q,0.77,3.62,8,others,DFL-OBJ-0028JQ,11.79,18.43,dribblingLess10m,false,DFL-OBJ-0026ZT,none,insideRight,leftLeg,otherPassFromOpenPlay,false,35.10,false,none,passOpenPlay,otherPassFromOpenPlay,0.0202,1287,3,notComplicated,far,overCrossbarLeft,,,,,,,,,,,,,,,,,,DFL_03_02_events_raw_DFL-COM-000002_DFL-MAT-J03WOY.xml,,,,
DFL-MAT-J03WOY,88.17,2022-09-10T22:16:59.110+02:00,38.31,18233800001353,92.98,39.12,ShotAtGoal,ShotWide,164713,2022-09-10T22:16:55.400+02:00,92.49,38.51,DFL-CLU-00000P,0.57,8.40,3,direct,DFL-OBJ-J0130T,29.26,21.11,dribblingLess10m,false,DFL-OBJ-J01H9X,sitter,insideRight,leftLeg,otherPassFromOpenPlay,false,13.30,true,decent,passOpenPlay,otherPassFromOpenPlay,0.4670,1353,0,notComplicated,near,left,,,,,,,,,,,,,,,,DFL-OBJ-J0130T,,DFL_03_02_events_raw_DFL-COM-000002_DFL-MAT-J03WOY.xml,,,,
DFL-MAT-J03WOY,7.71,2022-09-10T22:17:48.654+02:00,25.07,18233800001371,7.71,25.07,ShotAtGoal,ShotWide,166064,2022-09-10T22:17:49.440+02:00,8.83,24.97,DFL-CLU-00000Q,1.65,1.85,3,direct,DFL-OBJ-0025BB,23.86,19.50,volley,false,DFL-OBJ-0026ZT,chance,right,head,longPassFromOpenPlay,false,12.63,true,average,passOpenPlay,longPassFromOpenPlay,0.0211,1371,2,complicated,far,over,frontalVolley,,,,,,,,,,,,,,,,,DFL_03_02_events_raw_DFL-COM-000002_DFL-MAT-J03WOY.xml,,,,
DFL-MAT-J03WPY,94.48,2022-10-15T13:09:08.156+02:00,39.01,18237400000125,94.48,39.01,ShotAtGoal,SavedShot,,,,,DFL-CLU-000005,,,3,direct,DFL-OBJ-J0178P,31.91,,volley,false,DFL-OBJ-0028BZ,sitter,left,leftLeg,otherPassFromOpenPlay,false,11.72,true,average,passOpenPlay,otherPassFromOpenPlay,0.5062,125,,notComplicated,,,frontalVolley,,,,,,,average,DFL-OBJ-0028FW,arms,held,,,,,DFL-OBJ-J0178P,,DFL_03_02_events_raw_DFL-COM-000002_DFL-MAT-J03WPY.xml,,,,
DFL-MAT-J03WPY,9.62,2022-10-15T13:13:54.996+02:00,29.19,18237400000209,9.62,29.19,ShotAtGoal,BlockedShot,28617,2022-10-15T13:13:54.000+02:00,9.80,29.04,DFL-CLU-00000P,0.81,2.13,3,direct,DFL-OBJ-0026RH,33.78,5.25,controlShot,false,DFL-OBJ-0000F8,chance,left,leftLeg,otherPassFromOpenPlay,false,10.98,true,average,passOpenPlay,otherPassFromOpenPlay,0.1432,209,1,notComplicated,,,,,,,,,,,,,,DFL-OBJ-002G68,false,,,,,DFL_03_02_events_raw_DFL-COM-000002_DFL-MAT-J03WPY.xml,,,,
DFL-MAT-J03WPY,91.98,2022-10-15T13:17:50.149+02:00,28.99,18237400000279,91.98,28.99,ShotAtGoal,BlockedShot,34462,2022-10-15T13:17:47.800+02:00,92.39,26.64,DFL-CLU-000005,0.68,1.84,3,direct,DFL-OBJ-002GG4,24.80,10.34,direct,false,DFL-OBJ-0028BZ,chance,right,rightLeg,otherPassFromOpenPlay,false,14.60,true,average,passOpenPlay,otherPassFromOpenPlay,0.0934,279,2,notComplicated,,,,,,,,,,,,,,DFL-OBJ-002GMO,false,,,,,DFL_03_02_events_raw_DFL-COM-000002_DFL-MAT-J03WPY.xml,,,,
DFL-MAT-J03WPY,88.17,2022-10-15T13:18:28.119+02:00,35.00,18237400000283,88.17,35.00,ShotAtGoal,ShotWide,35462,2022-10-15T13:18:27.800+02:00,88.03,36.73,DFL-CLU-000005,0.77,0.76,8,indirect,DFL-OBJ-0000EJ,23.77,12.72,dribblingLess10m,false,DFL-OBJ-0028T3,chance,right,rightLeg,oppositionDefensiveAction,false,17.19,false,average,cornerKick,cornerKick,0.0554,283,4,notComplicated,far,overCrossbarRight,,,,,,,,,,,,,,,,,,DFL_03_02_events_raw_DFL-COM-000002_DFL-MAT-J03WPY.xml,,,,
DFL-MAT-J03WPY,12.52,2022-10-15T13:22:39.040+02:00,17.65,18237400000357,12.52,17.65,ShotAtGoal,ShotWide,41746,2022-10-15T13:22:39.160+02:00,13.21,16.77,DFL-CLU-00000P,0.76,2.49,2,direct,DFL-OBJ-J01KJ5,11.92,18.50,dribblingLess10m,false,DFL-OBJ-0026RH,chance,left,leftLeg,otherPassFromOpenPlay,false,21.71,true,average,passOpenPlay,otherPassFromOpenPlay,0.0289,357,1,notComplicated,far,right,,,,,,,,,,,,,,,,,,DFL_03_02_events_raw_DFL-COM-000002_DFL-MAT-J03WPY.xml,,,,
DFL-MAT-J03WPY,45.39,2022-10-15T13:23:35.464+02:00,31.99,18237400000369,37.87,46.14,ShotAtGoal,ShotWide,43174,2022-10-15T13:23:36.280+02:00,37.22,43.62,DFL-CLU-00000P,0.60,3.02,9,indirect,DFL-OBJ-0000NZ,10.54,17.00,dribblingMore10m,false,DFL-OBJ-002FXT,none,right,rightLeg,oppositionDefensiveAction,false,38.44,false,none,passOpenPlay,longPassFromOpenPlay,0.0205,369,2,notComplicated,far,overCrossbarRight,,,,,,,,,,,,,,,,,,DFL_03_02_events_raw_DFL-COM-000002_DFL-MAT-J03WPY.xml,,,,
DFL-MAT-J03WPY,23.04,2022-10-15T13:26:13.209+02:00,21.26,18237400000411,23.04,21.26,ShotAtGoal,BlockedShot,47097,2022-10-15T13:26:13.200+02:00,23.44,21.86,DFL-CLU-00000P,0.50,1.64,7,direct,DFL-OBJ-002G5J,14.09,9.02,dribblingLess10m,false,DFL-OBJ-0000F8,chance,left,rightLeg,otherPassFromOpenPlay,false,26.40,false,average,passOpenPlay,otherPassFromOpenPlay,0.0171,411,3,notComplicated,,,,,,,,,,,,,,DFL-OBJ-0028BZ,false,,,,,DFL_03_02_events_raw_DFL-COM-000002_DFL-MAT-J03WPY.xml,,,,
DFL-MAT-J03WPY,13.23,2022-10-15T13:26:18.666+02:00,36.31,18237400000414,13.23,36.31,ShotAtGoal,BlockedShot,47256,2022-10-15T13:26:19.560+02:00,11.62,35.49,DFL-CLU-00000P,1.07,1.37,3,direct,DFL-OBJ-0000NZ,34.48,9.65,volley,false,DFL-OBJ-002G5J,chance,right,rightLeg,crossFromOpenPlay,false,11.72,true,average,crossOpenPlay,crossFromOpenPlay,0.0915,414,3,notComplicated,,,frontalVolley,,,,,,,,,,,DFL-OBJ-002G68,false,,,,,DFL_03_02_events_raw_DFL-COM-000002_DFL-MAT-J03WPY.xml,,,,
DFL-MAT-J03WPY,65.02,2022-10-15T13:27:16.370+02:00,59.88,18237400000433,80.25,37.71,ShotAtGoal,SavedShot,48714,2022-10-15T13:27:17.880+02:00,79.64,40.34,DFL-CLU-000005,0.45,3.70,8,others,DFL-OBJ-002595,15.49,19.01,dribblingMore10m,false,DFL-OBJ-0000EJ,chance,left,rightLeg,teammateAction,false,26.14,false,decent,lossOfPossession,teammateAction,0.0291,433,2,notComplicated,,,,,,,,,,average,DFL-OBJ-0028FW,arms,notCleared,,,,,,,DFL_03_02_events_raw_DFL-COM-000002_DFL-MAT-J03WPY.xml,,,,
DFL-MAT-J03WPY,23.44,2022-10-15T13:30:46.451+02:00,44.13,18237400000500,23.44,44.13,ShotAtGoal,ShotWide,53906,2022-10-15T13:30:45.560+02:00,23.23,45.34,DFL-CLU-00000P,0.80,2.44,9,direct,DFL-OBJ-002FXT,14.56,9.17,dribblingLess10m,false,DFL-OBJ-0000F8,chance,insideRight,rightLeg,otherPassFromOpenPlay,false,25.85,false,average,passOpenPlay,otherPassFromOpenPlay,0.0198,500,2,notComplicated,far,right,,,,,,,,,,,,,,,,,,DFL_03_02_events_raw_DFL-COM-000002_DFL-MAT-J03WPY.xml,,,,
DFL-MAT-J03WPY,13.83,2022-10-15T13:42:05.617+02:00,43.43,18237400000677,13.83,43.43,ShotAtGoal,SavedShot,70760,2022-10-15T13:41:59.720+02:00,13.33,42.79,DFL-CLU-00000P,0.39,3.98,4,others,DFL-OBJ-J01H9X,22.00,5.98,dribblingLess10m,false,DFL-OBJ-0000F8,chance,left,rightLeg,teammateAction,false,15.97,true,decent,passOpenPlay,teammateAction,0.1423,677,1,notComplicated,,,,,,,,,,average,DFL-OBJ-0001HW,arms,notCleared,,,,,,,DFL_03_02_events_raw_DFL-COM-000002_DFL-MAT-J03WPY.xml,,,,
DFL-MAT-J03WPY,49.49,2022-10-15T13:43:46.441+02:00,35.30,18237400000708,87.87,38.01,ShotAtGoal,SavedShot,73431,2022-10-15T13:43:46.560+02:00,87.39,36.40,DFL-CLU-000005,0.90,3.55,8,others,DFL-OBJ-002FYC,23.08,15.07,dribblingMore10m,false,DFL-OBJ-0028T3,chance,insideLeft,leftLeg,otherPassFromOpenPlay,false,17.77,false,decent,run,otherPassFromOpenPlay,0.1235,708,0,notComplicated,,,,,,,,,,average,DFL-OBJ-0028FW,arms,notCleared,,,,,,,DFL_03_02_events_raw_DFL-COM-000002_DFL-MAT-J03WPY.xml,,,,
DFL-MAT-J03WPY,90.67,2022-10-15T13:47:01.459+02:00,22.97,18237400000759,90.67,22.97,ShotAtGoal,ShotWide,78327,2022-10-15T13:47:02.400+02:00,88.48,20.91,DFL-CLU-000005,1.62,15.49,4,direct,DFL-OBJ-002GG4,15.68,28.27,dribblingLess10m,true,DFL-OBJ-0028T3,chance,insideRight,rightLeg,otherPassFromOpenPlay,false,21.08,true,decent,passOpenPlay,otherPassFromOpenPlay,0.1118,759,2,notComplicated,near,right,,,,,,,,,,,,,,,,,,DFL_03_02_events_raw_DFL-COM-000002_DFL-MAT-J03WPY.xml,,,,
DFL-MAT-J03WPY,10.42,2022-10-15T14:04:53.524+02:00,31.99,18237400000797,9.62,32.09,ShotAtGoal,SuccessfulShot,102081,2022-10-15T14:04:53.200+02:00,9.90,31.03,DFL-CLU-000005,0.04,3.88,3,direct,DFL-OBJ-002GG4,37.80,21.50,direct,false,DFL-OBJ-J0178P,sitter,insideRight,rightLeg,otherPassFromOpenPlay,false,10.34,true,,passOpenPlay,otherPassFromOpenPlay,0.5674,797,0,notComplicated,,,,0:1,7,correct,DFL-OBJ-002GG4,direct,false,,,,,,,,,DFL-OBJ-002GG4,,DFL_03_02_events_raw_DFL-COM-000002_DFL-MAT-J03WPY.xml,,,,
DFL-MAT-J03WPY,17.23,2022-10-15T14:07:50.677+02:00,31.09,18237400000832,17.23,31.09,ShotAtGoal,ShotWide,106469,2022-10-15T14:07:48.720+02:00,17.17,32.48,DFL-CLU-000005,0.87,2.24,8,direct,DFL-OBJ-002595,23.89,17.99,direct,false,DFL-OBJ-0028T3,chance,insideRight,leftLeg,otherPassFromOpenPlay,false,17.24,false,average,passOpenPlay,otherPassFromOpenPlay,0.0739,832,5,notComplicated,far,left,,,,,,,,,,,,,,,,,,DFL_03_02_events_raw_DFL-COM-000002_DFL-MAT-J03WPY.xml,,,,
DFL-MAT-J03WPY,97.79,2022-10-15T14:10:55.887+02:00,47.34,18237400000860,97.79,47.34,ShotAtGoal,ShotWide,111095,2022-10-15T14:10:53.760+02:00,96.93,47.30,DFL-CLU-00000P,0.02,2.69,2,direct,DFL-OBJ-0028FW,14.49,21.79,direct,false,DFL-OBJ-0026RH,chance,insideRight,leftLeg,longPassFromOpenPlay,false,15.56,true,average,passOpenPlay,longPassFromOpenPlay,0.0820,860,0,notComplicated,near,left,,,,,,,,,,,,,,,,,,DFL_03_02_events_raw_DFL-COM-000002_DFL-MAT-J03WPY.xml,,,,
DFL-MAT-J03WPY,66.23,2022-10-15T14:15:18.249+02:00,37.01,18237400000929,81.86,28.99,ShotAtGoal,ShotWide,117616,2022-10-15T14:15:14.600+02:00,81.05,26.97,DFL-CLU-00000P,0.60,4.77,8,,,16.04,26.68,dribblingMore10m,false,DFL-OBJ-002FXT,none,insideLeft,rightLeg,oppositionMisplacedPass,false,24.96,false,none,lossOfPossession,,0.0468,929,1,notComplicated,far,right,,,,,,,,,,,,,,,,,,DFL_03_02_events_raw_DFL-COM-000002_DFL-MAT-J03WPY.xml,,,,
DFL-MAT-J03WPY,92.58,2022-10-15T14:26:24.350+02:00,23.57,18237400001072,92.58,23.57,ShotAtGoal,BlockedShot,134380,2022-10-15T14:26:25.160+02:00,92.58,21.47,DFL-CLU-00000P,1.27,2.32,4,direct,DFL-OBJ-J01KJ5,16.97,11.48,direct,true,DFL-OBJ-0000F8,chance,right,rightLeg,otherPassFromOpenPlay,false,17.64,true,average,passOpenPlay,otherPassFromOpenPlay,0.0242,1072,2,notComplicated,,,,,,,,,,,,,,DFL-OBJ-0028T3,false,,,,,DFL_03_02_events_raw_DFL-COM-000002_DFL-MAT-J03WPY.xml,,,,
DFL-MAT-J03WPY,96.08,2022-10-15T14:27:18.623+02:00,29.79,18237400001082,97.31,28.86,ShotAtGoal,OtherShot,,,,,DFL-CLU-00000P,,,3,direct,DFL-OBJ-002GMO,37.96,,direct,false,DFL-OBJ-002FXT,none,insideLeft,rightLeg,header,false,9.25,true,none,passOpenPlay,header,0.1007,1082,,complicated,,,,,,,,,,,,,,,,,,,,DFL_03_02_events_raw_DFL-COM-000002_DFL-MAT-J03WPY.xml,,,,
DFL-MAT-J03WPY,32.26,2022-10-15T14:33:19.978+02:00,29.99,18237400001144,14.99,30.85,ShotAtGoal,BlockedShot,144803,2022-10-15T14:33:22.080+02:00,15.36,28.37,DFL-CLU-000005,0.48,3.15,3,others,DFL-OBJ-0026IA,23.86,16.10,dribblingMore10m,false,DFL-OBJ-002G78,chance,insideLeft,rightLeg,otherPassFromOpenPlay,false,16.36,true,average,passOpenPlay,otherPassFromOpenPlay,0.1255,1144,1,notComplicated,,,,,,,,,,,,,,DFL-OBJ-002GM9,false,,,,,DFL_03_02_events_raw_DFL-COM-000002_DFL-MAT-J03WPY.xml,,,,
DFL-MAT-J03WPY,74.54,2022-10-15T14:35:22.163+02:00,19.86,18237400001163,74.54,19.86,ShotAtGoal,ShotWide,147790,2022-10-15T14:35:21.560+02:00,72.96,20.83,DFL-CLU-00000P,0.37,7.59,9,indirect,DFL-OBJ-0028FW,11.18,13.94,dribblingLess10m,false,DFL-OBJ-J01NQ8,none,insideLeft,rightLeg,reboundOutfieldPlayer,false,34.64,false,none,passOpenPlay,longPassFromOpenPlay,0.0387,1163,0,notComplicated,far,over,,,,,,,,,,,,,,,,,,DFL_03_02_events_raw_DFL-COM-000002_DFL-MAT-J03WPY.xml,,,,
DFL-MAT-J03WPY,91.67,2022-10-15T14:36:23.722+02:00,34.90,18237400001175,91.61,32.55,ShotAtGoal,ShotWide,149290,2022-10-15T14:36:21.560+02:00,92.15,32.27,DFL-CLU-00000P,0.83,1.65,3,direct,DFL-OBJ-0000NZ,31.30,13.96,volley,false,DFL-OBJ-002FXT,chance,right,head,crossFromOpenPlay,false,12.97,true,average,crossOpenPlay,crossFromOpenPlay,0.0525,1175,1,notComplicated,far,left,frontalVolley,,,,,,,,,,,,,,,,,DFL_03_02_events_raw_DFL-COM-000002_DFL-MAT-J03WPY.xml,,,,
DFL-MAT-J03WPY,85.06,2022-10-15T14:50:12.962+02:00,23.47,18237400001394,85.06,23.47,ShotAtGoal,BlockedShot,170093,2022-10-15T14:50:13.680+02:00,84.01,24.07,DFL-CLU-00000P,0.71,2.68,9,indirect,DFL-OBJ-002GM9,16.29,18.99,dribblingLess10m,false,DFL-OBJ-002GM1,chance,insideLeft,rightLeg,oppositionDefensiveAction,false,23.22,false,average,passOpenPlay,header,0.0353,1394,1,notComplicated,,,,,,,,,,,,,,DFL-OBJ-0026IA,false,,,,,DFL_03_02_events_raw_DFL-COM-000002_DFL-MAT-J03WPY.xml,,,,
DFL-MAT-J03WPY,85.96,2022-10-15T14:50:36.954+02:00,29.09,18237400001400,85.96,29.09,ShotAtGoal,ShotWide,170610,2022-10-15T14:50:34.360+02:00,85.89,29.27,DFL-CLU-00000P,0.17,1.31,8,indirect,DFL-OBJ-0000NZ,20.50,12.21,direct,false,DFL-OBJ-00028V,chance,right,rightLeg,oppositionDefensiveAction,false,19.69,false,average,throwIn,throwIn,0.0718,1400,3,notComplicated,far,right,,,,,,,,,,,,,,,,,,DFL_03_02_events_raw_DFL-COM-000002_DFL-MAT-J03WPY.xml,,,,
DFL-MAT-J03WPY,21.34,2022-10-15T14:51:53.075+02:00,28.48,18237400001417,21.34,28.48,ShotAtGoal,SavedShot,172581,2022-10-15T14:51:53.200+02:00,20.42,26.11,DFL-CLU-000005,0.39,4.95,8,direct,DFL-OBJ-0028BZ,17.79,12.41,direct,false,DFL-OBJ-002G78,chance,insideLeft,rightLeg,oneTwo,false,21.89,false,average,passOpenPlay,oneTwo,0.0890,1417,1,notComplicated,,,,,,,,,,average,DFL-OBJ-0028FW,arms,held,,,,,,,DFL_03_02_events_raw_DFL-COM-000002_DFL-MAT-J03WPY.xml,,,,
DFL-MAT-J03WPY,96.08,2022-10-15T14:53:06.971+02:00,44.13,18237400001436,95.21,44.14,ShotAtGoal,BlockedShot,174399,2022-10-15T14:53:05.920+02:00,94.79,44.26,DFL-CLU-00000P,0.62,1.91,2,direct,DFL-OBJ-0000NZ,20.86,11.45,volley,false,DFL-OBJ-J01CP5,chance,insideRight,leftLeg,otherPassFromOpenPlay,false,14.47,true,average,passOpenPlay,otherPassFromOpenPlay,0.0923,1436,2,notComplicated,,,frontalVolley,,,,,,,,,,,DFL-OBJ-0001BX,false,,,,,DFL_03_02_events_raw_DFL-COM-000002_DFL-MAT-J03WPY.xml,,,,
DFL-MAT-J03WQQ,11.82,2022-11-05T13:03:21.724+01:00,57.77,18240200000048,17.13,51.65,ShotAtGoal,SavedShot,12835,2022-11-05T13:03:21.520+01:00,16.42,51.86,DFL-CLU-00000P,0.62,1.91,9,others,DFL-OBJ-002G5J,11.80,19.62,dribblingLess10m,false,DFL-OBJ-00008K,chance,right,leftLeg,otherPassFromOpenPlay,false,24.26,false,average,passOpenPlay,otherPassFromOpenPlay,0.0251,48,1,notComplicated,,,,,,,,,,average,DFL-OBJ-0028LZ,arms,held,,,,,,,DFL_03_02_events_raw_DFL-COM-000002_DFL-MAT-J03WQQ.xml,,,,
DFL-MAT-J03WQQ,26.15,2022-11-05T13:08:26.346+01:00,34.00,18240200000164,20.74,39.42,ShotAtGoal,SavedShot,20468,2022-11-05T13:08:26.840+01:00,21.10,38.27,DFL-CLU-00000P,1.18,2.54,8,,,18.94,14.44,dribblingLess10m,false,DFL-OBJ-J01KJ5,chance,insideLeft,rightLeg,oppositionMisplacedPass,false,21.53,false,average,lossOfPossession,,0.0375,164,2,notComplicated,,,,,,,,,,average,DFL-OBJ-0028LZ,arms,held,,,,,,,DFL_03_02_events_raw_DFL-COM-000002_DFL-MAT-J03WQQ.xml,,,,
DFL-MAT-J03WQQ,101.29,2022-11-05T13:10:33.227+01:00,40.32,18240200000195,101.29,40.32,ShotAtGoal,ShotWide,23691,2022-11-05T13:10:35.760+01:00,102.59,41.75,DFL-CLU-00000H,0.00,4.11,3,direct,DFL-OBJ-002GNL,18.58,11.54,direct,false,DFL-OBJ-0026V5,chance,insideRight,rightLeg,otherPassFromOpenPlay,false,8.12,true,average,passOpenPlay,otherPassFromOpenPlay,0.1666,195,0,complicated,far,left,,,,,,,,,,,,,,,,,,DFL_03_02_events_raw_DFL-COM-000002_DFL-MAT-J03WQQ.xml,,,,
DFL-MAT-J03WQQ,95.88,2022-11-05T13:11:57.035+01:00,33.60,18240200000220,95.88,33.60,ShotAtGoal,SavedShot,25663,2022-11-05T13:11:54.640+01:00,95.63,33.87,DFL-CLU-00000H,0.68,1.68,3,direct,DFL-OBJ-0002EL,42.67,13.70,volley,false,DFL-OBJ-J014L2,sitter,left,head,crossFromOpenPlay,false,9.37,true,decent,crossOpenPlay,crossFromOpenPlay,0.2479,220,1,notComplicated,,,frontalVolley,,,,,,,average,DFL-OBJ-0028FW,arms,cleared,,,,,DFL-OBJ-0002EL,,DFL_03_02_events_raw_DFL-COM-000002_DFL-MAT-J03WQQ.xml,,,,
DFL-MAT-J03WQQ,92.48,2022-11-05T13:12:35.341+01:00,35.10,18240200000224,92.48,35.10,ShotAtGoal,SavedShot,26652,2022-11-05T13:12:34.200+01:00,93.33,35.12,DFL-CLU-00000H,2.09,0.61,3,direct,DFL-OBJ-0026V5,34.55,4.80,volley,false,DFL-OBJ-J014L2,chance,right,head,cornerKick,false,11.72,true,average,cornerKick,cornerKick,0.0298,224,4,notComplicated,,,frontalVolley,,,,,,,average,DFL-OBJ-0028FW,arms,held,,,,,,,DFL_03_02_events_raw_DFL-COM-000002_DFL-MAT-J03WQQ.xml,,,,
DFL-MAT-J03WQQ,7.41,2022-11-05T13:13:42.454+01:00,31.89,18240200000248,7.41,31.89,ShotAtGoal,BlockedShot,28306,2022-11-05T13:13:40.360+01:00,7.25,31.62,DFL-CLU-00000P,1.04,1.40,3,direct,DFL-OBJ-0026RH,49.81,18.58,volley,false,DFL-OBJ-002FXT,chance,left,head,crossFromOpenPlay,false,7.63,true,average,crossOpenPlay,crossFromOpenPlay,0.2628,248,1,notComplicated,,,frontalVolley,,,,,,,,,,,DFL-OBJ-J01PRP,false,,,,,DFL_03_02_events_raw_DFL-COM-000002_DFL-MAT-J03WQQ.xml,,,,
DFL-MAT-J03WQQ,12.92,2022-11-05T13:14:15.038+01:00,39.22,18240200000251,12.92,39.22,ShotAtGoal,SavedShot,29136,2022-11-05T13:14:13.560+01:00,13.65,41.04,DFL-CLU-00000P,0.71,0.94,3,direct,DFL-OBJ-J0130T,24.18,12.90,direct,false,DFL-OBJ-0026RH,chance,left,rightLeg,cornerKick,false,15.36,true,decent,cornerKick,cornerKick,0.0616,251,5,notComplicated,,,,,,,,,,average,DFL-OBJ-0028LZ,arms,cleared,,,,,,,DFL_03_02_events_raw_DFL-COM-000002_DFL-MAT-J03WQQ.xml,,,,
DFL-MAT-J03WQQ,15.03,2022-11-05T13:19:46.522+01:00,61.28,18240200000330,10.02,47.64,ShotAtGoal,BlockedShot,37512,2022-11-05T13:19:48.600+01:00,10.79,45.60,DFL-CLU-00000P,1.33,1.21,4,others,DFL-OBJ-002G5J,18.39,10.08,dribblingMore10m,false,DFL-OBJ-002GM1,chance,insideLeft,leftLeg,otherPassFromOpenPlay,false,15.84,true,average,passOpenPlay,otherPassFromOpenPlay,0.0245,330,3,notComplicated,,,,,,,,,,,,,,DFL-OBJ-002GNL,false,,,,,DFL_03_02_events_raw_DFL-COM-000002_DFL-MAT-J03WQQ.xml,,,,
DFL-MAT-J03WQQ,19.94,2022-11-05T13:22:31.000+01:00,18.45,18240200000386,19.94,18.45,ShotAtGoal,SuccessfulShot,41560,2022-11-05T13:22:30.520+01:00,19.32,18.30,DFL-CLU-00000P,0.45,5.27,7,direct,DFL-OBJ-002FXT,13.13,22.24,direct,false,DFL-OBJ-00008K,chance,insideLeft,leftLeg,header,false,24.89,false,,passOpenPlay,header,0.0482,386,0,notComplicated,,,,1:0,11,correct,DFL-OBJ-002FXT,direct,false,,,,,,,59251,,,,DFL_03_02_events_raw_DFL-COM-000002_DFL-MAT-J03WQQ.xml,DFL-OBJ-0028LZ,DFL-OBJ-0028FW,,
DFL-MAT-J03WQQ,97.39,2022-11-05T13:24:34.990+01:00,43.83,18240200000419,97.39,43.83,ShotAtGoal,ShotWide,44686,2022-11-05T13:24:35.560+01:00,97.90,44.56,DFL-CLU-00000H,0.19,2.42,2,direct,DFL-OBJ-002FZR,19.29,17.19,volley,false,DFL-OBJ-0002EL,chance,right,leftLeg,crossFromOpenPlay,false,12.72,true,average,crossOpenPlay,crossFromOpenPlay,0.1710,419,0,notComplicated,far,overCrossbarLeft,frontalVolley,,,,,,,,,,,,,,,,,DFL_03_02_events_raw_DFL-COM-000002_DFL-MAT-J03WQQ.xml,,,,
DFL-MAT-J03WQQ,100.39,2022-11-05T13:38:05.666+01:00,44.63,18240200000656,100.39,44.63,ShotAtGoal,SavedShot,64946,2022-11-05T13:38:05.960+01:00,100.54,44.21,DFL-CLU-00000H,0.51,1.21,2,direct,DFL-OBJ-002GNL,16.43,14.97,direct,false,DFL-OBJ-J01PRP,chance,left,rightLeg,cornerKick,false,11.14,true,decent,cornerKick,cornerKick,0.1153,656,1,notComplicated,,,,,,,,,,average,DFL-OBJ-0028FW,arms,cleared,,,,,,,DFL_03_02_events_raw_DFL-COM-000002_DFL-MAT-J03WQQ.xml,,,,
DFL-MAT-J03WQQ,26.05,2022-11-05T13:40:49.476+01:00,19.66,18240200000706,13.33,21.96,ShotAtGoal,SavedShot,69075,2022-11-05T13:40:51.120+01:00,13.74,22.52,DFL-CLU-00000P,0.54,7.28,2,direct,DFL-OBJ-J0130T,18.13,24.07,dribblingLess10m,false,DFL-OBJ-00008K,sitter,insideLeft,leftLeg,otherPassFromOpenPlay,false,17.90,true,decent,passOpenPlay,otherPassFromOpenPlay,0.2213,706,0,notComplicated,,,,,,,,,,average,DFL-OBJ-0028LZ,legs,cleared,,,,,DFL-OBJ-J0130T,,DFL_03_02_events_raw_DFL-COM-000002_DFL-MAT-J03WQQ.xml,,,,
DFL-MAT-J03WQQ,68.33,2022-11-05T13:44:09.487+01:00,19.66,18240200000758,82.06,34.20,ShotAtGoal,SavedShot,74065,2022-11-05T13:44:10.720+01:00,83.00,31.73,DFL-CLU-00000H,0.69,1.52,8,others,DFL-OBJ-J014L2,18.70,8.67,dribblingMore10m,false,DFL-OBJ-002FZR,chance,insideRight,leftLeg,otherPassFromOpenPlay,false,22.12,false,decent,passOpenPlay,otherPassFromOpenPlay,0.0365,758,2,notComplicated,,,,,,,,,,average,DFL-OBJ-0028FW,arms,notCleared,,,,,,,DFL_03_02_events_raw_DFL-COM-000002_DFL-MAT-J03WQQ.xml,,,,
DFL-MAT-J03WQQ,95.38,2022-11-05T13:44:12.984+01:00,48.14,18240200000762,95.38,48.14,ShotAtGoal,SavedShot,74133,2022-11-05T13:44:13.440+01:00,94.60,49.18,DFL-CLU-00000H,0.16,1.74,2,indirect,DFL-OBJ-002FZR,13.18,17.50,direct,false,DFL-OBJ-0002EL,chance,insideRight,leftLeg,oppositionGoalkeeperAction,false,18.40,true,decent,passOpenPlay,shot,0.0417,762,0,notComplicated,,,,,,,,,,average,DFL-OBJ-0028FW,arms,notCleared,,,,,,,DFL_03_02_events_raw_DFL-COM-000002_DFL-MAT-J03WQQ.xml,,,,
DFL-MAT-J03WQQ,83.26,2022-11-05T13:46:38.961+01:00,32.09,18240200000801,83.26,32.09,ShotAtGoal,BlockedShot,77778,2022-11-05T13:46:39.240+01:00,83.02,32.21,DFL-CLU-00000H,0.52,1.73,8,indirect,DFL-OBJ-0002EL,18.79,8.34,controlShot,false,DFL-OBJ-002GNL,chance,insideLeft,leftLeg,oppositionDefensiveAction,false,22.05,false,average,passOpenPlay,otherPassFromOpenPlay,0.0324,801,3,notComplicated,,,,,,,,,,,,,,DFL-OBJ-002GMO,false,,,,,DFL_03_02_events_raw_DFL-COM-000002_DFL-MAT-J03WQQ.xml,,,,
DFL-MAT-J03WQQ,89.97,2022-11-05T14:09:05.461+01:00,29.39,18240200000922,89.97,29.39,ShotAtGoal,SavedShot,107817,2022-11-05T14:09:05.000+01:00,90.97,28.64,DFL-CLU-00000P,0.31,1.42,3,direct,DFL-OBJ-0026RH,25.83,17.19,direct,false,DFL-OBJ-002GM1,chance,left,leftLeg,otherPassFromOpenPlay,false,15.02,true,outstanding,passOpenPlay,otherPassFromOpenPlay,0.1204,922,2,notComplicated,,,,,,,,,,exceptional,DFL-OBJ-0028LZ,legs,notCleared,,,,,,,DFL_03_02_events_raw_DFL-COM-000002_DFL-MAT-J03WQQ.xml,,,,
DFL-MAT-J03WQQ,29.96,2022-11-05T14:10:45.215+01:00,21.16,18240200000955,17.13,25.47,ShotAtGoal,BlockedShot,110364,2022-11-05T14:10:46.880+01:00,18.33,23.26,DFL-CLU-00000H,0.59,1.94,8,direct,DFL-OBJ-J01PRP,17.03,14.29,dribblingLess10m,false,DFL-OBJ-0027QN,chance,left,rightLeg,otherPassFromOpenPlay,false,21.24,false,average,passOpenPlay,otherPassFromOpenPlay,0.0401,955,1,notComplicated,,,,,,,,,,,,,,DFL-OBJ-002GM9,false,,,,,DFL_03_02_events_raw_DFL-COM-000002_DFL-MAT-J03WQQ.xml,,,,
DFL-MAT-J03WQQ,8.52,2022-11-05T14:15:29.277+01:00,34.80,18240200001036,8.52,34.80,ShotAtGoal,SavedShot,117337,2022-11-05T14:15:25.800+01:00,9.67,33.64,DFL-CLU-00000H,1.69,0.41,3,direct,DFL-OBJ-002GNL,41.42,8.22,volley,false,DFL-OBJ-002GN4,chance,left,head,crossFromOpenPlay,false,9.68,true,average,crossOpenPlay,crossFromOpenPlay,0.0470,1036,3,notComplicated,,,frontalVolley,,,,,,,average,DFL-OBJ-0028FW,others,held,,,,,,,DFL_03_02_events_raw_DFL-COM-000002_DFL-MAT-J03WQQ.xml,,,,
DFL-MAT-J03WQQ,89.97,2022-11-05T14:20:54.448+01:00,39.01,18240200001066,89.97,39.01,ShotAtGoal,ShotWide,125564,2022-11-05T14:20:54.880+01:00,89.25,38.29,DFL-CLU-00000P,0.66,1.92,3,direct,DFL-OBJ-0026RH,24.49,12.28,direct,false,DFL-OBJ-J0130T,chance,left,leftLeg,otherPassFromOpenPlay,false,16.32,true,average,passOpenPlay,otherPassFromOpenPlay,0.0861,1066,3,notComplicated,far,left,,,,,,,,,,,,,,,,,,DFL_03_02_events_raw_DFL-COM-000002_DFL-MAT-J03WQQ.xml,,,,
DFL-MAT-J03WQQ,84.36,2022-11-05T14:21:33.400+01:00,50.75,18240200001075,84.36,50.75,ShotAtGoal,BlockedShot,126575,2022-11-05T14:21:35.320+01:00,86.33,48.53,DFL-CLU-00000P,1.14,2.21,7,others,DFL-OBJ-002G5J,14.05,13.14,dribblingLess10m,false,DFL-OBJ-0026RH,none,insideLeft,rightLeg,otherPassFromOpenPlay,false,23.66,false,none,passOpenPlay,otherPassFromOpenPlay,0.0264,1075,1,notComplicated,,,,,,,,,,,,,,DFL-OBJ-J014L2,false,,,,,DFL_03_02_events_raw_DFL-COM-000002_DFL-MAT-J03WQQ.xml,,,,
DFL-MAT-J03WQQ,96.48,2022-11-05T14:22:38.569+01:00,37.81,18240200001089,95.61,36.05,ShotAtGoal,ShotWide,128070,2022-11-05T14:22:35.120+01:00,96.17,37.31,DFL-CLU-00000P,0.65,1.41,3,direct,DFL-OBJ-0026RH,40.56,6.07,volley,false,DFL-OBJ-002FXT,chance,left,head,throwIn,false,9.43,true,average,throwIn,throwIn,0.1405,1089,1,notComplicated,far,right,frontalVolley,,,,,,,,,,,,,,,,,DFL_03_02_events_raw_DFL-COM-000002_DFL-MAT-J03WQQ.xml,,,,
DFL-MAT-J03WQQ,21.94,2022-11-05T14:30:35.330+01:00,25.68,18240200001210,21.94,25.68,ShotAtGoal,ShotWide,140059,2022-11-05T14:30:34.680+01:00,21.52,25.86,DFL-CLU-00000H,0.27,2.77,8,others,DFL-OBJ-J014L2,16.98,7.81,direct,false,DFL-OBJ-002FZR,chance,insideRight,rightLeg,otherPassFromOpenPlay,false,23.01,false,average,passOpenPlay,otherPassFromOpenPlay,0.0439,1210,1,notComplicated,far,over,,,,,,,,,,,,,,,,,,DFL_03_02_events_raw_DFL-COM-000002_DFL-MAT-J03WQQ.xml,,,,
DFL-MAT-J03WQQ,96.08,2022-11-05T14:32:28.130+01:00,37.81,18240200001227,96.08,37.81,ShotAtGoal,ShotWide,142871,2022-11-05T14:32:27.160+01:00,96.32,36.14,DFL-CLU-00000P,1.04,1.01,3,direct,DFL-OBJ-002G5J,43.68,12.14,volley,false,DFL-OBJ-002GM9,chance,right,head,cornerKick,false,8.94,true,average,cornerKick,cornerKick,0.1353,1227,3,notComplicated,far,over,frontalVolley,,,,,,,,,,,,,,,,,DFL_03_02_events_raw_DFL-COM-000002_DFL-MAT-J03WQQ.xml,,,,
DFL-MAT-J03WQQ,17.93,2022-11-05T14:44:17.804+01:00,35.10,18240200001444,17.93,35.10,ShotAtGoal,BlockedShot,160633,2022-11-05T14:44:17.640+01:00,17.81,36.75,DFL-CLU-00000H,0.92,1.35,8,others,DFL-OBJ-002GMV,22.72,8.20,direct,false,DFL-OBJ-J014L2,chance,left,leftLeg,teammateAction,false,18.02,false,average,freeKick,teammateAction,0.0485,1444,3,notComplicated,,,,,,,,,,,,,,DFL-OBJ-002GMV,false,,,,true,DFL_03_02_events_raw_DFL-COM-000002_DFL-MAT-J03WQQ.xml,,,,
DFL-MAT-J03WQQ,38.17,2022-11-05T14:45:27.349+01:00,28.28,18240200001463,30.76,32.40,ShotAtGoal,ShotWide,162418,2022-11-05T14:45:29.040+01:00,30.80,31.12,DFL-CLU-00000H,0.37,5.14,8,others,DFL-OBJ-0002EL,13.44,16.63,dribblingLess10m,false,DFL-OBJ-0028HW,chance,left,rightLeg,otherPassFromOpenPlay,false,30.93,false,average,passOpenPlay,otherPassFromOpenPlay,0.0226,1463,1,notComplicated,far,over,,,,,,,,,,,,,,,,,,DFL_03_02_events_raw_DFL-COM-000002_DFL-MAT-J03WQQ.xml,,,,
DFL-MAT-J03WQQ,14.13,2022-11-05T14:46:23.518+01:00,38.21,18240200001478,14.13,38.21,ShotAtGoal,ShotWide,163791,2022-11-05T14:46:23.960+01:00,14.36,38.51,DFL-CLU-00000H,1.11,1.36,3,others,DFL-OBJ-0027AY,26.25,1.70,controlShot,false,DFL-OBJ-0028HW,chance,left,leftLeg,teammateAction,false,15.05,true,decent,passOpenPlay,teammateAction,0.0460,1478,2,notComplicated,near,over,,,,,,,,,,,,,,,,,,DFL_03_02_events_raw_DFL-COM-000002_DFL-MAT-J03WQQ.xml,,,,
DFL-MAT-J03WR9,98.29,2022-11-11T18:37:36.534+01:00,38.61,18242100000110,98.41,36.55,ShotAtGoal,SavedShot,19597,2022-11-11T18:37:36.240+01:00,97.38,36.56,DFL-CLU-00000P,1.00,1.68,3,direct,DFL-OBJ-002GM1,47.44,16.42,volley,false,DFL-OBJ-002GM9,chance,right,head,freeKick,false,8.04,true,decent,freeKick,freeKick,0.0823,110,1,complicated,,,frontalVolley,,,,,,,average,DFL-OBJ-00003W,arms,notCleared,,,,,,,DFL_03_02_events_raw_DFL-COM-000002_DFL-MAT-J03WR9.xml,,,,
DFL-MAT-J03WR9,94.98,2022-11-11T18:37:40.070+01:00,42.53,18242100000112,94.98,42.53,ShotAtGoal,BlockedShot,19649,2022-11-11T18:37:38.320+01:00,95.61,44.29,DFL-CLU-00000P,0.78,0.91,3,indirect,DFL-OBJ-002GM9,20.83,12.74,direct,false,DFL-OBJ-00008K,chance,right,leftLeg,oppositionGoalkeeperAction,false,13.93,true,average,freeKick,shot,0.0525,112,4,notComplicated,,,,,,,,,,,,,,DFL-OBJ-002GPN,false,,,,,DFL_03_02_events_raw_DFL-COM-000002_DFL-MAT-J03WR9.xml,,,,
DFL-MAT-J03WR9,102.90,2022-11-11T18:38:10.895+01:00,29.59,18242100000118,102.90,29.59,ShotAtGoal,SavedShot,20379,2022-11-11T18:38:07.520+01:00,102.46,29.52,DFL-CLU-00000P,0.97,1.38,3,direct,DFL-OBJ-00008K,54.78,15.15,volley,false,DFL-OBJ-002GMO,chance,left,head,header,false,5.15,true,decent,cornerKick,header,0.2353,118,2,complicated,,,frontalVolley,,,,,,,average,DFL-OBJ-00003W,arms,held,,,50573,,,,DFL_03_02_events_raw_DFL-COM-000002_DFL-MAT-J03WR9.xml,,,,
DFL-MAT-J03WR9,71.64,2022-11-11T18:44:26.320+01:00,51.15,18242100000216,87.62,37.74,ShotAtGoal,SuccessfulShot,29840,2022-11-11T18:44:25.960+01:00,88.36,38.00,DFL-CLU-00000P,1.20,3.74,8,others,DFL-OBJ-0026RH,23.55,17.21,dribblingMore10m,false,DFL-OBJ-J01KJ5,chance,insideLeft,rightLeg,otherPassFromOpenPlay,false,17.11,false,,passOpenPlay,otherPassFromOpenPlay,0.0560,216,1,notComplicated,,,,1:0,5,correct,DFL-OBJ-0026RH,others,true,,,,,,,,,,,DFL_03_02_events_raw_DFL-COM-000002_DFL-MAT-J03WR9.xml,,,,
DFL-MAT-J03WR9,71.74,2022-11-11T18:47:39.029+01:00,50.85,18242100000263,77.13,33.15,ShotAtGoal,SavedShot,34612,2022-11-11T18:47:36.840+01:00,75.25,34.70,DFL-CLU-00000P,0.00,2.72,8,others,DFL-OBJ-J01KJ5,14.02,14.01,dribblingMore10m,false,DFL-OBJ-002FXT,chance,left,rightLeg,otherPassFromOpenPlay,false,29.76,false,average,passOpenPlay,otherPassFromOpenPlay,0.0269,263,1,notComplicated,,,,,,,,,,average,DFL-OBJ-00003W,arms,cleared,,,,,,,DFL_03_02_events_raw_DFL-COM-000002_DFL-MAT-J03WR9.xml,,,,
DFL-MAT-J03WR9,8.82,2022-11-11T18:49:24.174+01:00,45.73,18242100000296,8.82,45.73,ShotAtGoal,BlockedShot,37344,2022-11-11T18:49:26.120+01:00,6.55,46.29,DFL-CLU-00000I,0.88,2.43,4,direct,DFL-OBJ-0001ZY,14.87,16.26,direct,false,DFL-OBJ-0000YE,chance,insideRight,rightLeg,otherPassFromOpenPlay,false,13.93,true,average,passOpenPlay,otherPassFromOpenPlay,0.0683,296,1,notComplicated,,,,,,,,,,,,,,DFL-OBJ-002GMO,false,,,,,DFL_03_02_events_raw_DFL-COM-000002_DFL-MAT-J03WR9.xml,,,,
DFL-MAT-J03WR9,56.11,2022-11-11T19:02:09.754+01:00,15.45,18242100000496,81.25,25.17,ShotAtGoal,ShotWide,56439,2022-11-11T19:02:09.920+01:00,81.95,24.06,DFL-CLU-00000P,0.56,2.58,8,others,DFL-OBJ-00028V,15.30,13.24,dribblingMore10m,false,DFL-OBJ-002GM1,chance,insideRight,rightLeg,otherPassFromOpenPlay,false,25.10,false,average,run,otherPassFromOpenPlay,0.0245,496,1,notComplicated,far,overCrossbarRight,,,,,,,,,,,,,,,,,,DFL_03_02_events_raw_DFL-COM-000002_DFL-MAT-J03WR9.xml,,,,
DFL-MAT-J03WR9,75.24,2022-11-11T19:06:00.997+01:00,35.40,18242100000567,86.52,49.13,ShotAtGoal,SavedShot,62243,2022-11-11T19:06:02.080+01:00,85.59,50.46,DFL-CLU-00000P,0.92,2.89,7,others,DFL-OBJ-00028V,12.63,18.03,dribblingMore10m,false,DFL-OBJ-002FXT,chance,left,leftLeg,otherPassFromOpenPlay,false,25.45,false,average,passOpenPlay,otherPassFromOpenPlay,0.0190,567,1,notComplicated,,,,,,,,,,average,DFL-OBJ-00003W,arms,held,,,,,,,DFL_03_02_events_raw_DFL-COM-000002_DFL-MAT-J03WR9.xml,,,,
DFL-MAT-J03WR9,89.57,2022-11-11T19:11:16.348+01:00,26.98,18242100000653,87.72,26.36,ShotAtGoal,ShotWide,70093,2022-11-11T19:11:16.080+01:00,87.65,26.25,DFL-CLU-00000P,0.10,11.31,8,,,20.07,23.22,dribblingLess10m,false,DFL-OBJ-00028V,sitter,insideRight,rightLeg,oppositionMisplacedPass,false,19.00,false,outstanding,lossOfPossession,,0.3421,653,0,notComplicated,far,left,,,,,,,,,,,,,,,,DFL-OBJ-00028V,,DFL_03_02_events_raw_DFL-COM-000002_DFL-MAT-J03WR9.xml,,,,
DFL-MAT-J03WR9,76.35,2022-11-11T19:13:29.459+01:00,51.65,18242100000680,76.83,48.83,ShotAtGoal,ShotWide,73381,2022-11-11T19:13:27.600+01:00,76.20,50.95,DFL-CLU-00000P,0.00,2.85,7,indirect,DFL-OBJ-J01KJ5,10.82,13.41,volley,false,DFL-OBJ-002FXT,chance,left,rightLeg,oppositionDefensiveAction,false,33.42,false,average,throwIn,throwIn,0.0237,680,2,notComplicated,near,left,frontalVolley,,,,,,,,,,,,,,,,,DFL_03_02_events_raw_DFL-COM-000002_DFL-MAT-J03WR9.xml,,,,
DFL-MAT-J03WR9,83.36,2022-11-11T19:14:59.558+01:00,23.07,18242100000699,83.36,23.07,ShotAtGoal,BlockedShot,75674,2022-11-11T19:14:59.320+01:00,82.19,24.03,DFL-CLU-00000P,0.51,2.51,9,indirect,DFL-OBJ-J0130T,15.40,14.58,direct,false,DFL-OBJ-0000NZ,chance,left,rightLeg,oppositionDefensiveAction,false,24.89,false,average,cornerKick,cornerKick,0.0186,699,5,notComplicated,,,,,,,,,,,,,,DFL-OBJ-0002DT,false,,,,,DFL_03_02_events_raw_DFL-COM-000002_DFL-MAT-J03WR9.xml,,,,
DFL-MAT-J03WR9,88.97,2022-11-11T19:34:02.401+01:00,49.65,18242100000746,89.71,47.83,ShotAtGoal,ShotWoodWork,100835,2022-11-11T19:33:57.080+01:00,88.84,47.17,DFL-CLU-00000I,0.32,1.66,2,direct,DFL-OBJ-0000YE,15.69,5.80,direct,false,DFL-OBJ-0025YM,chance,left,rightLeg,otherPassFromOpenPlay,false,20.85,true,outstanding,crossOpenPlay,otherPassFromOpenPlay,0.0221,746,3,notComplicated,,,,,,,,,,,,,,,,49496,crossBar,,,DFL_03_02_events_raw_DFL-COM-000002_DFL-MAT-J03WR9.xml,,,,
DFL-MAT-J03WR9,89.77,2022-11-11T19:34:15.750+01:00,43.83,18242100000750,89.02,44.33,ShotAtGoal,ShotWide,101268,2022-11-11T19:34:14.400+01:00,89.01,44.91,DFL-CLU-00000I,0.14,1.64,2,direct,DFL-OBJ-00265G,17.95,11.56,direct,false,DFL-OBJ-0025YM,chance,insideRight,rightLeg,otherPassFromOpenPlay,false,19.36,true,average,passOpenPlay,otherPassFromOpenPlay,0.0617,750,1,notComplicated,far,over,scoop,,,,,,,,,,,,,,,,,DFL_03_02_events_raw_DFL-COM-000002_DFL-MAT-J03WR9.xml,,,,
DFL-MAT-J03WR9,85.96,2022-11-11T19:34:52.112+01:00,34.20,18242100000756,85.92,33.35,ShotAtGoal,ShotWide,102144,2022-11-11T19:34:49.440+01:00,85.68,34.99,DFL-CLU-00000I,0.39,4.41,8,direct,DFL-OBJ-0028G2,21.40,12.11,direct,false,DFL-OBJ-0025YM,chance,insideRight,rightLeg,otherPassFromOpenPlay,false,19.35,false,average,passOpenPlay,otherPassFromOpenPlay,0.1443,756,0,notComplicated,near,right,,,,,,,,,,,,,,,,,,DFL_03_02_events_raw_DFL-COM-000002_DFL-MAT-J03WR9.xml,,,,
DFL-MAT-J03WR9,27.45,2022-11-11T19:35:40.263+01:00,37.31,18242100000767,25.88,36.25,ShotAtGoal,ShotWide,103420,2022-11-11T19:35:40.480+01:00,26.56,36.08,DFL-CLU-00000P,0.68,3.28,8,indirect,DFL-OBJ-J0130T,15.60,9.65,dribblingLess10m,false,DFL-OBJ-00008K,chance,insideRight,leftLeg,oppositionDefensiveAction,false,26.64,false,average,passOpenPlay,longPassFromOpenPlay,0.0224,767,2,notComplicated,far,overCrossbarLeft,,,,,,,,,,,,,,,,,,DFL_03_02_events_raw_DFL-COM-000002_DFL-MAT-J03WR9.xml,,,,
DFL-MAT-J03WR9,99.29,2022-11-11T19:38:14.480+01:00,28.48,18242100000805,99.31,28.86,ShotAtGoal,SuccessfulShot,107264,2022-11-11T19:38:14.240+01:00,100.06,28.74,DFL-CLU-00000I,1.14,0.16,3,direct,DFL-OBJ-0025YM,43.08,2.31,volley,false,DFL-OBJ-0000F9,chance,right,head,cornerKick,false,7.22,true,,cornerKick,cornerKick,0.1160,805,1,veryComplicated,,,frontalVolley,1:1,7,correct,DFL-OBJ-0025YM,direct,false,,,,,,,,,,,DFL_03_02_events_raw_DFL-COM-000002_DFL-MAT-J03WR9.xml,,,,DFL-OBJ-J0130T
DFL-MAT-J03WR9,89.97,2022-11-11T19:41:37.725+01:00,34.60,18242100000840,89.97,34.60,ShotAtGoal,SavedShot,112358,2022-11-11T19:41:38.000+01:00,89.72,35.05,DFL-CLU-00000I,0.68,1.88,3,direct,DFL-OBJ-0028G2,26.82,3.61,controlShot,false,DFL-OBJ-0002DT,chance,insideRight,rightLeg,otherPassFromOpenPlay,false,15.32,true,outstanding,passOpenPlay,otherPassFromOpenPlay,0.0663,840,1,notComplicated,,,,,,,,,,average,DFL-OBJ-0028FW,arms,cleared,,,,,,,DFL_03_02_events_raw_DFL-COM-000002_DFL-MAT-J03WR9.xml,,,,
DFL-MAT-J03WR9,9.42,2022-11-11T19:49:08.438+01:00,31.19,18242100000950,10.89,28.66,ShotAtGoal,SavedShot,123519,2022-11-11T19:49:04.440+01:00,10.78,29.77,DFL-CLU-00000P,0.84,2.45,3,direct,DFL-OBJ-00008K,33.17,13.14,volley,false,DFL-OBJ-002FXT,chance,insideLeft,head,otherPassFromOpenPlay,false,11.58,true,decent,passOpenPlay,otherPassFromOpenPlay,0.0398,950,1,complicated,,,frontalVolley,,,,,,,average,DFL-OBJ-00003W,arms,held,,,,,,,DFL_03_02_events_raw_DFL-COM-000002_DFL-MAT-J03WR9.xml,,,,
DFL-MAT-J03WR9,23.75,2022-11-11T19:54:14.177+01:00,22.77,18242100001031,24.48,23.37,ShotAtGoal,BlockedShot,131306,2022-11-11T19:54:15.920+01:00,24.19,22.22,DFL-CLU-00000P,0.46,2.34,7,,,13.99,13.92,dribblingMore10m,false,DFL-OBJ-J0130T,chance,insideLeft,rightLeg,oppositionOtherAction,false,26.91,false,average,lossOfPossession,,0.0213,1031,2,notComplicated,,,,,,,,,,,,,,DFL-OBJ-0026WW,false,,,,,DFL_03_02_events_raw_DFL-COM-000002_DFL-MAT-J03WR9.xml,,,,
DFL-MAT-J03WR9,93.08,2022-11-11T20:00:34.504+01:00,30.19,18242100001126,93.01,26.46,ShotAtGoal,ShotWide,140722,2022-11-11T20:00:32.560+01:00,92.85,25.89,DFL-CLU-00000I,0.63,1.17,3,direct,DFL-OBJ-00021G,23.97,6.58,controlShot,false,DFL-OBJ-0000YE,chance,left,leftLeg,crossFromOpenPlay,false,14.61,true,average,crossOpenPlay,crossFromOpenPlay,0.0243,1126,1,complicated,far,overCrossbarLeft,,,,,,,,,,,,,,,,,,DFL_03_02_events_raw_DFL-COM-000002_DFL-MAT-J03WR9.xml,,,,
DFL-MAT-J03WR9,8.42,2022-11-11T20:02:40.642+01:00,38.71,18242100001156,8.49,37.15,ShotAtGoal,SavedShot,143908,2022-11-11T20:02:40.000+01:00,9.41,37.86,DFL-CLU-00000P,1.26,1.15,3,direct,DFL-OBJ-J0130T,37.41,3.27,volley,false,DFL-OBJ-002GM9,chance,left,head,freeKick,false,10.17,true,average,freeKick,freeKick,0.0132,1156,1,veryComplicated,,,frontalVolley,,,,,,,average,DFL-OBJ-00003W,arms,held,,,,,,,DFL_03_02_events_raw_DFL-COM-000002_DFL-MAT-J03WR9.xml,,,,
DFL-MAT-J03WR9,41.38,2022-11-11T20:13:32.395+01:00,36.51,18242100001288,22.68,35.75,ShotAtGoal,BlockedShot,160173,2022-11-11T20:13:30.600+01:00,20.27,35.44,DFL-CLU-00000P,1.40,3.78,8,,,20.37,13.67,dribblingMore10m,false,DFL-OBJ-J0130T,chance,insideLeft,leftLeg,oppositionMisplacedPass,false,20.32,false,average,lossOfPossession,,0.0324,1288,2,notComplicated,,,,,,,,,,,,,,DFL-OBJ-0026WW,false,,,,,DFL_03_02_events_raw_DFL-COM-000002_DFL-MAT-J03WR9.xml,,,,
DFL-MAT-J03WR9,14.23,2022-11-11T20:14:55.268+01:00,31.49,18242100001300,13.89,31.95,ShotAtGoal,SavedShot,162056,2022-11-11T20:14:45.920+01:00,14.28,31.22,DFL-CLU-00000P,0.65,1.38,3,direct,DFL-OBJ-002FXT,27.80,8.12,volley,false,DFL-OBJ-0000F8,chance,right,leftLeg,header,false,14.55,true,outstanding,freeKick,header,0.1023,1300,2,notComplicated,,,frontalVolley,,,,,,,average,DFL-OBJ-00003W,arms,cleared,,,63270,,,,DFL_03_02_events_raw_DFL-COM-000002_DFL-MAT-J03WR9.xml,,,,
DFL-MAT-J03WR9,6.41,2022-11-11T20:15:12.620+01:00,39.92,18242100001303,6.41,39.92,ShotAtGoal,ShotWide,162638,2022-11-11T20:15:09.200+01:00,7.37,39.15,DFL-CLU-00000P,1.54,1.37,3,direct,DFL-OBJ-002G5J,38.66,11.34,volley,false,DFL-OBJ-J01CVM,chance,right,rightLeg,cornerKick,false,8.99,true,decent,cornerKick,cornerKick,0.0171,1303,2,veryComplicated,near,over,frontalVolley,,,,,,,,,,,,,,,,,DFL_03_02_events_raw_DFL-COM-000002_DFL-MAT-J03WR9.xml,,,,
DFL-MAT-J03WR9,10.62,2022-11-11T20:19:21.040+01:00,35.30,18242100001324,10.62,35.30,ShotAtGoal,ShotWide,168797,2022-11-11T20:19:15.560+01:00,10.33,34.26,DFL-CLU-00000P,0.91,1.90,3,direct,DFL-OBJ-J01NQ8,39.00,7.15,volley,false,DFL-OBJ-J0130T,chance,right,head,crossFromOpenPlay,false,10.33,true,average,crossOpenPlay,crossFromOpenPlay,0.0314,1324,1,complicated,far,right,frontalVolley,,,,,,,,,,,,,,,,,DFL_03_02_events_raw_DFL-COM-000002_DFL-MAT-J03WR9.xml,,,,
