ev.MatchId,ev.CalculatedFrame,ev.X-Source-Position,ev.EventTime,ev.Y-Source-Position,ev.CalculatedTimestamp,ev.EventId,ev.X-PositionFromTracking,ev.X-Position,ev.Y-PositionFromTracking,ev.Y-Position,setpiece_parent,Team,Pressure,GoalDistanceGoalkeeper,ShotOrigin,AssistTypeShotAtGoal,AssistShotAtGoal,AngleToGoal,PlayerSpeed,TakerBallControl,CounterAttack,Player,ChanceEvaluation,SetupOrigin,TypeOfShot,TakerSetup,AfterFreeKick,DistanceToGoal,InsideBox,SignificanceEvaluation,BuildUp,AssistAction,xG,BallPossessionPhase,AmountOfDefenders,ShotCondition,outcome,out.Placing,out.PitchMarking,ExtendedTypeOfShot,out.CurrentResult,out.GoalZone,out.RefDecisionEvaluation,out.Assist,out.AssistType,out.Solo,out.SaveEvaluation,out.GoalKeeper,out.SaveType,out.SaveResult,out.Player,out.GoalPrevented,ShotContribution,out.Location,SitterContribution,out.BlockedByOwnTeam,Penalty.Team,Penalty.CausingPlayer,Penalty.GoalkeeperBehaviour,Penalty.DecisionTimestamp,Penalty.ProspectiveTaker,Penalty.RefDecisionEvaluation,Penalty.RetakenPenalty,Penalty.PlayersInBox,Penalty.GoalkeeperMovement,PenaltyDirection,PenaltyExecution,src_file,out.DeflectionKeeper,ev.EndFrame,ev.StartFrame,FreeKick.DecisionTimestamp,FreeKick.Team,FreeKick.ExecutionMode,DirectFreeKickIntention,Rotation,out.AssistContribution,Penalty.FouledPlayer,ShotAssistFouledPlayer,out.AssistFouledPlayer,out.Error,out.DeflectionPlayer,goal
DFL-MAT-J03WMX,12519.0,14.13,2023-05-27 15:31:54.566000+02:00,41.92,2023-05-27T15:31:53.360+02:00,18226500000041,15.0,14.13,42.31,41.92,openPlay,DFL-CLU-000008,0.68,1.58,3,direct,DFL-OBJ-J01BGM,21.37,3.63,controlShot,1,DFL-OBJ-0027AX,chance,right,rightLeg,crossFromOpenPlay,0,17.15,1,average,crossOpenPlay,crossFromOpenPlay,0.0476,41,1.0,notComplicated,ShotWide,far,over,,,,,,,,,,,,,,,,,,,,,,,,,,,,,DFL_03_02_events_raw_DFL-COM-000001_DFL-MAT-J03WMX.xml,,,,,,,,,,,,,,,0
DFL-MAT-J03WMX,21707.0,84.46,2023-05-27 15:38:02+02:00,53.36,2023-05-27T15:38:00.880+02:00,18226500000187,89.53,89.51,47.48,47.63,openPlay,DFL-CLU-00000G,0.9,2.73,2,others,DFL-OBJ-0002AU,15.53,12.52,dribblingLess10m,0,DFL-OBJ-0026PM,chance,insideLeft,rightLeg,otherPassFromOpenPlay,0,20.52,1,,passOpenPlay,otherPassFromOpenPlay,0.0399,187,1.0,notComplicated,SuccessfulShot,,,scoop,0:1,5,correct,DFL-OBJ-0002AU,others,false,,,,,,,,,,,,,,,,,,,,,,DFL_03_02_events_raw_DFL-COM-000001_DFL-MAT-J03WMX.xml,,,,,,,,,,,,,,,1
DFL-MAT-J03WMX,28277.0,6.91,2023-05-27 15:42:23.200000+02:00,44.93,2023-05-27T15:42:23.680+02:00,18226500000282,4.12,5.79,40.86,41.64,openPlay,DFL-CLU-000008,0.85,5.1,3,direct,DFL-OBJ-0002BO,30.78,12.52,dribblingLess10m,0,DFL-OBJ-J01BGM,chance,right,rightLeg,throwIn,0,8.0,1,outstanding,throwIn,throwIn,0.0847,282,0.0,complicated,SavedShot,,,,,,,,,,average,DFL-OBJ-0002DR,legs,notCleared,,,,,,,,,,,,,,,,,,DFL_03_02_events_raw_DFL-COM-000001_DFL-MAT-J03WMX.xml,,,,,,,,,,,,,,,0
DFL-MAT-J03WMX,35103.0,90.17,2023-05-27 15:46:57.166000+02:00,44.63,2023-05-27T15:46:56.720+02:00,18226500000365,92.17,90.17,44.26,44.63,openPlay,DFL-CLU-00000G,0.73,1.78,2,direct,DFL-OBJ-J01APO,20.11,9.07,direct,0,DFL-OBJ-0002AU,chance,left,leftLeg,otherPassFromOpenPlay,0,16.43,1,average,passOpenPlay,otherPassFromOpenPlay,0.0448,365,2.0,notComplicated,BlockedShot,,,,,,,,,,,,,,DFL-OBJ-002G4A,false,,,,,,,,,,,,,,,,DFL_03_02_events_raw_DFL-COM-000001_DFL-MAT-J03WMX.xml,,,,,,,,,,,,,,,0
DFL-MAT-J03WMX,37680.0,98.69,2023-05-27 15:48:43.613000+02:00,38.91,2023-05-27T15:48:39.800+02:00,18226500000396,98.98,98.41,37.92,37.54,openPlay,DFL-CLU-00000G,1.31,0.84,3,direct,DFL-OBJ-0027G0,49.07,10.07,volley,0,DFL-OBJ-0000IA,chance,right,head,crossFromOpenPlay,0,7.18,1,outstanding,crossOpenPlay,crossFromOpenPlay,0.1542,396,2.0,notComplicated,ShotWoodWork,,,frontalVolley,,,,,,,,,,,,,51085,rightPost,,,,,,,,,,,,,,DFL_03_02_events_raw_DFL-COM-000001_DFL-MAT-J03WMX.xml,,,,,,,,,,,,,,,0
DFL-MAT-J03WMX,43775.0,17.93,2023-05-27 15:52:44.680000+02:00,50.95,2023-05-27T15:52:43.600+02:00,18226500000482,12.6,12.29,37.98,36.85,openPlay,DFL-CLU-000008,1.09,2.54,3,direct,DFL-OBJ-000270,29.78,20.22,dribblingLess10m,1,DFL-OBJ-002GKO,chance,insideRight,rightLeg,otherPassFromOpenPlay,0,13.21,1,decent,passOpenPlay,otherPassFromOpenPlay,0.104,482,1.0,notComplicated,ShotWide,near,over,,,,,,,,,,,,,,,,,,,,,,,,,,,,,DFL_03_02_events_raw_DFL-COM-000001_DFL-MAT-J03WMX.xml,,,,,,,,,,,,,,,0
DFL-MAT-J03WMX,49851.0,18.03,2023-05-27 15:56:46.928000+02:00,8.32,2023-05-27T15:56:46.640+02:00,18226500000536,20.72,20.28,16.83,17.47,openPlay,DFL-CLU-000008,1.06,1.28,7,,,12.05,12.9,dribblingLess10m,0,DFL-OBJ-0027AX,none,insideLeft,rightLeg,oppositionOtherAction,0,26.91,0,average,lossOfPossession,,0.0202,536,3.0,notComplicated,BlockedShot,,,,,,,,,,,,,,DFL-OBJ-0000IA,false,,,,,,,,,,,,,,,,DFL_03_02_events_raw_DFL-COM-000001_DFL-MAT-J03WMX.xml,,,,,,,,,,,,,,,0
DFL-MAT-J03WMX,55535.0,12.62,2023-05-27 16:00:41.213000+02:00,40.82,2023-05-27T16:00:34.000+02:00,18226500000602,12.96,12.59,39.13,39.84,openPlay,DFL-CLU-000008,0.79,1.42,3,direct,DFL-OBJ-J01BGM,27.68,12.74,volley,0,DFL-OBJ-000270,chance,right,head,crossFromOpenPlay,0,13.94,1,average,crossOpenPlay,crossFromOpenPlay,0.0155,602,1.0,complicated,ShotWide,far,overCrossbarRight,frontalVolley,,,,,,,,,,,,,,,,,,,,,,,,,,,,DFL_03_02_events_raw_DFL-COM-000001_DFL-MAT-J03WMX.xml,,,,,,,,,,,,,,,0
DFL-MAT-J03WMX,75078.0,96.68,2023-05-27 16:13:36.341000+02:00,22.06,2023-05-27T16:13:35.720+02:00,18226500000848,97.55,97.61,21.56,22.17,openPlay,DFL-CLU-00000G,0.17,0.93,4,direct,DFL-OBJ-0026PM,15.48,23.38,volley,0,DFL-OBJ-0002AU,chance,left,head,crossFromOpenPlay,0,14.5,1,average,crossOpenPlay,crossFromOpenPlay,0.0713,848,2.0,notComplicated,ShotWide,far,over,frontalVolley,,,,,,,,,,,,,,,,,,,,,,,,,,,,DFL_03_02_events_raw_DFL-COM-000001_DFL-MAT-J03WMX.xml,,,,,,,,,,,,,,,0
DFL-MAT-J03WMX,115922.0,78.75,2023-05-27 16:46:20.211000+02:00,42.63,2023-05-27T16:46:20.240+02:00,18226500001065,78.24,79.12,39.61,39.84,openPlay,DFL-CLU-000008,0.55,1.02,8,indirect,DFL-OBJ-0002BO,14.94,9.55,direct,0,DFL-OBJ-00012X,none,right,leftLeg,oppositionDefensiveAction,0,27.34,0,none,crossOpenPlay,crossFromOpenPlay,0.0188,1065,3.0,notComplicated,ShotWide,far,overCrossbarLeft,,,,,,,,,,,,,,,,,,,,,,,,,,,,,DFL_03_02_events_raw_DFL-COM-000001_DFL-MAT-J03WMX.xml,,,,,,,,,,,,,,,0
DFL-MAT-J03WMX,,2.81,2023-05-27 16:47:59.922000+02:00,30.09,,18226500001093,,2.7,,29.46,openPlay,DFL-CLU-00000G,,,3,direct,DFL-OBJ-0026PM,53.72,,volley,1,DFL-OBJ-0002AU,sitter,right,head,crossFromOpenPlay,0,5.28,1,outstanding,crossOpenPlay,crossFromOpenPlay,0.0437,1093,,veryComplicated,ShotWide,near,over,frontalVolley,,,,,,,,,,,,,,,DFL-OBJ-0026PM,,,,,,,,,,,,,DFL_03_02_events_raw_DFL-COM-000001_DFL-MAT-J03WMX.xml,,,,,,,,,,,,,,,0
DFL-MAT-J03WMX,121590.0,96.38,2023-05-27 16:50:10.483000+02:00,41.42,2023-05-27T16:50:06.960+02:00,18226500001126,95.82,95.81,41.11,41.94,openPlay,DFL-CLU-000008,1.79,0.57,3,direct,DFL-OBJ-0027AX,28.96,8.28,volley,0,DFL-OBJ-000270,chance,right,head,cornerKick,0,11.61,1,decent,cornerKick,cornerKick,0.0258,1126,4.0,notComplicated,SavedShot,,,frontalVolley,,,,,,,average,DFL-OBJ-0002DR,arms,cleared,,,,,,,,,,,,,,,,,,DFL_03_02_events_raw_DFL-COM-000001_DFL-MAT-J03WMX.xml,,,,,,,,,,,,,,,0
DFL-MAT-J03WMX,135032.0,9.39,2023-05-27 16:59:05.360000+02:00,31.25,2023-05-27T16:59:04.640+02:00,18226500001292,9.33,9.39,31.54,31.25,openPlay,DFL-CLU-00000G,2.97,0.61,3,direct,DFL-OBJ-0002F5,40.59,1.97,volley,0,DFL-OBJ-J017RE,chance,right,head,cornerKick,0,9.65,1,average,cornerKick,cornerKick,0.0466,1292,4.0,notComplicated,BlockedShot,,,frontalVolley,,,,,,,,,,,DFL-OBJ-0027KL,false,,,,true,,,,,,,,,,,,DFL_03_02_events_raw_DFL-COM-000001_DFL-MAT-J03WMX.xml,,,,,,,,,,,,,,,0
DFL-MAT-J03WMX,136134.0,31.06,2023-05-27 16:59:48.182000+02:00,65.29,2023-05-27T16:59:48.720+02:00,18226500001277,13.17,12.42,40.7,40.02,openPlay,DFL-CLU-00000G,1.02,2.16,3,others,DFL-OBJ-J01APO,25.19,13.33,dribblingMore10m,0,DFL-OBJ-0002AU,chance,right,leftLeg,otherPassFromOpenPlay,0,14.78,1,decent,run,otherPassFromOpenPlay,0.0815,1277,3.0,notComplicated,BlockedShot,,,,,,,,,,,,,,DFL-OBJ-002GKO,false,,,,,,,,,,,,,,,,DFL_03_02_events_raw_DFL-COM-000001_DFL-MAT-J03WMX.xml,,,,,,,,,,,,,,,0
DFL-MAT-J03WMX,136202.0,3.41,2023-05-27 16:59:51.760000+02:00,26.58,2023-05-27T16:59:51.440+02:00,18226500001279,3.94,3.41,26.37,26.58,openPlay,DFL-CLU-00000G,1.33,4.73,3,indirect,DFL-OBJ-0002AU,25.54,3.23,volley,0,DFL-OBJ-0027G6,chance,right,head,oppositionDefensiveAction,0,8.59,1,decent,run,shot,0.0544,1279,0.0,notComplicated,SavedShot,,,frontalVolley,,,,,,,average,DFL-OBJ-0002HE,arms,notCleared,,,,,,,,,,,,,,,,,,DFL_03_02_events_raw_DFL-COM-000001_DFL-MAT-J03WMX.xml,,,,,,,,,,,,,,,0
DFL-MAT-J03WMX,142937.0,100.89,2023-05-27 17:04:25+02:00,36.91,2023-05-27T17:04:20.840+02:00,18226500001344,100.25,100.89,38.43,36.91,openPlay,DFL-CLU-000008,0.89,0.24,3,direct,DFL-OBJ-002G89,50.37,13.91,direct,0,DFL-OBJ-002G4A,chance,right,leftLeg,header,0,6.5,1,outstanding,cornerKick,header,0.2451,1344,1.0,notComplicated,ShotWide,far,right,,,,,,,,,,,,,,,,,,,,,,,,,,,,,DFL_03_02_events_raw_DFL-COM-000001_DFL-MAT-J03WMX.xml,,,,,,,,,,,,,,,0
DFL-MAT-J03WMX,143598.0,38.57,2023-05-27 17:04:47.060000+02:00,53.86,2023-05-27T17:04:47.280+02:00,18226500001347,9.21,7.71,47.66,46.84,openPlay,DFL-CLU-00000G,0.47,2.58,4,others,DFL-OBJ-0000RP,14.64,25.6,dribblingMore10m,0,DFL-OBJ-0002AU,chance,insideRight,rightLeg,otherPassFromOpenPlay,0,16.47,1,average,run,otherPassFromOpenPlay,0.0577,1347,0.0,notComplicated,ShotWide,far,left,,,,,,,,,,,,,,,,,,,,,,,,,,,,,DFL_03_02_events_raw_DFL-COM-000001_DFL-MAT-J03WMX.xml,,,,,,,,,,,,,,,0
DFL-MAT-J03WMX,147027.0,19.04,2023-05-27 17:07:06.354000+02:00,16.45,2023-05-27T17:07:04.440+02:00,18226500001392,13.38,13.79,27.54,27.76,openPlay,DFL-CLU-00000G,0.84,3.33,3,,,25.28,8.68,dribblingLess10m,0,DFL-OBJ-0000RP,chance,left,rightLeg,oppositionMisplacedPass,0,14.86,1,decent,lossOfPossession,,0.1118,1392,2.0,notComplicated,ShotWide,near,right,,,,,,,,,,,,,,,,,,,,,,,,,,,,,DFL_03_02_events_raw_DFL-COM-000001_DFL-MAT-J03WMX.xml,,,,,,,,,,,,,,,0
DFL-MAT-J03WMX,,87.42,2023-05-27 17:10:47.960000+02:00,54.12,,18226500001426,,94.0,,34.0,Penalty,DFL-CLU-000008,0.0,,3,,,37.0,,setPiece,0,DFL-OBJ-J01BGM,sitter,left,rightLeg,ownSetPiece,0,11.0,1,,penaltyKick,,0.767,1426,,notComplicated,SuccessfulShot,,,,1:1,11,correct,,,false,,,,,,,,,,,DFL-CLU-000008,DFL-OBJ-0027G6,regular,2023-05-27T17:09:49.240+02:00,DFL-OBJ-J01BGM,correct,false,playerOfExecutiveTeam,left,101,targetedShot,DFL_03_02_events_raw_DFL-COM-000001_DFL-MAT-J03WMX.xml,,,,,,,,,,,,,,,1
DFL-MAT-J03WMX,,20.14,2023-05-27 17:18:42.782000+02:00,55.66,,18226500001548,,9.59,,42.24,openPlay,DFL-CLU-00000G,,,3,others,DFL-OBJ-J01N65,25.56,,dribblingMore10m,1,DFL-OBJ-0002AU,sitter,right,leftLeg,teammateAction,0,12.77,1,outstanding,run,teammateAction,0.4215,1548,,notComplicated,SavedShot,,,,,,,,,,exceptional,DFL-OBJ-0002HE,legs,notCleared,,,,,,,,,,,,,,,,,,DFL_03_02_events_raw_DFL-COM-000001_DFL-MAT-J03WMX.xml,,,,,,,,,,,,,,,0
DFL-MAT-J03WMX,164857.0,17.63,2023-05-27 17:18:58.640000+02:00,25.88,2023-05-27T17:18:57.640+02:00,18226500001554,17.1,17.63,24.86,25.88,openPlay,DFL-CLU-00000G,0.97,2.06,8,direct,DFL-OBJ-0027G6,19.05,18.3,dribblingLess10m,0,DFL-OBJ-002GCR,chance,left,rightLeg,otherPassFromOpenPlay,0,19.39,0,,passOpenPlay,otherPassFromOpenPlay,0.0498,1554,3.0,notComplicated,SuccessfulShot,,,scoop,1:2,15,correct,DFL-OBJ-0027G6,direct,false,,,,,,,,,,,,,,,,,,,,,,DFL_03_02_events_raw_DFL-COM-000001_DFL-MAT-J03WMX.xml,,,,,,,,,,,,,,,1
DFL-MAT-J03WN1,11308.0,85.86,2023-05-27 15:32:01.024000+02:00,42.83,2023-05-27T15:31:58.720+02:00,18226900000020,90.31,90.57,40.71,40.42,openPlay,DFL-CLU-00000B,1.35,2.87,3,direct,DFL-OBJ-0002LI,23.49,9.0,dribblingLess10m,0,DFL-OBJ-J013O2,chance,insideLeft,rightLeg,otherPassFromOpenPlay,0,16.15,1,average,passOpenPlay,otherPassFromOpenPlay,0.0354,20,2.0,notComplicated,BlockedShot,,,,,,,,,,,,,,DFL-OBJ-J014F7,false,,,,,,,,,,,,,,,,DFL_03_02_events_raw_DFL-COM-000001_DFL-MAT-J03WN1.xml,,,,,,,,,,,,,,,0
DFL-MAT-J03WN1,11386.0,94.98,2023-05-27 15:32:06.033000+02:00,24.47,2023-05-27T15:32:01.840+02:00,18226900000023,94.79,94.98,23.78,24.47,openPlay,DFL-CLU-00000B,0.88,1.38,4,indirect,DFL-OBJ-J013O2,20.94,4.49,controlShot,0,DFL-OBJ-002G02,chance,insideLeft,rightLeg,oppositionDefensiveAction,0,14.45,1,average,passOpenPlay,shot,0.0426,23,2.0,notComplicated,BlockedShot,,,,,,,,,,,,,,DFL-OBJ-J016C3,false,,,,,,,,,,,,,,,,DFL_03_02_events_raw_DFL-COM-000001_DFL-MAT-J03WN1.xml,,,,,,,,,,,,,,,0
DFL-MAT-J03WN1,12729.0,94.28,2023-05-27 15:32:58.702000+02:00,39.52,2023-05-27T15:32:55.560+02:00,18226900000027,95.27,94.28,39.7,39.52,openPlay,DFL-CLU-00000B,1.0,0.11,3,direct,DFL-OBJ-0002LI,32.05,4.11,volley,0,DFL-OBJ-J013O2,chance,right,rightLeg,cornerKick,0,11.28,1,average,cornerKick,cornerKick,0.0785,27,3.0,notComplicated,BlockedShot,,,frontalVolley,,,,,,,,,,,DFL-OBJ-0000XU,false,,,,,,,,,,,,,,,,DFL_03_02_events_raw_DFL-COM-000001_DFL-MAT-J03WN1.xml,,,,,,,,,,,,,,,0
DFL-MAT-J03WN1,12930.0,88.67,2023-05-27 15:33:12.469000+02:00,19.56,2023-05-27T15:33:03.600+02:00,18226900000033,87.81,88.67,18.98,19.56,openPlay,DFL-CLU-00000B,0.64,1.74,4,direct,DFL-OBJ-J01KDN,13.92,8.42,direct,0,DFL-OBJ-002G8H,chance,right,rightLeg,otherPassFromOpenPlay,0,22.83,1,average,passOpenPlay,otherPassFromOpenPlay,0.0239,33,1.0,notComplicated,ShotWide,far,over,,,,,,,,,,,,,,,,,,,,,,,,,,,,,DFL_03_02_events_raw_DFL-COM-000001_DFL-MAT-J03WN1.xml,,,,,,,,,,,,,,,0
DFL-MAT-J03WN1,37079.0,6.21,2023-05-27 15:49:12.240000+02:00,30.89,2023-05-27T15:49:09.560+02:00,18226900000272,7.46,6.29,31.39,31.65,openPlay,DFL-CLU-00000S,0.68,2.99,3,direct,DFL-OBJ-0027FG,48.06,20.62,volley,0,DFL-OBJ-0027LO,sitter,right,leftLeg,crossFromOpenPlay,0,7.9,1,,crossOpenPlay,crossFromOpenPlay,0.8438,272,1.0,notComplicated,SuccessfulShot,,,frontalVolley,1:0,7,correct,DFL-OBJ-0027FG,direct,false,,,,,,,,,DFL-OBJ-0027FG,,,,,,,,,,,,,DFL_03_02_events_raw_DFL-COM-000001_DFL-MAT-J03WN1.xml,,,,,,,,,,,,,,,1
DFL-MAT-J03WN1,39325.0,30.86,2023-05-27 15:50:41.668000+02:00,28.88,2023-05-27T15:50:39.400+02:00,18226900000281,20.72,20.14,20.3,20.86,openPlay,DFL-CLU-00000S,0.32,2.23,7,direct,DFL-OBJ-0027LO,14.1,16.15,dribblingLess10m,0,DFL-OBJ-000199,chance,insideLeft,leftLeg,otherPassFromOpenPlay,0,24.84,0,average,passOpenPlay,otherPassFromOpenPlay,0.0405,281,1.0,notComplicated,ShotWide,far,right,,,,,,,,,,,,,,,,,,,,,,,,,,,,,DFL_03_02_events_raw_DFL-COM-000001_DFL-MAT-J03WN1.xml,,,,,,,,,,,,,,,0
DFL-MAT-J03WN1,44049.0,91.27,2023-05-27 15:53:50.240000+02:00,37.81,2023-05-27T15:53:48.360+02:00,18226900000325,90.87,91.67,35.39,34.9,openPlay,DFL-CLU-00000B,1.4,1.33,3,direct,DFL-OBJ-002GOI,28.79,8.81,controlShot,0,DFL-OBJ-002G02,chance,insideRight,rightLeg,otherPassFromOpenPlay,0,14.2,1,average,passOpenPlay,otherPassFromOpenPlay,0.0448,325,4.0,notComplicated,ShotWide,far,over,,,,,,,,,,,,,,51410,,,,,,,,,,,,,,,DFL_03_02_events_raw_DFL-COM-000001_DFL-MAT-J03WN1.xml,,,,,,,,,,,,,,,0
DFL-MAT-J03WN1,50200.0,85.66,2023-05-27 15:57:56.493000+02:00,28.08,2023-05-27T15:57:54.400+02:00,18226900000380,85.12,85.66,28.53,28.08,openPlay,DFL-CLU-00000B,0.04,1.74,8,direct,DFL-OBJ-002GBK,19.46,15.5,direct,0,DFL-OBJ-J013O2,chance,insideRight,rightLeg,otherPassFromOpenPlay,0,20.62,0,average,passOpenPlay,otherPassFromOpenPlay,0.0593,380,2.0,notComplicated,SavedShot,,,,,,,,,,average,DFL-OBJ-0001I0,arms,held,,,,,,,,,,,,,,,,,,DFL_03_02_events_raw_DFL-COM-000001_DFL-MAT-J03WN1.xml,,,,,,,,,,,,,,,0
DFL-MAT-J03WN1,55429.0,6.51,2023-05-27 16:01:35.187000+02:00,28.38,2023-05-27T16:01:23.560+02:00,18226900000439,7.79,6.51,26.96,28.38,openPlay,DFL-CLU-00000S,1.68,1.95,3,direct,DFL-OBJ-0028NB,30.49,6.15,volley,0,DFL-OBJ-0000YV,chance,left,head,throwIn,0,10.5,1,decent,throwIn,throwIn,0.012,439,3.0,veryComplicated,ShotWide,near,over,frontalVolley,,,,,,,,,,,,,,,,,,,,,,,,,,,,DFL_03_02_events_raw_DFL-COM-000001_DFL-MAT-J03WN1.xml,,,,,,,,,,,,,,,0
DFL-MAT-J03WN1,56924.0,26.55,2023-05-27 16:02:24.416000+02:00,23.37,2023-05-27T16:02:23.360+02:00,18226900000449,8.44,7.01,22.11,23.37,openPlay,DFL-CLU-00000S,0.68,3.49,2,direct,DFL-OBJ-0027LO,17.23,25.32,dribblingMore10m,1,DFL-OBJ-0027FG,chance,insideLeft,leftLeg,otherPassFromOpenPlay,0,14.58,1,outstanding,passOpenPlay,otherPassFromOpenPlay,0.1869,449,1.0,notComplicated,ShotWide,near,right,,,,,,,,,,,,,,,,,,,,,,,,,,,,,DFL_03_02_events_raw_DFL-COM-000001_DFL-MAT-J03WN1.xml,,,,,,,,,,,,,,,0
DFL-MAT-J03WN1,60429.0,9.02,2023-05-27 16:04:46.440000+02:00,41.32,2023-05-27T16:04:43.560+02:00,18226900000478,9.47,9.02,40.14,41.32,openPlay,DFL-CLU-00000S,0.61,1.08,3,direct,DFL-OBJ-000172,31.31,19.92,volley,0,DFL-OBJ-0027FG,chance,left,rightLeg,cornerKick,0,11.29,1,,cornerKick,cornerKick,0.1542,478,2.0,notComplicated,SuccessfulShot,,,frontalVolley,2:0,14,correct,DFL-OBJ-000172,direct,false,,,,,,,,,,,,,,,,,,,,,,DFL_03_02_events_raw_DFL-COM-000001_DFL-MAT-J03WN1.xml,DFL-OBJ-0026NY,,,,,,,,,,,,,,1
DFL-MAT-J03WN1,63467.0,86.26,2023-05-27 16:06:46.324000+02:00,53.96,2023-05-27T16:06:45.080+02:00,18226900000500,86.77,86.26,50.54,50.15,openPlay,DFL-CLU-00000B,0.55,1.4,7,others,DFL-OBJ-J013O2,12.69,8.74,dribblingLess10m,1,DFL-OBJ-002GBK,chance,insideLeft,rightLeg,otherPassFromOpenPlay,0,24.62,0,average,passOpenPlay,otherPassFromOpenPlay,0.0199,500,2.0,notComplicated,SavedShot,,,,,,,,,,average,DFL-OBJ-0001I0,arms,cleared,,,,,,,,,,,,,,,,,,DFL_03_02_events_raw_DFL-COM-000001_DFL-MAT-J03WN1.xml,,,,,,,,,,,,,,,0
DFL-MAT-J03WN1,73655.0,28.05,2023-05-27 16:13:34.051000+02:00,7.32,2023-05-27T16:13:32.600+02:00,18226900000623,21.4,20.94,18.34,19.96,openPlay,DFL-CLU-00000S,0.82,1.61,7,others,DFL-OBJ-000172,12.79,14.7,dribblingMore10m,0,DFL-OBJ-0028NB,chance,insideLeft,rightLeg,otherPassFromOpenPlay,0,26.52,0,average,passOpenPlay,otherPassFromOpenPlay,0.019,623,0.0,notComplicated,ShotWide,far,left,,,,,,,,,,,,,,,,,,,,,,,,,,,,,DFL_03_02_events_raw_DFL-COM-000001_DFL-MAT-J03WN1.xml,,,,,,,,,,,,,,,0
DFL-MAT-J03WN1,77429.0,22.74,2023-05-27 16:16:04.836000+02:00,30.39,2023-05-27T16:16:03.560+02:00,18226900000659,23.15,22.64,26.93,27.28,openPlay,DFL-CLU-00000S,0.32,2.55,8,others,DFL-OBJ-0027LO,16.49,11.61,controlShot,0,DFL-OBJ-0000YV,chance,insideRight,leftLeg,otherPassFromOpenPlay,0,24.21,0,average,passOpenPlay,otherPassFromOpenPlay,0.0379,659,1.0,notComplicated,SavedShot,,,,,,,,,,average,DFL-OBJ-0026NY,arms,held,,,,,,,,,,,,,,,,,,DFL_03_02_events_raw_DFL-COM-000001_DFL-MAT-J03WN1.xml,,,,,,,,,,,,,,,0
DFL-MAT-J03WN1,109305.0,8.12,2023-05-27 16:40:09.827000+02:00,46.04,2023-05-27T16:40:08.040+02:00,18226900000769,1.85,0.9,46.86,46.24,openPlay,DFL-CLU-00000B,0.71,0.75,4,indirect,DFL-OBJ-002GBK,4.98,15.46,dribblingLess10m,0,DFL-OBJ-002G02,none,insideRight,rightLeg,oppositionDefensiveAction,0,12.99,1,average,passOpenPlay,otherPassFromOpenPlay,0.0358,769,1.0,notComplicated,ShotWide,far,over,,,,,,,,,,,,,,,,,,,,,,,,,,,,,DFL_03_02_events_raw_DFL-COM-000001_DFL-MAT-J03WN1.xml,,,,,,,,,,,,,,,0
DFL-MAT-J03WN1,123231.0,18.13,2023-05-27 16:49:25.496000+02:00,40.62,2023-05-27T16:49:25.080+02:00,18226900000878,18.55,18.13,39.02,40.62,FreeKick,DFL-CLU-00000B,0.0,1.03,8,,,20.88,8.23,setPiece,0,DFL-OBJ-0002LI,chance,insideRight,rightLeg,ownSetPiece,1,19.22,0,average,freeKick,,0.1065,878,8.0,notComplicated,BlockedShot,,,,,,,,,,,,,,DFL-OBJ-002G4G,false,,,,,,,,,,,,,,,,DFL_03_02_events_raw_DFL-COM-000001_DFL-MAT-J03WN1.xml,,123312,123068,2023-05-27T16:48:19.199+02:00,DFL-CLU-00000B,direct,nearKeeper,other,,,,,,,0
DFL-MAT-J03WN1,125121.0,11.32,2023-05-27 16:50:41.541000+02:00,49.85,2023-05-27T16:50:40.680+02:00,18226900000899,6.34,5.51,42.33,42.12,openPlay,DFL-CLU-00000B,0.63,2.03,3,direct,DFL-OBJ-002GBK,25.76,28.04,dribblingLess10m,0,DFL-OBJ-002GOI,chance,insideRight,rightLeg,otherPassFromOpenPlay,0,10.47,1,outstanding,passOpenPlay,otherPassFromOpenPlay,0.2279,899,1.0,notComplicated,ShotWoodWork,,,,,,,,,,,,,,,,,rightPost,,,,,,,,,,,,,,DFL_03_02_events_raw_DFL-COM-000001_DFL-MAT-J03WN1.xml,,,,,,,,,,,,,,,0
DFL-MAT-J03WN1,130730.0,22.74,2023-05-27 16:54:24.943000+02:00,22.47,2023-05-27T16:54:25.040+02:00,18226900000951,6.65,8.92,24.66,24.27,openPlay,DFL-CLU-00000B,0.96,1.37,2,direct,DFL-OBJ-002GBK,22.41,9.15,dribblingLess10m,0,DFL-OBJ-0002LI,chance,left,leftLeg,otherPassFromOpenPlay,0,11.47,1,average,passOpenPlay,otherPassFromOpenPlay,0.1041,951,1.0,notComplicated,BlockedShot,,,,,,,,,,,,,,DFL-OBJ-002G4G,false,,,,,,,,,,,,,,,,DFL_03_02_events_raw_DFL-COM-000001_DFL-MAT-J03WN1.xml,,,,,,,,,,,,,,,0
DFL-MAT-J03WN1,151114.0,94.48,2023-05-27 17:08:02.381000+02:00,31.59,2023-05-27T17:08:00.400+02:00,18226900001121,94.27,94.48,30.32,31.59,openPlay,DFL-CLU-00000S,0.34,1.96,3,direct,DFL-OBJ-0027FG,34.27,20.34,direct,1,DFL-OBJ-0000YV,chance,right,leftLeg,otherPassFromOpenPlay,0,11.34,1,decent,passOpenPlay,otherPassFromOpenPlay,0.2427,1121,1.0,notComplicated,BlockedShot,,,,,,,,,,,,,,DFL-OBJ-002GAR,false,,,,,,,,,,,,,,,,DFL_03_02_events_raw_DFL-COM-000001_DFL-MAT-J03WN1.xml,,,,,,,,,,,,,,,0
DFL-MAT-J03WN1,160467.0,90.17,2023-05-27 17:14:17.440000+02:00,44.23,2023-05-27T17:14:14.520+02:00,18226900001209,89.16,90.17,43.7,44.23,openPlay,DFL-CLU-00000S,0.06,5.7,2,direct,DFL-OBJ-00002Z,19.27,19.43,direct,0,DFL-OBJ-000172,chance,insideRight,leftLeg,otherPassFromOpenPlay,0,18.57,1,,passOpenPlay,otherPassFromOpenPlay,0.1896,1209,0.0,notComplicated,SuccessfulShot,,,,3:0,9,correct,DFL-OBJ-00002Z,direct,false,,,,,,,60583,,,,,,,,,,,,,,,DFL_03_02_events_raw_DFL-COM-000001_DFL-MAT-J03WN1.xml,,,,,,,,,DFL-OBJ-J01AQV,,,,,,1
DFL-MAT-J03WN1,166628.0,93.18,2023-05-27 17:18:22.131000+02:00,22.06,2023-05-27T17:18:20.960+02:00,18226900001233,92.57,93.18,21.59,22.06,openPlay,DFL-CLU-00000S,0.74,2.86,4,direct,DFL-OBJ-002G4G,17.14,22.95,direct,1,DFL-OBJ-J01AQV,chance,right,rightLeg,otherPassFromOpenPlay,0,17.56,1,decent,passOpenPlay,otherPassFromOpenPlay,0.0679,1233,1.0,notComplicated,SavedShot,,,,,,,,,,average,DFL-OBJ-0026NY,arms,notCleared,,,,,,,,,,,,,,,,,,DFL_03_02_events_raw_DFL-COM-000001_DFL-MAT-J03WN1.xml,,,,,,,,,,,,,,,0
DFL-MAT-J03WOH,12004.0,99.9,2022-08-26 18:33:28.800000+02:00,41.84,2022-08-26T18:33:29.880+02:00,18232100000016,99.72,99.9,41.72,41.84,openPlay,DFL-CLU-000011,0.95,0.8,3,direct,DFL-OBJ-0027B0,27.55,3.95,volley,0,DFL-OBJ-002G2Y,chance,left,head,freeKick,0,9.35,1,decent,freeKick,freeKick,0.0325,16,2.0,complicated,SavedShot,,,frontalVolley,,,,,,,average,DFL-OBJ-0028FW,arms,notCleared,,,,,,,,,,,,,,,,,,DFL_03_02_events_raw_DFL-COM-000002_DFL-MAT-J03WOH.xml,,,,,,,,,,,,,,,0
DFL-MAT-J03WOH,12894.0,97.99,2022-08-26 18:34:06.240000+02:00,35.1,2022-08-26T18:34:05.480+02:00,18232100000022,96.49,97.99,38.3,35.1,openPlay,DFL-CLU-000011,1.51,0.65,3,others,DFL-OBJ-00268T,38.79,2.9,controlShot,0,DFL-OBJ-002GEE,chance,left,rightLeg,teammateAction,0,9.53,1,average,cornerKick,teammateAction,0.0897,22,3.0,notComplicated,BlockedShot,,,,,,,,,,,,,,DFL-OBJ-00006V,false,62875,,,,,,,,,,,,,,,DFL_03_02_events_raw_DFL-COM-000002_DFL-MAT-J03WOH.xml,,,,,,,,,,,,,,,0
DFL-MAT-J03WOH,18045.0,89.87,2022-08-26 18:37:32.488000+02:00,23.57,2022-08-26T18:37:31.520+02:00,18232100000067,88.83,89.81,25.41,24.76,openPlay,DFL-CLU-000011,0.5,6.1,4,direct,DFL-OBJ-0027VS,20.19,10.45,dribblingMore10m,0,DFL-OBJ-002GAB,chance,insideRight,rightLeg,otherPassFromOpenPlay,0,18.31,1,decent,passOpenPlay,otherPassFromOpenPlay,0.1467,67,1.0,notComplicated,ShotWide,near,left,,,,,,,,,,,,,,,,,,,,,,,,,,,,,DFL_03_02_events_raw_DFL-COM-000002_DFL-MAT-J03WOH.xml,,,,,,,,,,,,,,,0
DFL-MAT-J03WOH,,7.21,2022-08-26 18:39:17.440000+02:00,26.68,,18232100000090,,6.99,,27.36,openPlay,DFL-CLU-00000P,,,3,direct,DFL-OBJ-002FXT,26.46,,direct,0,DFL-OBJ-002GM1,sitter,right,leftLeg,crossFromOpenPlay,0,10.7,1,outstanding,crossOpenPlay,crossFromOpenPlay,0.0763,90,,complicated,ShotWide,far,over,,,,,,,,,,,,,,,,DFL-OBJ-002FXT,,,,,,,,,,,,,DFL_03_02_events_raw_DFL-COM-000002_DFL-MAT-J03WOH.xml,,,,,,,,,,,,,,,0
DFL-MAT-J03WOH,24465.0,53.6,2022-08-26 18:41:47.148000+02:00,21.46,2022-08-26T18:41:48.320+02:00,18232100000117,18.39,18.98,19.81,21.27,openPlay,DFL-CLU-00000P,0.79,1.6,7,others,DFL-OBJ-J014UG,14.35,14.7,dribblingMore10m,0,DFL-OBJ-002GM1,chance,insideLeft,rightLeg,freeKick,0,23.23,0,average,run,freeKick,0.0246,117,2.0,notComplicated,SavedShot,,,scoop,,,,,,,average,DFL-OBJ-002GNH,arms,held,,,,,,,,,,,,,,,,,,DFL_03_02_events_raw_DFL-COM-000002_DFL-MAT-J03WOH.xml,,,,,,,,,,,,,,,0
DFL-MAT-J03WOH,36340.0,6.81,2022-08-26 18:49:43.075000+02:00,29.79,2022-08-26T18:49:43.320+02:00,18232100000253,6.91,6.81,29.89,29.79,openPlay,DFL-CLU-00000P,1.07,1.23,3,direct,DFL-OBJ-J01CP5,44.63,8.58,volley,0,DFL-OBJ-002GM1,chance,left,head,crossFromOpenPlay,0,8.04,1,average,crossOpenPlay,crossFromOpenPlay,0.0607,253,2.0,complicated,OtherShot,,,frontalVolley,,,,,,,,,,,,,,,,,,,,,,,,,,,,DFL_03_02_events_raw_DFL-COM-000002_DFL-MAT-J03WOH.xml,,,,,,,,,,,,,,,0
DFL-MAT-J03WOH,40773.0,90.27,2022-08-26 18:52:41.807000+02:00,30.99,2022-08-26T18:52:40.640+02:00,18232100000298,91.09,90.71,31.59,31.25,openPlay,DFL-CLU-000011,1.04,1.0,3,direct,DFL-OBJ-0027VS,28.71,5.95,controlShot,0,DFL-OBJ-0027XP,chance,right,rightLeg,crossFromOpenPlay,0,14.12,1,average,crossOpenPlay,crossFromOpenPlay,0.066,298,2.0,notComplicated,OtherShot,,,,,,,,,,,,,,,,,,,,,,,,,,,,,,,DFL_03_02_events_raw_DFL-COM-000002_DFL-MAT-J03WOH.xml,,,,,,,,,,,,,,,0
DFL-MAT-J03WOH,,12.32,2022-08-26 18:59:02.395000+02:00,20.26,,18232100000400,,12.32,,20.26,openPlay,DFL-CLU-00000P,,,2,others,DFL-OBJ-J0130T,15.41,,dribblingLess10m,0,DFL-OBJ-00003X,chance,insideLeft,rightLeg,teammateAction,0,18.45,1,average,lossOfPossession,teammateAction,0.0394,400,,notComplicated,BlockedShot,,,,,,,,,,,,,,DFL-OBJ-0028SW,false,,,,,,,,,,,,,,,,DFL_03_02_events_raw_DFL-COM-000002_DFL-MAT-J03WOH.xml,,,,,,,,,,,,,,,0
DFL-MAT-J03WOH,50397.0,20.44,2022-08-26 18:59:06.388000+02:00,22.47,2022-08-26T18:59:05.600+02:00,18232100000402,20.27,20.48,20.49,21.27,openPlay,DFL-CLU-00000P,0.98,1.91,7,indirect,DFL-OBJ-J0130T,14.35,9.39,dribblingLess10m,0,DFL-OBJ-00003X,none,insideLeft,rightLeg,oppositionDefensiveAction,0,24.36,0,average,lossOfPossession,teammateAction,0.0192,402,2.0,notComplicated,BlockedShot,,,,,,,,,,,,,,DFL-OBJ-0027B0,false,,,,,,,,,,,,,,,,DFL_03_02_events_raw_DFL-COM-000002_DFL-MAT-J03WOH.xml,,,,,,,,,,,,,,,0
DFL-MAT-J03WOH,53905.0,31.96,2022-08-26 19:01:27.790000+02:00,52.15,2022-08-26T19:01:25.920+02:00,18232100000445,17.72,17.98,37.49,37.25,openPlay,DFL-CLU-00000P,0.29,3.77,8,,,22.52,20.44,dribblingMore10m,0,DFL-OBJ-002FXT,chance,insideRight,leftLeg,oppositionMisplacedPass,0,18.06,0,average,lossOfPossession,,0.1649,445,0.0,notComplicated,SavedShot,,,,,,,,,,average,DFL-OBJ-002GNH,arms,held,,,,,,,,,,,,,,,,,,DFL_03_02_events_raw_DFL-COM-000002_DFL-MAT-J03WOH.xml,,,,,,,,,,,,,,,0
DFL-MAT-J03WOH,,92.98,2022-08-26 19:02:00.086000+02:00,34.2,,18232100000452,,94.71,,33.25,openPlay,DFL-CLU-000011,,,3,direct,DFL-OBJ-0026UQ,38.99,,volley,0,DFL-OBJ-002G2Y,chance,left,head,crossFromOpenPlay,0,10.32,1,average,crossOpenPlay,crossFromOpenPlay,0.029,452,,complicated,ShotWide,far,left,frontalVolley,,,,,,,,,,,,,,,,,,,,,,,,,,,,DFL_03_02_events_raw_DFL-COM-000002_DFL-MAT-J03WOH.xml,,,,,,,,,,,,,,,0
DFL-MAT-J03WOH,57180.0,38.67,2022-08-26 19:03:35.120000+02:00,52.65,2022-08-26T19:03:36.920+02:00,18232100000478,13.33,12.29,49.82,49.73,openPlay,DFL-CLU-00000P,0.74,2.23,4,others,DFL-OBJ-J0130T,13.24,14.27,dribblingMore10m,1,DFL-OBJ-00003X,chance,right,rightLeg,otherPassFromOpenPlay,0,20.69,1,average,run,otherPassFromOpenPlay,0.0279,478,1.0,notComplicated,BlockedShot,,,,,,,,,,,,,,DFL-OBJ-002GEE,false,,,,,,,,,,,,,,,,DFL_03_02_events_raw_DFL-COM-000002_DFL-MAT-J03WOH.xml,,,,,,,,,,,,,,,0
DFL-MAT-J03WOH,58522.0,9.12,2022-08-26 19:04:30.648000+02:00,39.12,2022-08-26T19:04:30.600+02:00,18232100000487,9.65,9.89,36.25,36.65,openPlay,DFL-CLU-00000P,1.02,1.16,3,direct,DFL-OBJ-002GM1,39.8,5.35,volley,0,DFL-OBJ-J014UG,chance,right,head,cornerKick,0,9.91,1,decent,cornerKick,cornerKick,0.0864,487,1.0,notComplicated,ShotWide,near,over,frontalVolley,,,,,,,,,,,,,,,,,,,,,,,,,,,,DFL_03_02_events_raw_DFL-COM-000002_DFL-MAT-J03WOH.xml,,,,,,,,,,,,,,,0
DFL-MAT-J03WOH,64412.0,86.46,2022-08-26 19:08:26.149000+02:00,31.29,2022-08-26T19:08:26.200+02:00,18232100000533,87.33,86.12,27.39,28.56,openPlay,DFL-CLU-000011,0.96,1.62,8,direct,DFL-OBJ-002GAB,20.69,7.45,controlShot,0,DFL-OBJ-002G2Y,chance,right,leftLeg,otherPassFromOpenPlay,0,18.87,0,average,passOpenPlay,otherPassFromOpenPlay,0.0368,533,2.0,notComplicated,SavedShot,,,,,,,,,,average,DFL-OBJ-0028FW,arms,held,,,,,,,,,,,,,,,,,,DFL_03_02_events_raw_DFL-COM-000002_DFL-MAT-J03WOH.xml,,,,,,,,,,,,,,,0
DFL-MAT-J03WOH,67771.0,93.28,2022-08-26 19:10:43.158000+02:00,28.38,2022-08-26T19:10:40.560+02:00,18232100000570,94.71,94.41,29.97,29.36,openPlay,DFL-CLU-000011,1.91,0.5,3,direct,DFL-OBJ-0026UQ,34.71,10.48,volley,0,DFL-OBJ-002G2Y,chance,left,head,crossFromOpenPlay,0,11.05,1,average,crossOpenPlay,crossFromOpenPlay,0.0119,570,3.0,complicated,ShotWide,far,left,frontalVolley,,,,,,,,,,,,,,,,,,,,,,,,,,,,DFL_03_02_events_raw_DFL-COM-000002_DFL-MAT-J03WOH.xml,,,,,,,,,,,,,,,0
DFL-MAT-J03WOH,70042.0,77.25,2022-08-26 19:12:11.487000+02:00,33.3,2022-08-26T19:12:11.400+02:00,18232100000606,77.59,78.73,29.27,29.06,openPlay,DFL-CLU-000011,0.57,2.66,8,direct,DFL-OBJ-002GAB,14.78,2.89,controlShot,0,DFL-OBJ-0027B0,chance,insideRight,rightLeg,otherPassFromOpenPlay,0,27.82,0,decent,passOpenPlay,otherPassFromOpenPlay,0.0152,606,1.0,notComplicated,ShotWide,near,left,,,,,,,,,,,,,,,,,,,,,,,,,,,,,DFL_03_02_events_raw_DFL-COM-000002_DFL-MAT-J03WOH.xml,,,,,,,,,,,,,,,0
DFL-MAT-J03WOH,,11.22,2022-08-26 19:14:36.698000+02:00,41.32,,18232100000646,,9.59,,42.94,openPlay,DFL-CLU-00000P,,,3,direct,DFL-OBJ-002GM1,25.03,,direct,0,DFL-OBJ-0000F8,sitter,insideRight,rightLeg,otherPassFromOpenPlay,0,13.48,1,outstanding,passOpenPlay,otherPassFromOpenPlay,0.2664,646,,notComplicated,SavedShot,,,,,,,,,,average,DFL-OBJ-002GNH,legs,notCleared,,,40813,,DFL-OBJ-002GM1,,,,,,,,,,,,,DFL_03_02_events_raw_DFL-COM-000002_DFL-MAT-J03WOH.xml,,,,,,,,,,,,,,,0
DFL-MAT-J03WOH,77367.0,7.21,2022-08-26 19:17:08.020000+02:00,28.08,2022-08-26T19:17:04.400+02:00,18232100000680,8.89,7.99,27.51,28.16,openPlay,DFL-CLU-00000P,0.89,2.11,3,direct,DFL-OBJ-J01CP5,31.13,10.72,volley,0,DFL-OBJ-00003X,chance,left,rightLeg,crossFromOpenPlay,0,11.01,1,outstanding,crossOpenPlay,crossFromOpenPlay,0.022,680,1.0,veryComplicated,SavedShot,,,frontalVolley,,,,,,,average,DFL-OBJ-002GNH,arms,cleared,,,,,,,,,,,,,,,,,,DFL_03_02_events_raw_DFL-COM-000002_DFL-MAT-J03WOH.xml,,,,,,,,,,,,,,,0
DFL-MAT-J03WOH,111934.0,33.26,2022-08-26 19:42:54.514000+02:00,32.29,2022-08-26T19:42:55.720+02:00,18232100000853,33.43,32.47,30.08,31.05,openPlay,DFL-CLU-000011,0.17,2.37,8,others,DFL-OBJ-0027B0,12.33,7.64,dribblingLess10m,0,DFL-OBJ-002651,none,insideRight,leftLeg,otherPassFromOpenPlay,0,33.66,0,none,passOpenPlay,otherPassFromOpenPlay,0.016,853,1.0,notComplicated,ShotWide,far,overCrossbarLeft,,,,,,,,,,,,,,,,,,,,,,,,,,,,,DFL_03_02_events_raw_DFL-COM-000002_DFL-MAT-J03WOH.xml,,,,,,,,,,,,,,,0
DFL-MAT-J03WOH,116578.0,20.24,2022-08-26 19:45:59.124000+02:00,46.14,2022-08-26T19:46:01.480+02:00,18232100000915,19.62,19.68,43.0,44.33,openPlay,DFL-CLU-000011,0.98,1.67,9,others,DFL-OBJ-0027XP,17.61,11.28,dribblingLess10m,0,DFL-OBJ-002G2Y,none,insideLeft,rightLeg,otherPassFromOpenPlay,0,21.59,0,none,passOpenPlay,otherPassFromOpenPlay,0.0363,915,1.0,notComplicated,BlockedShot,,,,,,,,,,,,,,DFL-OBJ-J01CP5,false,,,,,,,,,,,,,,,,DFL_03_02_events_raw_DFL-COM-000002_DFL-MAT-J03WOH.xml,,,,,,,,,,,,,,,0
DFL-MAT-J03WOH,120925.0,95.28,2022-08-26 19:48:54.520000+02:00,23.87,2022-08-26T19:48:55.360+02:00,18232100000968,95.56,96.61,24.26,23.77,openPlay,DFL-CLU-00000P,0.87,1.91,4,direct,DFL-OBJ-002FXT,22.05,10.42,controlShot,1,DFL-OBJ-00003X,chance,insideLeft,rightLeg,otherPassFromOpenPlay,0,13.56,1,,passOpenPlay,otherPassFromOpenPlay,0.0844,968,2.0,notComplicated,SuccessfulShot,,,,1:0,15,correct,DFL-OBJ-002FXT,direct,false,,,,,,,,,,,,,,,,,,,,,,DFL_03_02_events_raw_DFL-COM-000002_DFL-MAT-J03WOH.xml,,,,,,,,,,,,,,,1
DFL-MAT-J03WOH,,81.92,2022-08-26 19:54:15.640000+02:00,5.69,,18232100000995,,94.0,,34.0,Penalty,DFL-CLU-00000P,0.0,,3,,,37.0,,setPiece,0,DFL-OBJ-002FXT,sitter,right,rightLeg,ownSetPiece,0,11.0,1,,penaltyKick,fouled,0.767,995,,notComplicated,SuccessfulShot,,,,2:0,6,correct,,,false,,,,,,,,,DFL-OBJ-0000F8,,DFL-CLU-00000P,DFL-OBJ-0026UQ,regular,2022-08-26T19:52:00.002+02:00,DFL-OBJ-002FXT,correct,false,both,right,73,targetedShot,DFL_03_02_events_raw_DFL-COM-000002_DFL-MAT-J03WOH.xml,,,,,,,,,,DFL-OBJ-0000F8,DFL-OBJ-0000F8,DFL-OBJ-0000F8,,,1
DFL-MAT-J03WOH,131343.0,26.85,2022-08-26 19:55:49.853000+02:00,41.92,2022-08-26T19:55:52.080+02:00,18232100001006,27.01,26.77,39.58,41.24,openPlay,DFL-CLU-000011,1.33,3.92,8,others,DFL-OBJ-0027XP,14.82,14.38,dribblingLess10m,0,DFL-OBJ-002GAB,none,insideLeft,rightLeg,otherPassFromOpenPlay,0,27.58,0,none,passOpenPlay,otherPassFromOpenPlay,0.0227,1006,1.0,notComplicated,BlockedShot,,,,,,,,,,,,,,DFL-OBJ-J0130T,false,,,,,,,,,,,,,,,,DFL_03_02_events_raw_DFL-COM-000002_DFL-MAT-J03WOH.xml,,,,,,,,,,,,,,,0
DFL-MAT-J03WOH,136922.0,85.96,2022-08-26 19:59:35.840000+02:00,18.76,2022-08-26T19:59:35.240+02:00,18232100001062,86.18,86.52,19.17,20.17,openPlay,DFL-CLU-00000P,0.69,1.94,9,,,13.8,5.55,dribblingLess10m,0,DFL-OBJ-J0130T,chance,right,leftLeg,oppositionMisplacedPass,0,23.96,0,average,lossOfPossession,,0.0152,1062,2.0,notComplicated,SavedShot,,,,,,,,,,average,DFL-OBJ-002GNH,arms,held,,,,,,,,,,,,,,,,,,DFL_03_02_events_raw_DFL-COM-000002_DFL-MAT-J03WOH.xml,,,,,,,,,,,,,,,0
DFL-MAT-J03WOH,148032.0,97.39,2022-08-26 20:06:59+02:00,26.48,2022-08-26T20:06:59.640+02:00,18232100001165,99.61,97.71,26.24,26.56,openPlay,DFL-CLU-00000P,0.48,2.36,3,direct,DFL-OBJ-00003X,27.47,24.73,direct,1,DFL-OBJ-0000F8,chance,right,rightLeg,otherPassFromOpenPlay,0,9.45,1,,passOpenPlay,otherPassFromOpenPlay,0.1548,1165,0.0,complicated,SuccessfulShot,,,,3:0,15,correct,DFL-OBJ-00003X,direct,false,,,,,,,,,,,,,,,,,,,,,,DFL_03_02_events_raw_DFL-COM-000002_DFL-MAT-J03WOH.xml,DFL-OBJ-002GNH,,,,,,,,,,,,,,1
DFL-MAT-J03WOH,152881.0,21.34,2022-08-26 20:10:11.778000+02:00,50.25,2022-08-26T20:10:13.600+02:00,18232100001191,22.17,21.28,45.34,46.33,openPlay,DFL-CLU-000011,0.31,2.22,9,direct,DFL-OBJ-0028CD,14.98,4.81,controlShot,0,DFL-OBJ-0028SW,chance,insideLeft,rightLeg,otherPassFromOpenPlay,0,24.9,0,decent,passOpenPlay,otherPassFromOpenPlay,0.0169,1191,3.0,notComplicated,ShotWide,near,left,,,,,,,,,,,,,,,,,,,,,,,,,,,,,DFL_03_02_events_raw_DFL-COM-000002_DFL-MAT-J03WOH.xml,,,,,,,,,,,,,,,0
DFL-MAT-J03WOH,158639.0,102.6,2022-08-26 20:14:02.680000+02:00,38.41,2022-08-26T20:14:03.880+02:00,18232100001245,102.78,103.5,38.88,38.04,openPlay,DFL-CLU-00000P,0.79,1.0,3,,,46.64,6.56,direct,0,DFL-OBJ-002G5J,sitter,insideLeft,leftLeg,oppositionOtherAction,0,5.36,1,,lossOfPossession,,0.8492,1245,0.0,notComplicated,SuccessfulShot,,,,4:0,11,correct,,,false,,,,,,,,,,,,,,,,,,,,,,DFL_03_02_events_raw_DFL-COM-000002_DFL-MAT-J03WOH.xml,,,,,,,,,,,,,DFL-OBJ-0028SW,,1
DFL-MAT-J03WOY,18718.0,50.7,2022-09-10 20:37:23.183000+02:00,17.15,2022-09-10T20:37:21.080+02:00,18233800000127,59.9,61.94,16.78,14.28,openPlay,DFL-CLU-00000Q,0.92,13.29,9,,,8.11,16.29,dribblingLess10m,1,DFL-OBJ-002FXA,none,right,rightLeg,oppositionMisplacedPass,0,48.28,0,none,lossOfPossession,,0.0543,127,1.0,notComplicated,ShotWide,far,left,,,,,,,,,,,,,,,,,,,,,,,,,,,,,DFL_03_02_events_raw_DFL-COM-000002_DFL-MAT-J03WOY.xml,,,,,,,,,,,,,,,0
DFL-MAT-J03WOY,24489.0,16.23,2022-09-10 20:41:12.600000+02:00,44.33,2022-09-10T20:41:11.920+02:00,18233800000186,15.89,15.19,43.74,44.14,openPlay,DFL-CLU-00000P,0.04,5.9,4,direct,DFL-OBJ-002GMO,19.2,23.78,volley,0,DFL-OBJ-002FXT,chance,right,rightLeg,longPassFromOpenPlay,0,18.64,1,,passOpenPlay,longPassFromOpenPlay,0.223,186,0.0,notComplicated,SuccessfulShot,,,frontalVolley,1:0,6,correct,DFL-OBJ-002GMO,direct,false,,,,,,,,,,,,,,,,,,,,,,DFL_03_02_events_raw_DFL-COM-000002_DFL-MAT-J03WOY.xml,,,,,,,,,,,,,,,1
DFL-MAT-J03WOY,34747.0,29.36,2022-09-10 20:48:03.283000+02:00,34.1,2022-09-10T20:48:02.240+02:00,18233800000273,15.12,14.29,36.04,36.35,openPlay,DFL-CLU-00000P,0.7,5.65,3,others,DFL-OBJ-002G5J,26.77,17.04,direct,0,DFL-OBJ-J01H9X,chance,insideLeft,rightLeg,reboundTeammate,0,15.26,1,average,passOpenPlay,teammateAction,0.1752,273,1.0,notComplicated,ShotWide,far,over,,,,,,,,,,,,,,,,,,,,,,,,,,,,,DFL_03_02_events_raw_DFL-COM-000002_DFL-MAT-J03WOY.xml,,,,,,,,,,,,,,,0
DFL-MAT-J03WOY,50052.0,11.42,2022-09-10 20:58:14.240000+02:00,44.73,2022-09-10T20:58:14.440+02:00,18233800000443,8.58,8.19,40.8,39.94,openPlay,DFL-CLU-00000P,0.24,3.78,3,direct,DFL-OBJ-002FXT,30.54,22.09,dribblingLess10m,0,DFL-OBJ-00028V,sitter,insideRight,leftLeg,oneTwo,0,10.95,1,,passOpenPlay,oneTwo,0.449,443,0.0,notComplicated,SuccessfulShot,,,,2:0,15,correct,DFL-OBJ-002FXT,direct,false,,,,,,,,,DFL-OBJ-002FXT,,,,,,,,,,,,,DFL_03_02_events_raw_DFL-COM-000002_DFL-MAT-J03WOY.xml,,,,,,,,,,,,,,,1
DFL-MAT-J03WOY,54040.0,10.62,2022-09-10 21:00:54.321000+02:00,46.34,2022-09-10T21:00:53.960+02:00,18233800000484,10.18,10.62,46.2,46.34,openPlay,DFL-CLU-00000P,0.42,1.42,4,indirect,DFL-OBJ-0000F8,17.31,7.65,volley,0,DFL-OBJ-0000NZ,chance,insideRight,rightLeg,oppositionDefensiveAction,0,15.89,1,average,passOpenPlay,otherPassFromOpenPlay,0.0206,484,1.0,complicated,SavedShot,,,overHeadKick,,,,,,,average,DFL-OBJ-002FZB,arms,held,,,,,,,,,,,,,,,,,,DFL_03_02_events_raw_DFL-COM-000002_DFL-MAT-J03WOY.xml,,,,,,,,,,,,,,,0
DFL-MAT-J03WOY,77686.0,93.48,2022-09-10 21:16:40+02:00,31.39,2022-09-10T21:16:39.800+02:00,18233800000694,93.84,93.48,31.49,31.39,openPlay,DFL-CLU-00000Q,1.76,1.27,3,direct,DFL-OBJ-002GLL,34.82,5.71,volley,0,DFL-OBJ-00019R,chance,right,head,crossFromOpenPlay,0,11.44,1,decent,crossOpenPlay,crossFromOpenPlay,0.03,694,2.0,notComplicated,SavedShot,,,frontalVolley,,,,,,,average,DFL-OBJ-0028FW,arms,notCleared,,,,,,,,,,,,,,,,,,DFL_03_02_events_raw_DFL-COM-000002_DFL-MAT-J03WOY.xml,,,,,,,,,,,,,,,0
DFL-MAT-J03WOY,78323.0,91.57,2022-09-10 21:17:07.529000+02:00,27.18,2022-09-10T21:17:05.280+02:00,18233800000701,92.76,91.57,26.2,27.18,openPlay,DFL-CLU-00000Q,1.02,2.77,3,direct,DFL-OBJ-0028KZ,24.43,2.14,volley,0,DFL-OBJ-002FXA,none,right,rightLeg,otherPassFromOpenPlay,0,14.51,1,none,passOpenPlay,otherPassFromOpenPlay,0.0206,701,2.0,complicated,ShotWide,far,right,backHeel,,,,,,,,,,,,,,,,,,,,,,,,,,,,DFL_03_02_events_raw_DFL-COM-000002_DFL-MAT-J03WOY.xml,,,,,,,,,,,,,,,0
DFL-MAT-J03WOY,,93.98,2022-09-10 21:36:41.020000+02:00,44.93,,18233800000752,,93.31,,46.13,openPlay,DFL-CLU-00000P,,,2,indirect,DFL-OBJ-002G5J,17.56,,direct,0,DFL-OBJ-J01H9X,none,right,rightLeg,oppositionDefensiveAction,0,16.85,1,none,freeKick,freeKick,0.0706,752,,notComplicated,OtherShot,,,,,,,,,,,,,,,,,,,,,,,,,,,,,,,DFL_03_02_events_raw_DFL-COM-000002_DFL-MAT-J03WOY.xml,,,,,,,,,,,,,,,0
DFL-MAT-J03WOY,113699.0,35.67,2022-09-10 21:42:52.815000+02:00,13.94,2022-09-10T21:42:54.840+02:00,18233800000878,28.69,28.77,30.49,32.45,openPlay,DFL-CLU-00000Q,0.55,1.06,8,others,DFL-OBJ-0026ZT,14.33,19.2,dribblingMore10m,0,DFL-OBJ-0028KZ,chance,left,rightLeg,throwIn,0,28.9,0,average,throwIn,throwIn,0.0173,878,4.0,notComplicated,BlockedShot,,,,,,,,,,,,,,DFL-OBJ-002FXT,false,,,,,,,,,,,,,,,,DFL_03_02_events_raw_DFL-COM-000002_DFL-MAT-J03WOY.xml,,,,,,,,,,,,,,,0
DFL-MAT-J03WOY,115688.0,98.39,2022-09-10 21:44:13.911000+02:00,28.28,2022-09-10T21:44:14.400+02:00,18233800000897,98.49,98.11,28.2,28.56,openPlay,DFL-CLU-00000P,0.72,1.26,3,direct,DFL-OBJ-00028V,37.27,16.11,direct,0,DFL-OBJ-002FXT,chance,insideRight,rightLeg,otherPassFromOpenPlay,0,8.72,1,average,passOpenPlay,otherPassFromOpenPlay,0.2743,897,1.0,notComplicated,BlockedShot,,,,,,,,,,,,,,DFL-OBJ-0028KZ,false,,,,,,,,,,,,,,,,DFL_03_02_events_raw_DFL-COM-000002_DFL-MAT-J03WOY.xml,,,,,,,,,,,,,,,0
DFL-MAT-J03WOY,122556.0,7.01,2022-09-10 21:48:49.280000+02:00,37.51,2022-09-10T21:48:49.120+02:00,18233800000971,7.08,7.01,38.36,37.51,openPlay,DFL-CLU-00000Q,1.32,1.56,3,direct,DFL-OBJ-002FXA,42.92,11.88,volley,0,DFL-OBJ-0025BB,chance,right,head,crossFromOpenPlay,0,8.31,1,,crossOpenPlay,crossFromOpenPlay,0.1451,971,2.0,notComplicated,SuccessfulShot,,,frontalVolley,2:1,7,correct,DFL-OBJ-002FXA,direct,false,,,,,,,47427,,,,,,,,,,,,,,,DFL_03_02_events_raw_DFL-COM-000002_DFL-MAT-J03WOY.xml,DFL-OBJ-0028FW,,,,,,,,DFL-OBJ-0001IG,,,,,,1
DFL-MAT-J03WOY,125630.0,88.97,2022-09-10 21:50:51.473000+02:00,27.78,2022-09-10T21:50:52.080+02:00,18233800001002,88.76,88.97,26.31,27.78,openPlay,DFL-CLU-00000P,0.78,3.35,3,direct,DFL-OBJ-002G5J,21.01,15.85,direct,0,DFL-OBJ-00028V,chance,insideRight,leftLeg,otherPassFromOpenPlay,0,17.97,1,decent,passOpenPlay,otherPassFromOpenPlay,0.0704,1002,1.0,notComplicated,ShotWide,near,right,,,,,,,,,,,,,,,,,,,,,,,,,,,,,DFL_03_02_events_raw_DFL-COM-000002_DFL-MAT-J03WOY.xml,,,,,,,,,,,,,,,0
DFL-MAT-J03WOY,128217.0,85.76,2022-09-10 21:52:35.745000+02:00,14.34,2022-09-10T21:52:35.560+02:00,18233800001023,85.81,86.02,13.09,13.68,openPlay,DFL-CLU-00000P,0.23,1.93,10,others,DFL-OBJ-0000F8,10.06,21.78,direct,0,DFL-OBJ-0000NZ,chance,insideRight,rightLeg,otherPassFromOpenPlay,0,28.38,0,average,passOpenPlay,otherPassFromOpenPlay,0.0247,1023,0.0,notComplicated,ShotWide,far,right,,,,,,,,,,,,,,,,,,,,,,,,,,,,,DFL_03_02_events_raw_DFL-COM-000002_DFL-MAT-J03WOY.xml,,,,,,,,,,,,,,,0
DFL-MAT-J03WOY,131095.0,91.27,2022-09-10 21:54:28.932000+02:00,52.45,2022-09-10T21:54:30.680+02:00,18233800001057,84.62,84.46,51.11,51.35,openPlay,DFL-CLU-00000P,0.77,1.88,7,indirect,DFL-OBJ-002GM1,12.12,12.42,dribblingLess10m,0,DFL-OBJ-002FXT,chance,left,rightLeg,oppositionDefensiveAction,0,26.61,0,none,passOpenPlay,otherPassFromOpenPlay,0.0198,1057,2.0,notComplicated,ShotWide,far,over,,,,,,,,,,,,,,,,,,,,,,,,,,,,,DFL_03_02_events_raw_DFL-COM-000002_DFL-MAT-J03WOY.xml,,,,,,,,,,,,,,,0
DFL-MAT-J03WOY,142843.0,28.05,2022-09-10 22:02:18.111000+02:00,32.6,2022-09-10T22:02:20.600+02:00,18233800001164,19.85,19.04,25.37,25.47,openPlay,DFL-CLU-00000Q,1.05,2.56,8,others,DFL-OBJ-0025BB,17.71,5.71,dribblingLess10m,0,DFL-OBJ-J01GG9,none,right,leftLeg,teammateAction,0,21.64,0,none,lossOfPossession,teammateAction,0.0191,1164,3.0,notComplicated,BlockedShot,,,,,,,,,,,,,,DFL-OBJ-002GMO,false,,,,,,,,,,,,,,,,DFL_03_02_events_raw_DFL-COM-000002_DFL-MAT-J03WOY.xml,,,,,,,,,,,,,,,0
DFL-MAT-J03WOY,147788.0,89.97,2022-09-10 22:05:38.360000+02:00,26.08,2022-09-10T22:05:38.400+02:00,18233800001217,97.23,98.09,25.5,27.08,openPlay,DFL-CLU-00000P,0.71,3.36,3,direct,DFL-OBJ-J01H9X,25.5,19.28,dribblingLess10m,0,DFL-OBJ-0026RH,chance,right,rightLeg,otherPassFromOpenPlay,0,11.52,1,,passOpenPlay,otherPassFromOpenPlay,0.2686,1217,1.0,notComplicated,SuccessfulShot,,,,3:1,13,correct,DFL-OBJ-J01H9X,direct,false,,,,,,,51273,,,,,,,,,,,,,,,DFL_03_02_events_raw_DFL-COM-000002_DFL-MAT-J03WOY.xml,DFL-OBJ-002FZB,,,,,,,,DFL-OBJ-00028V,,,,DFL-OBJ-00286X,,1
DFL-MAT-J03WOY,151616.0,11.62,2022-09-10 22:08:11.362000+02:00,30.49,2022-09-10T22:08:11.520+02:00,18233800001240,11.71,11.62,30.45,30.49,openPlay,DFL-CLU-00000Q,1.25,0.98,3,direct,DFL-OBJ-0001IG,32.16,6.9,volley,0,DFL-OBJ-00019R,chance,right,head,longPassFromOpenPlay,0,12.24,1,average,passOpenPlay,longPassFromOpenPlay,0.0272,1240,1.0,notComplicated,ShotWide,far,left,frontalVolley,,,,,,,,,,,,,,,,,,,,,,,,,,,,DFL_03_02_events_raw_DFL-COM-000002_DFL-MAT-J03WOY.xml,,,,,,,,,,,,,,,0
DFL-MAT-J03WOY,152959.0,37.67,2022-09-10 22:09:04.098000+02:00,67.0,2022-09-10T22:09:05.240+02:00,18233800001256,84.97,85.06,38.2,38.91,openPlay,DFL-CLU-00000P,0.62,3.24,8,indirect,DFL-OBJ-J0130T,19.88,20.68,dribblingMore10m,0,DFL-OBJ-002GM1,chance,insideLeft,rightLeg,oppositionDefensiveAction,0,20.47,0,average,run,teammateAction,0.0765,1256,2.0,notComplicated,ShotWide,far,over,,,,,,,,,,,,,,,,,,,,,,,,,,,,,DFL_03_02_events_raw_DFL-COM-000002_DFL-MAT-J03WOY.xml,,,,,,,,,,,,,,,0
DFL-MAT-J03WOY,156406.0,41.18,2022-09-10 22:11:22.547000+02:00,33.6,2022-09-10T22:11:23.120+02:00,18233800001287,34.74,33.57,28.98,31.35,openPlay,DFL-CLU-00000Q,0.77,3.62,8,others,DFL-OBJ-0028JQ,11.79,18.43,dribblingLess10m,0,DFL-OBJ-0026ZT,none,insideRight,leftLeg,otherPassFromOpenPlay,0,35.1,0,none,passOpenPlay,otherPassFromOpenPlay,0.0202,1287,3.0,notComplicated,ShotWide,far,overCrossbarLeft,,,,,,,,,,,,,,,,,,,,,,,,,,,,,DFL_03_02_events_raw_DFL-COM-000002_DFL-MAT-J03WOY.xml,,,,,,,,,,,,,,,0
DFL-MAT-J03WOY,163176.0,28.87,2022-09-10 22:15:52.206000+02:00,37.84,2022-09-10T22:15:53.920+02:00,18233800001334,28.55,28.87,37.5,37.84,FreeKick,DFL-CLU-00000Q,0.0,1.12,8,,,14.4,9.84,setPiece,0,DFL-OBJ-J01GG9,chance,insideRight,leftLeg,ownSetPiece,1,28.76,0,average,freeKick,,0.0717,1334,3.0,notComplicated,SavedShot,,,,,,,,,,average,DFL-OBJ-0028FW,arms,held,,,,,,,,,,,,,,,,,,DFL_03_02_events_raw_DFL-COM-000002_DFL-MAT-J03WOY.xml,,163263,163035,2022-09-10T22:15:31.245+02:00,DFL-CLU-00000Q,direct,farKeeper,other,,,,,,,0
DFL-MAT-J03WOY,164713.0,88.17,2022-09-10 22:16:59.110000+02:00,38.31,2022-09-10T22:16:55.400+02:00,18233800001353,92.49,92.98,38.51,39.12,openPlay,DFL-CLU-00000P,0.57,8.4,3,direct,DFL-OBJ-J0130T,29.26,21.11,dribblingLess10m,0,DFL-OBJ-J01H9X,sitter,insideRight,leftLeg,otherPassFromOpenPlay,0,13.3,1,decent,passOpenPlay,otherPassFromOpenPlay,0.467,1353,0.0,notComplicated,ShotWide,near,left,,,,,,,,,,,,,,,,DFL-OBJ-J0130T,,,,,,,,,,,,,DFL_03_02_events_raw_DFL-COM-000002_DFL-MAT-J03WOY.xml,,,,,,,,,,,,,,,0
DFL-MAT-J03WOY,166064.0,7.71,2022-09-10 22:17:48.654000+02:00,25.07,2022-09-10T22:17:49.440+02:00,18233800001371,8.83,7.71,24.97,25.07,openPlay,DFL-CLU-00000Q,1.65,1.85,3,direct,DFL-OBJ-0025BB,23.86,19.5,volley,0,DFL-OBJ-0026ZT,chance,right,head,longPassFromOpenPlay,0,12.63,1,average,passOpenPlay,longPassFromOpenPlay,0.0211,1371,2.0,complicated,ShotWide,far,over,frontalVolley,,,,,,,,,,,,,,,,,,,,,,,,,,,,DFL_03_02_events_raw_DFL-COM-000002_DFL-MAT-J03WOY.xml,,,,,,,,,,,,,,,0
DFL-MAT-J03WPY,,94.48,2022-10-15 13:09:08.156000+02:00,39.01,,18237400000125,,94.48,,39.01,openPlay,DFL-CLU-000005,,,3,direct,DFL-OBJ-J0178P,31.91,,volley,0,DFL-OBJ-0028BZ,sitter,left,leftLeg,otherPassFromOpenPlay,0,11.72,1,average,passOpenPlay,otherPassFromOpenPlay,0.5062,125,,notComplicated,SavedShot,,,frontalVolley,,,,,,,average,DFL-OBJ-0028FW,arms,held,,,,,DFL-OBJ-J0178P,,,,,,,,,,,,,DFL_03_02_events_raw_DFL-COM-000002_DFL-MAT-J03WPY.xml,,,,,,,,,,,,,,,0
DFL-MAT-J03WPY,28617.0,9.62,2022-10-15 13:13:54.996000+02:00,29.19,2022-10-15T13:13:54.000+02:00,18237400000209,9.8,9.62,29.04,29.19,openPlay,DFL-CLU-00000P,0.81,2.13,3,direct,DFL-OBJ-0026RH,33.78,5.25,controlShot,0,DFL-OBJ-0000F8,chance,left,leftLeg,otherPassFromOpenPlay,0,10.98,1,average,passOpenPlay,otherPassFromOpenPlay,0.1432,209,1.0,notComplicated,BlockedShot,,,,,,,,,,,,,,DFL-OBJ-002G68,false,,,,,,,,,,,,,,,,DFL_03_02_events_raw_DFL-COM-000002_DFL-MAT-J03WPY.xml,,,,,,,,,,,,,,,0
DFL-MAT-J03WPY,34462.0,91.98,2022-10-15 13:17:50.149000+02:00,28.99,2022-10-15T13:17:47.800+02:00,18237400000279,92.39,91.98,26.64,28.99,openPlay,DFL-CLU-000005,0.68,1.84,3,direct,DFL-OBJ-002GG4,24.8,10.34,direct,0,DFL-OBJ-0028BZ,chance,right,rightLeg,otherPassFromOpenPlay,0,14.6,1,average,passOpenPlay,otherPassFromOpenPlay,0.0934,279,2.0,notComplicated,BlockedShot,,,,,,,,,,,,,,DFL-OBJ-002GMO,false,,,,,,,,,,,,,,,,DFL_03_02_events_raw_DFL-COM-000002_DFL-MAT-J03WPY.xml,,,,,,,,,,,,,,,0
DFL-MAT-J03WPY,35462.0,88.17,2022-10-15 13:18:28.119000+02:00,35.0,2022-10-15T13:18:27.800+02:00,18237400000283,88.03,88.17,36.73,35.0,openPlay,DFL-CLU-000005,0.77,0.76,8,indirect,DFL-OBJ-0000EJ,23.77,12.72,dribblingLess10m,0,DFL-OBJ-0028T3,chance,right,rightLeg,oppositionDefensiveAction,0,17.19,0,average,cornerKick,cornerKick,0.0554,283,4.0,notComplicated,ShotWide,far,overCrossbarRight,,,,,,,,,,,,,,,,,,,,,,,,,,,,,DFL_03_02_events_raw_DFL-COM-000002_DFL-MAT-J03WPY.xml,,,,,,,,,,,,,,,0
DFL-MAT-J03WPY,41746.0,12.52,2022-10-15 13:22:39.040000+02:00,17.65,2022-10-15T13:22:39.160+02:00,18237400000357,13.21,12.52,16.77,17.65,openPlay,DFL-CLU-00000P,0.76,2.49,2,direct,DFL-OBJ-J01KJ5,11.92,18.5,dribblingLess10m,0,DFL-OBJ-0026RH,chance,left,leftLeg,otherPassFromOpenPlay,0,21.71,1,average,passOpenPlay,otherPassFromOpenPlay,0.0289,357,1.0,notComplicated,ShotWide,far,right,,,,,,,,,,,,,,,,,,,,,,,,,,,,,DFL_03_02_events_raw_DFL-COM-000002_DFL-MAT-J03WPY.xml,,,,,,,,,,,,,,,0
DFL-MAT-J03WPY,43174.0,45.39,2022-10-15 13:23:35.464000+02:00,31.99,2022-10-15T13:23:36.280+02:00,18237400000369,37.22,37.87,43.62,46.14,openPlay,DFL-CLU-00000P,0.6,3.02,9,indirect,DFL-OBJ-0000NZ,10.54,17.0,dribblingMore10m,0,DFL-OBJ-002FXT,none,right,rightLeg,oppositionDefensiveAction,0,38.44,0,none,passOpenPlay,longPassFromOpenPlay,0.0205,369,2.0,notComplicated,ShotWide,far,overCrossbarRight,,,,,,,,,,,,,,,,,,,,,,,,,,,,,DFL_03_02_events_raw_DFL-COM-000002_DFL-MAT-J03WPY.xml,,,,,,,,,,,,,,,0
DFL-MAT-J03WPY,47097.0,23.04,2022-10-15 13:26:13.209000+02:00,21.26,2022-10-15T13:26:13.200+02:00,18237400000411,23.44,23.04,21.86,21.26,openPlay,DFL-CLU-00000P,0.5,1.64,7,direct,DFL-OBJ-002G5J,14.09,9.02,dribblingLess10m,0,DFL-OBJ-0000F8,chance,left,rightLeg,otherPassFromOpenPlay,0,26.4,0,average,passOpenPlay,otherPassFromOpenPlay,0.0171,411,3.0,notComplicated,BlockedShot,,,,,,,,,,,,,,DFL-OBJ-0028BZ,false,,,,,,,,,,,,,,,,DFL_03_02_events_raw_DFL-COM-000002_DFL-MAT-J03WPY.xml,,,,,,,,,,,,,,,0
DFL-MAT-J03WPY,47256.0,13.23,2022-10-15 13:26:18.666000+02:00,36.31,2022-10-15T13:26:19.560+02:00,18237400000414,11.62,13.23,35.49,36.31,openPlay,DFL-CLU-00000P,1.07,1.37,3,direct,DFL-OBJ-0000NZ,34.48,9.65,volley,0,DFL-OBJ-002G5J,chance,right,rightLeg,crossFromOpenPlay,0,11.72,1,average,crossOpenPlay,crossFromOpenPlay,0.0915,414,3.0,notComplicated,BlockedShot,,,frontalVolley,,,,,,,,,,,DFL-OBJ-002G68,false,,,,,,,,,,,,,,,,DFL_03_02_events_raw_DFL-COM-000002_DFL-MAT-J03WPY.xml,,,,,,,,,,,,,,,0
DFL-MAT-J03WPY,48714.0,65.02,2022-10-15 13:27:16.370000+02:00,59.88,2022-10-15T13:27:17.880+02:00,18237400000433,79.64,80.25,40.34,37.71,openPlay,DFL-CLU-000005,0.45,3.7,8,others,DFL-OBJ-002595,15.49,19.01,dribblingMore10m,0,DFL-OBJ-0000EJ,chance,left,rightLeg,teammateAction,0,26.14,0,decent,lossOfPossession,teammateAction,0.0291,433,2.0,notComplicated,SavedShot,,,,,,,,,,average,DFL-OBJ-0028FW,arms,notCleared,,,,,,,,,,,,,,,,,,DFL_03_02_events_raw_DFL-COM-000002_DFL-MAT-J03WPY.xml,,,,,,,,,,,,,,,0
DFL-MAT-J03WPY,53906.0,23.44,2022-10-15 13:30:46.451000+02:00,44.13,2022-10-15T13:30:45.560+02:00,18237400000500,23.23,23.44,45.34,44.13,openPlay,DFL-CLU-00000P,0.8,2.44,9,direct,DFL-OBJ-002FXT,14.56,9.17,dribblingLess10m,0,DFL-OBJ-0000F8,chance,insideRight,rightLeg,otherPassFromOpenPlay,0,25.85,0,average,passOpenPlay,otherPassFromOpenPlay,0.0198,500,2.0,notComplicated,ShotWide,far,right,,,,,,,,,,,,,,,,,,,,,,,,,,,,,DFL_03_02_events_raw_DFL-COM-000002_DFL-MAT-J03WPY.xml,,,,,,,,,,,,,,,0
DFL-MAT-J03WPY,70760.0,13.83,2022-10-15 13:42:05.617000+02:00,43.43,2022-10-15T13:41:59.720+02:00,18237400000677,13.33,13.83,42.79,43.43,openPlay,DFL-CLU-00000P,0.39,3.98,4,others,DFL-OBJ-J01H9X,22.0,5.98,dribblingLess10m,0,DFL-OBJ-0000F8,chance,left,rightLeg,teammateAction,0,15.97,1,decent,passOpenPlay,teammateAction,0.1423,677,1.0,notComplicated,SavedShot,,,,,,,,,,average,DFL-OBJ-0001HW,arms,notCleared,,,,,,,,,,,,,,,,,,DFL_03_02_events_raw_DFL-COM-000002_DFL-MAT-J03WPY.xml,,,,,,,,,,,,,,,0
DFL-MAT-J03WPY,73431.0,49.49,2022-10-15 13:43:46.441000+02:00,35.3,2022-10-15T13:43:46.560+02:00,18237400000708,87.39,87.87,36.4,38.01,openPlay,DFL-CLU-000005,0.9,3.55,8,others,DFL-OBJ-002FYC,23.08,15.07,dribblingMore10m,0,DFL-OBJ-0028T3,chance,insideLeft,leftLeg,otherPassFromOpenPlay,0,17.77,0,decent,run,otherPassFromOpenPlay,0.1235,708,0.0,notComplicated,SavedShot,,,,,,,,,,average,DFL-OBJ-0028FW,arms,notCleared,,,,,,,,,,,,,,,,,,DFL_03_02_events_raw_DFL-COM-000002_DFL-MAT-J03WPY.xml,,,,,,,,,,,,,,,0
DFL-MAT-J03WPY,78327.0,90.67,2022-10-15 13:47:01.459000+02:00,22.97,2022-10-15T13:47:02.400+02:00,18237400000759,88.48,90.67,20.91,22.97,openPlay,DFL-CLU-000005,1.62,15.49,4,direct,DFL-OBJ-002GG4,15.68,28.27,dribblingLess10m,1,DFL-OBJ-0028T3,chance,insideRight,rightLeg,otherPassFromOpenPlay,0,21.08,1,decent,passOpenPlay,otherPassFromOpenPlay,0.1118,759,2.0,notComplicated,ShotWide,near,right,,,,,,,,,,,,,,,,,,,,,,,,,,,,,DFL_03_02_events_raw_DFL-COM-000002_DFL-MAT-J03WPY.xml,,,,,,,,,,,,,,,0
DFL-MAT-J03WPY,102081.0,10.42,2022-10-15 14:04:53.524000+02:00,31.99,2022-10-15T14:04:53.200+02:00,18237400000797,9.9,9.62,31.03,32.09,openPlay,DFL-CLU-000005,0.04,3.88,3,direct,DFL-OBJ-002GG4,37.8,21.5,direct,0,DFL-OBJ-J0178P,sitter,insideRight,rightLeg,otherPassFromOpenPlay,0,10.34,1,,passOpenPlay,otherPassFromOpenPlay,0.5674,797,0.0,notComplicated,SuccessfulShot,,,,0:1,7,correct,DFL-OBJ-002GG4,direct,false,,,,,,,,,DFL-OBJ-002GG4,,,,,,,,,,,,,DFL_03_02_events_raw_DFL-COM-000002_DFL-MAT-J03WPY.xml,,,,,,,,,,,,,,,1
DFL-MAT-J03WPY,106469.0,17.23,2022-10-15 14:07:50.677000+02:00,31.09,2022-10-15T14:07:48.720+02:00,18237400000832,17.17,17.23,32.48,31.09,openPlay,DFL-CLU-000005,0.87,2.24,8,direct,DFL-OBJ-002595,23.89,17.99,direct,0,DFL-OBJ-0028T3,chance,insideRight,leftLeg,otherPassFromOpenPlay,0,17.24,0,average,passOpenPlay,otherPassFromOpenPlay,0.0739,832,5.0,notComplicated,ShotWide,far,left,,,,,,,,,,,,,,,,,,,,,,,,,,,,,DFL_03_02_events_raw_DFL-COM-000002_DFL-MAT-J03WPY.xml,,,,,,,,,,,,,,,0
DFL-MAT-J03WPY,111095.0,97.79,2022-10-15 14:10:55.887000+02:00,47.34,2022-10-15T14:10:53.760+02:00,18237400000860,96.93,97.79,47.3,47.34,openPlay,DFL-CLU-00000P,0.02,2.69,2,direct,DFL-OBJ-0028FW,14.49,21.79,direct,0,DFL-OBJ-0026RH,chance,insideRight,leftLeg,longPassFromOpenPlay,0,15.56,1,average,passOpenPlay,longPassFromOpenPlay,0.082,860,0.0,notComplicated,ShotWide,near,left,,,,,,,,,,,,,,,,,,,,,,,,,,,,,DFL_03_02_events_raw_DFL-COM-000002_DFL-MAT-J03WPY.xml,,,,,,,,,,,,,,,0
DFL-MAT-J03WPY,117616.0,66.23,2022-10-15 14:15:18.249000+02:00,37.01,2022-10-15T14:15:14.600+02:00,18237400000929,81.05,81.86,26.97,28.99,openPlay,DFL-CLU-00000P,0.6,4.77,8,,,16.04,26.68,dribblingMore10m,0,DFL-OBJ-002FXT,none,insideLeft,rightLeg,oppositionMisplacedPass,0,24.96,0,none,lossOfPossession,,0.0468,929,1.0,notComplicated,ShotWide,far,right,,,,,,,,,,,,,,,,,,,,,,,,,,,,,DFL_03_02_events_raw_DFL-COM-000002_DFL-MAT-J03WPY.xml,,,,,,,,,,,,,,,0
DFL-MAT-J03WPY,134380.0,92.58,2022-10-15 14:26:24.350000+02:00,23.57,2022-10-15T14:26:25.160+02:00,18237400001072,92.58,92.58,21.47,23.57,openPlay,DFL-CLU-00000P,1.27,2.32,4,direct,DFL-OBJ-J01KJ5,16.97,11.48,direct,1,DFL-OBJ-0000F8,chance,right,rightLeg,otherPassFromOpenPlay,0,17.64,1,average,passOpenPlay,otherPassFromOpenPlay,0.0242,1072,2.0,notComplicated,BlockedShot,,,,,,,,,,,,,,DFL-OBJ-0028T3,false,,,,,,,,,,,,,,,,DFL_03_02_events_raw_DFL-COM-000002_DFL-MAT-J03WPY.xml,,,,,,,,,,,,,,,0
DFL-MAT-J03WPY,,96.08,2022-10-15 14:27:18.623000+02:00,29.79,,18237400001082,,97.31,,28.86,openPlay,DFL-CLU-00000P,,,3,direct,DFL-OBJ-002GMO,37.96,,direct,0,DFL-OBJ-002FXT,none,insideLeft,rightLeg,header,0,9.25,1,none,passOpenPlay,header,0.1007,1082,,complicated,OtherShot,,,,,,,,,,,,,,,,,,,,,,,,,,,,,,,DFL_03_02_events_raw_DFL-COM-000002_DFL-MAT-J03WPY.xml,,,,,,,,,,,,,,,0
DFL-MAT-J03WPY,144803.0,32.26,2022-10-15 14:33:19.978000+02:00,29.99,2022-10-15T14:33:22.080+02:00,18237400001144,15.36,14.99,28.37,30.85,openPlay,DFL-CLU-000005,0.48,3.15,3,others,DFL-OBJ-0026IA,23.86,16.1,dribblingMore10m,0,DFL-OBJ-002G78,chance,insideLeft,rightLeg,otherPassFromOpenPlay,0,16.36,1,average,passOpenPlay,otherPassFromOpenPlay,0.1255,1144,1.0,notComplicated,BlockedShot,,,,,,,,,,,,,,DFL-OBJ-002GM9,false,,,,,,,,,,,,,,,,DFL_03_02_events_raw_DFL-COM-000002_DFL-MAT-J03WPY.xml,,,,,,,,,,,,,,,0
DFL-MAT-J03WPY,147790.0,74.54,2022-10-15 14:35:22.163000+02:00,19.86,2022-10-15T14:35:21.560+02:00,18237400001163,72.96,74.54,20.83,19.86,openPlay,DFL-CLU-00000P,0.37,7.59,9,indirect,DFL-OBJ-0028FW,11.18,13.94,dribblingLess10m,0,DFL-OBJ-J01NQ8,none,insideLeft,rightLeg,reboundOutfieldPlayer,0,34.64,0,none,passOpenPlay,longPassFromOpenPlay,0.0387,1163,0.0,notComplicated,ShotWide,far,over,,,,,,,,,,,,,,,,,,,,,,,,,,,,,DFL_03_02_events_raw_DFL-COM-000002_DFL-MAT-J03WPY.xml,,,,,,,,,,,,,,,0
DFL-MAT-J03WPY,149290.0,91.67,2022-10-15 14:36:23.722000+02:00,34.9,2022-10-15T14:36:21.560+02:00,18237400001175,92.15,91.61,32.27,32.55,openPlay,DFL-CLU-00000P,0.83,1.65,3,direct,DFL-OBJ-0000NZ,31.3,13.96,volley,0,DFL-OBJ-002FXT,chance,right,head,crossFromOpenPlay,0,12.97,1,average,crossOpenPlay,crossFromOpenPlay,0.0525,1175,1.0,notComplicated,ShotWide,far,left,frontalVolley,,,,,,,,,,,,,,,,,,,,,,,,,,,,DFL_03_02_events_raw_DFL-COM-000002_DFL-MAT-J03WPY.xml,,,,,,,,,,,,,,,0
DFL-MAT-J03WPY,170093.0,85.06,2022-10-15 14:50:12.962000+02:00,23.47,2022-10-15T14:50:13.680+02:00,18237400001394,84.01,85.06,24.07,23.47,openPlay,DFL-CLU-00000P,0.71,2.68,9,indirect,DFL-OBJ-002GM9,16.29,18.99,dribblingLess10m,0,DFL-OBJ-002GM1,chance,insideLeft,rightLeg,oppositionDefensiveAction,0,23.22,0,average,passOpenPlay,header,0.0353,1394,1.0,notComplicated,BlockedShot,,,,,,,,,,,,,,DFL-OBJ-0026IA,false,,,,,,,,,,,,,,,,DFL_03_02_events_raw_DFL-COM-000002_DFL-MAT-J03WPY.xml,,,,,,,,,,,,,,,0
DFL-MAT-J03WPY,170610.0,85.96,2022-10-15 14:50:36.954000+02:00,29.09,2022-10-15T14:50:34.360+02:00,18237400001400,85.89,85.96,29.27,29.09,openPlay,DFL-CLU-00000P,0.17,1.31,8,indirect,DFL-OBJ-0000NZ,20.5,12.21,direct,0,DFL-OBJ-00028V,chance,right,rightLeg,oppositionDefensiveAction,0,19.69,0,average,throwIn,throwIn,0.0718,1400,3.0,notComplicated,ShotWide,far,right,,,,,,,,,,,,,,,,,,,,,,,,,,,,,DFL_03_02_events_raw_DFL-COM-000002_DFL-MAT-J03WPY.xml,,,,,,,,,,,,,,,0
DFL-MAT-J03WPY,172581.0,21.34,2022-10-15 14:51:53.075000+02:00,28.48,2022-10-15T14:51:53.200+02:00,18237400001417,20.42,21.34,26.11,28.48,openPlay,DFL-CLU-000005,0.39,4.95,8,direct,DFL-OBJ-0028BZ,17.79,12.41,direct,0,DFL-OBJ-002G78,chance,insideLeft,rightLeg,oneTwo,0,21.89,0,average,passOpenPlay,oneTwo,0.089,1417,1.0,notComplicated,SavedShot,,,,,,,,,,average,DFL-OBJ-0028FW,arms,held,,,,,,,,,,,,,,,,,,DFL_03_02_events_raw_DFL-COM-000002_DFL-MAT-J03WPY.xml,,,,,,,,,,,,,,,0
DFL-MAT-J03WPY,174399.0,96.08,2022-10-15 14:53:06.971000+02:00,44.13,2022-10-15T14:53:05.920+02:00,18237400001436,94.79,95.21,44.26,44.14,openPlay,DFL-CLU-00000P,0.62,1.91,2,direct,DFL-OBJ-0000NZ,20.86,11.45,volley,0,DFL-OBJ-J01CP5,chance,insideRight,leftLeg,otherPassFromOpenPlay,0,14.47,1,average,passOpenPlay,otherPassFromOpenPlay,0.0923,1436,2.0,notComplicated,BlockedShot,,,frontalVolley,,,,,,,,,,,DFL-OBJ-0001BX,false,,,,,,,,,,,,,,,,DFL_03_02_events_raw_DFL-COM-000002_DFL-MAT-J03WPY.xml,,,,,,,,,,,,,,,0
DFL-MAT-J03WQQ,12835.0,11.82,2022-11-05 13:03:21.724000+01:00,57.77,2022-11-05T13:03:21.520+01:00,18240200000048,16.42,17.13,51.86,51.65,openPlay,DFL-CLU-00000P,0.62,1.91,9,others,DFL-OBJ-002G5J,11.8,19.62,dribblingLess10m,0,DFL-OBJ-00008K,chance,right,leftLeg,otherPassFromOpenPlay,0,24.26,0,average,passOpenPlay,otherPassFromOpenPlay,0.0251,48,1.0,notComplicated,SavedShot,,,,,,,,,,average,DFL-OBJ-0028LZ,arms,held,,,,,,,,,,,,,,,,,,DFL_03_02_events_raw_DFL-COM-000002_DFL-MAT-J03WQQ.xml,,,,,,,,,,,,,,,0
DFL-MAT-J03WQQ,20468.0,26.15,2022-11-05 13:08:26.346000+01:00,34.0,2022-11-05T13:08:26.840+01:00,18240200000164,21.1,20.74,38.27,39.42,openPlay,DFL-CLU-00000P,1.18,2.54,8,,,18.94,14.44,dribblingLess10m,0,DFL-OBJ-J01KJ5,chance,insideLeft,rightLeg,oppositionMisplacedPass,0,21.53,0,average,lossOfPossession,,0.0375,164,2.0,notComplicated,SavedShot,,,,,,,,,,average,DFL-OBJ-0028LZ,arms,held,,,,,,,,,,,,,,,,,,DFL_03_02_events_raw_DFL-COM-000002_DFL-MAT-J03WQQ.xml,,,,,,,,,,,,,,,0
DFL-MAT-J03WQQ,23691.0,101.29,2022-11-05 13:10:33.227000+01:00,40.32,2022-11-05T13:10:35.760+01:00,18240200000195,102.59,101.29,41.75,40.32,openPlay,DFL-CLU-00000H,0.0,4.11,3,direct,DFL-OBJ-002GNL,18.58,11.54,direct,0,DFL-OBJ-0026V5,chance,insideRight,rightLeg,otherPassFromOpenPlay,0,8.12,1,average,passOpenPlay,otherPassFromOpenPlay,0.1666,195,0.0,complicated,ShotWide,far,left,,,,,,,,,,,,,,,,,,,,,,,,,,,,,DFL_03_02_events_raw_DFL-COM-000002_DFL-MAT-J03WQQ.xml,,,,,,,,,,,,,,,0
DFL-MAT-J03WQQ,25663.0,95.88,2022-11-05 13:11:57.035000+01:00,33.6,2022-11-05T13:11:54.640+01:00,18240200000220,95.63,95.88,33.87,33.6,openPlay,DFL-CLU-00000H,0.68,1.68,3,direct,DFL-OBJ-0002EL,42.67,13.7,volley,0,DFL-OBJ-J014L2,sitter,left,head,crossFromOpenPlay,0,9.37,1,decent,crossOpenPlay,crossFromOpenPlay,0.2479,220,1.0,notComplicated,SavedShot,,,frontalVolley,,,,,,,average,DFL-OBJ-0028FW,arms,cleared,,,,,DFL-OBJ-0002EL,,,,,,,,,,,,,DFL_03_02_events_raw_DFL-COM-000002_DFL-MAT-J03WQQ.xml,,,,,,,,,,,,,,,0
DFL-MAT-J03WQQ,26652.0,92.48,2022-11-05 13:12:35.341000+01:00,35.1,2022-11-05T13:12:34.200+01:00,18240200000224,93.33,92.48,35.12,35.1,openPlay,DFL-CLU-00000H,2.09,0.61,3,direct,DFL-OBJ-0026V5,34.55,4.8,volley,0,DFL-OBJ-J014L2,chance,right,head,cornerKick,0,11.72,1,average,cornerKick,cornerKick,0.0298,224,4.0,notComplicated,SavedShot,,,frontalVolley,,,,,,,average,DFL-OBJ-0028FW,arms,held,,,,,,,,,,,,,,,,,,DFL_03_02_events_raw_DFL-COM-000002_DFL-MAT-J03WQQ.xml,,,,,,,,,,,,,,,0
DFL-MAT-J03WQQ,28306.0,7.41,2022-11-05 13:13:42.454000+01:00,31.89,2022-11-05T13:13:40.360+01:00,18240200000248,7.25,7.41,31.62,31.89,openPlay,DFL-CLU-00000P,1.04,1.4,3,direct,DFL-OBJ-0026RH,49.81,18.58,volley,0,DFL-OBJ-002FXT,chance,left,head,crossFromOpenPlay,0,7.63,1,average,crossOpenPlay,crossFromOpenPlay,0.2628,248,1.0,notComplicated,BlockedShot,,,frontalVolley,,,,,,,,,,,DFL-OBJ-J01PRP,false,,,,,,,,,,,,,,,,DFL_03_02_events_raw_DFL-COM-000002_DFL-MAT-J03WQQ.xml,,,,,,,,,,,,,,,0
DFL-MAT-J03WQQ,29136.0,12.92,2022-11-05 13:14:15.038000+01:00,39.22,2022-11-05T13:14:13.560+01:00,18240200000251,13.65,12.92,41.04,39.22,openPlay,DFL-CLU-00000P,0.71,0.94,3,direct,DFL-OBJ-J0130T,24.18,12.9,direct,0,DFL-OBJ-0026RH,chance,left,rightLeg,cornerKick,0,15.36,1,decent,cornerKick,cornerKick,0.0616,251,5.0,notComplicated,SavedShot,,,,,,,,,,average,DFL-OBJ-0028LZ,arms,cleared,,,,,,,,,,,,,,,,,,DFL_03_02_events_raw_DFL-COM-000002_DFL-MAT-J03WQQ.xml,,,,,,,,,,,,,,,0
DFL-MAT-J03WQQ,37512.0,15.03,2022-11-05 13:19:46.522000+01:00,61.28,2022-11-05T13:19:48.600+01:00,18240200000330,10.79,10.02,45.6,47.64,openPlay,DFL-CLU-00000P,1.33,1.21,4,others,DFL-OBJ-002G5J,18.39,10.08,dribblingMore10m,0,DFL-OBJ-002GM1,chance,insideLeft,leftLeg,otherPassFromOpenPlay,0,15.84,1,average,passOpenPlay,otherPassFromOpenPlay,0.0245,330,3.0,notComplicated,BlockedShot,,,,,,,,,,,,,,DFL-OBJ-002GNL,false,,,,,,,,,,,,,,,,DFL_03_02_events_raw_DFL-COM-000002_DFL-MAT-J03WQQ.xml,,,,,,,,,,,,,,,0
DFL-MAT-J03WQQ,41560.0,19.94,2022-11-05 13:22:31+01:00,18.45,2022-11-05T13:22:30.520+01:00,18240200000386,19.32,19.94,18.3,18.45,openPlay,DFL-CLU-00000P,0.45,5.27,7,direct,DFL-OBJ-002FXT,13.13,22.24,direct,0,DFL-OBJ-00008K,chance,insideLeft,leftLeg,header,0,24.89,0,,passOpenPlay,header,0.0482,386,0.0,notComplicated,SuccessfulShot,,,,1:0,11,correct,DFL-OBJ-002FXT,direct,false,,,,,,,59251,,,,,,,,,,,,,,,DFL_03_02_events_raw_DFL-COM-000002_DFL-MAT-J03WQQ.xml,DFL-OBJ-0028LZ,,,,,,,,DFL-OBJ-0028FW,,,,,,1
DFL-MAT-J03WQQ,44686.0,97.39,2022-11-05 13:24:34.990000+01:00,43.83,2022-11-05T13:24:35.560+01:00,18240200000419,97.9,97.39,44.56,43.83,openPlay,DFL-CLU-00000H,0.19,2.42,2,direct,DFL-OBJ-002FZR,19.29,17.19,volley,0,DFL-OBJ-0002EL,chance,right,leftLeg,crossFromOpenPlay,0,12.72,1,average,crossOpenPlay,crossFromOpenPlay,0.171,419,0.0,notComplicated,ShotWide,far,overCrossbarLeft,frontalVolley,,,,,,,,,,,,,,,,,,,,,,,,,,,,DFL_03_02_events_raw_DFL-COM-000002_DFL-MAT-J03WQQ.xml,,,,,,,,,,,,,,,0
DFL-MAT-J03WQQ,64946.0,100.39,2022-11-05 13:38:05.666000+01:00,44.63,2022-11-05T13:38:05.960+01:00,18240200000656,100.54,100.39,44.21,44.63,openPlay,DFL-CLU-00000H,0.51,1.21,2,direct,DFL-OBJ-002GNL,16.43,14.97,direct,0,DFL-OBJ-J01PRP,chance,left,rightLeg,cornerKick,0,11.14,1,decent,cornerKick,cornerKick,0.1153,656,1.0,notComplicated,SavedShot,,,,,,,,,,average,DFL-OBJ-0028FW,arms,cleared,,,,,,,,,,,,,,,,,,DFL_03_02_events_raw_DFL-COM-000002_DFL-MAT-J03WQQ.xml,,,,,,,,,,,,,,,0
DFL-MAT-J03WQQ,69075.0,26.05,2022-11-05 13:40:49.476000+01:00,19.66,2022-11-05T13:40:51.120+01:00,18240200000706,13.74,13.33,22.52,21.96,openPlay,DFL-CLU-00000P,0.54,7.28,2,direct,DFL-OBJ-J0130T,18.13,24.07,dribblingLess10m,0,DFL-OBJ-00008K,sitter,insideLeft,leftLeg,otherPassFromOpenPlay,0,17.9,1,decent,passOpenPlay,otherPassFromOpenPlay,0.2213,706,0.0,notComplicated,SavedShot,,,,,,,,,,average,DFL-OBJ-0028LZ,legs,cleared,,,,,DFL-OBJ-J0130T,,,,,,,,,,,,,DFL_03_02_events_raw_DFL-COM-000002_DFL-MAT-J03WQQ.xml,,,,,,,,,,,,,,,0
DFL-MAT-J03WQQ,74065.0,68.33,2022-11-05 13:44:09.487000+01:00,19.66,2022-11-05T13:44:10.720+01:00,18240200000758,83.0,82.06,31.73,34.2,openPlay,DFL-CLU-00000H,0.69,1.52,8,others,DFL-OBJ-J014L2,18.7,8.67,dribblingMore10m,0,DFL-OBJ-002FZR,chance,insideRight,leftLeg,otherPassFromOpenPlay,0,22.12,0,decent,passOpenPlay,otherPassFromOpenPlay,0.0365,758,2.0,notComplicated,SavedShot,,,,,,,,,,average,DFL-OBJ-0028FW,arms,notCleared,,,,,,,,,,,,,,,,,,DFL_03_02_events_raw_DFL-COM-000002_DFL-MAT-J03WQQ.xml,,,,,,,,,,,,,,,0
DFL-MAT-J03WQQ,74133.0,95.38,2022-11-05 13:44:12.984000+01:00,48.14,2022-11-05T13:44:13.440+01:00,18240200000762,94.6,95.38,49.18,48.14,openPlay,DFL-CLU-00000H,0.16,1.74,2,indirect,DFL-OBJ-002FZR,13.18,17.5,direct,0,DFL-OBJ-0002EL,chance,insideRight,leftLeg,oppositionGoalkeeperAction,0,18.4,1,decent,passOpenPlay,shot,0.0417,762,0.0,notComplicated,SavedShot,,,,,,,,,,average,DFL-OBJ-0028FW,arms,notCleared,,,,,,,,,,,,,,,,,,DFL_03_02_events_raw_DFL-COM-000002_DFL-MAT-J03WQQ.xml,,,,,,,,,,,,,,,0
DFL-MAT-J03WQQ,77778.0,83.26,2022-11-05 13:46:38.961000+01:00,32.09,2022-11-05T13:46:39.240+01:00,18240200000801,83.02,83.26,32.21,32.09,openPlay,DFL-CLU-00000H,0.52,1.73,8,indirect,DFL-OBJ-0002EL,18.79,8.34,controlShot,0,DFL-OBJ-002GNL,chance,insideLeft,leftLeg,oppositionDefensiveAction,0,22.05,0,average,passOpenPlay,otherPassFromOpenPlay,0.0324,801,3.0,notComplicated,BlockedShot,,,,,,,,,,,,,,DFL-OBJ-002GMO,false,,,,,,,,,,,,,,,,DFL_03_02_events_raw_DFL-COM-000002_DFL-MAT-J03WQQ.xml,,,,,,,,,,,,,,,0
DFL-MAT-J03WQQ,107817.0,89.97,2022-11-05 14:09:05.461000+01:00,29.39,2022-11-05T14:09:05.000+01:00,18240200000922,90.97,89.97,28.64,29.39,openPlay,DFL-CLU-00000P,0.31,1.42,3,direct,DFL-OBJ-0026RH,25.83,17.19,direct,0,DFL-OBJ-002GM1,chance,left,leftLeg,otherPassFromOpenPlay,0,15.02,1,outstanding,passOpenPlay,otherPassFromOpenPlay,0.1204,922,2.0,notComplicated,SavedShot,,,,,,,,,,exceptional,DFL-OBJ-0028LZ,legs,notCleared,,,,,,,,,,,,,,,,,,DFL_03_02_events_raw_DFL-COM-000002_DFL-MAT-J03WQQ.xml,,,,,,,,,,,,,,,0
DFL-MAT-J03WQQ,110364.0,29.96,2022-11-05 14:10:45.215000+01:00,21.16,2022-11-05T14:10:46.880+01:00,18240200000955,18.33,17.13,23.26,25.47,openPlay,DFL-CLU-00000H,0.59,1.94,8,direct,DFL-OBJ-J01PRP,17.03,14.29,dribblingLess10m,0,DFL-OBJ-0027QN,chance,left,rightLeg,otherPassFromOpenPlay,0,21.24,0,average,passOpenPlay,otherPassFromOpenPlay,0.0401,955,1.0,notComplicated,BlockedShot,,,,,,,,,,,,,,DFL-OBJ-002GM9,false,,,,,,,,,,,,,,,,DFL_03_02_events_raw_DFL-COM-000002_DFL-MAT-J03WQQ.xml,,,,,,,,,,,,,,,0
DFL-MAT-J03WQQ,117337.0,8.52,2022-11-05 14:15:29.277000+01:00,34.8,2022-11-05T14:15:25.800+01:00,18240200001036,9.67,8.52,33.64,34.8,openPlay,DFL-CLU-00000H,1.69,0.41,3,direct,DFL-OBJ-002GNL,41.42,8.22,volley,0,DFL-OBJ-002GN4,chance,left,head,crossFromOpenPlay,0,9.68,1,average,crossOpenPlay,crossFromOpenPlay,0.047,1036,3.0,notComplicated,SavedShot,,,frontalVolley,,,,,,,average,DFL-OBJ-0028FW,others,held,,,,,,,,,,,,,,,,,,DFL_03_02_events_raw_DFL-COM-000002_DFL-MAT-J03WQQ.xml,,,,,,,,,,,,,,,0
DFL-MAT-J03WQQ,124569.0,80.25,2022-11-05 14:20:12.744000+01:00,49.95,2022-11-05T14:20:15.080+01:00,18240200001060,80.41,80.62,45.07,44.43,FreeKick,DFL-CLU-00000P,0.0,1.18,7,,,14.15,7.37,setPiece,0,DFL-OBJ-002FXT,chance,insideLeft,rightLeg,ownSetPiece,1,26.97,0,average,freeKick,fouled,0.0563,1060,4.0,notComplicated,BlockedShot,,,,,,,,,,,,,,DFL-OBJ-J014L2,false,,,,,,,,,,,,,,,,DFL_03_02_events_raw_DFL-COM-000002_DFL-MAT-J03WQQ.xml,,124683,124490,2022-11-05T14:19:30.847+01:00,DFL-CLU-00000P,direct,farKeeper,other,,,DFL-OBJ-0026RH,,,,0
DFL-MAT-J03WQQ,125564.0,89.97,2022-11-05 14:20:54.448000+01:00,39.01,2022-11-05T14:20:54.880+01:00,18240200001066,89.25,89.97,38.29,39.01,openPlay,DFL-CLU-00000P,0.66,1.92,3,direct,DFL-OBJ-0026RH,24.49,12.28,direct,0,DFL-OBJ-J0130T,chance,left,leftLeg,otherPassFromOpenPlay,0,16.32,1,average,passOpenPlay,otherPassFromOpenPlay,0.0861,1066,3.0,notComplicated,ShotWide,far,left,,,,,,,,,,,,,,,,,,,,,,,,,,,,,DFL_03_02_events_raw_DFL-COM-000002_DFL-MAT-J03WQQ.xml,,,,,,,,,,,,,,,0
DFL-MAT-J03WQQ,126575.0,84.36,2022-11-05 14:21:33.400000+01:00,50.75,2022-11-05T14:21:35.320+01:00,18240200001075,86.33,84.36,48.53,50.75,openPlay,DFL-CLU-00000P,1.14,2.21,7,others,DFL-OBJ-002G5J,14.05,13.14,dribblingLess10m,0,DFL-OBJ-0026RH,none,insideLeft,rightLeg,otherPassFromOpenPlay,0,23.66,0,none,passOpenPlay,otherPassFromOpenPlay,0.0264,1075,1.0,notComplicated,BlockedShot,,,,,,,,,,,,,,DFL-OBJ-J014L2,false,,,,,,,,,,,,,,,,DFL_03_02_events_raw_DFL-COM-000002_DFL-MAT-J03WQQ.xml,,,,,,,,,,,,,,,0
DFL-MAT-J03WQQ,128070.0,96.48,2022-11-05 14:22:38.569000+01:00,37.81,2022-11-05T14:22:35.120+01:00,18240200001089,96.17,95.61,37.31,36.05,openPlay,DFL-CLU-00000P,0.65,1.41,3,direct,DFL-OBJ-0026RH,40.56,6.07,volley,0,DFL-OBJ-002FXT,chance,left,head,throwIn,0,9.43,1,average,throwIn,throwIn,0.1405,1089,1.0,notComplicated,ShotWide,far,right,frontalVolley,,,,,,,,,,,,,,,,,,,,,,,,,,,,DFL_03_02_events_raw_DFL-COM-000002_DFL-MAT-J03WQQ.xml,,,,,,,,,,,,,,,0
DFL-MAT-J03WQQ,140059.0,21.94,2022-11-05 14:30:35.330000+01:00,25.68,2022-11-05T14:30:34.680+01:00,18240200001210,21.52,21.94,25.86,25.68,openPlay,DFL-CLU-00000H,0.27,2.77,8,others,DFL-OBJ-J014L2,16.98,7.81,direct,0,DFL-OBJ-002FZR,chance,insideRight,rightLeg,otherPassFromOpenPlay,0,23.01,0,average,passOpenPlay,otherPassFromOpenPlay,0.0439,1210,1.0,notComplicated,ShotWide,far,over,,,,,,,,,,,,,,,,,,,,,,,,,,,,,DFL_03_02_events_raw_DFL-COM-000002_DFL-MAT-J03WQQ.xml,,,,,,,,,,,,,,,0
DFL-MAT-J03WQQ,142871.0,96.08,2022-11-05 14:32:28.130000+01:00,37.81,2022-11-05T14:32:27.160+01:00,18240200001227,96.32,96.08,36.14,37.81,openPlay,DFL-CLU-00000P,1.04,1.01,3,direct,DFL-OBJ-002G5J,43.68,12.14,volley,0,DFL-OBJ-002GM9,chance,right,head,cornerKick,0,8.94,1,average,cornerKick,cornerKick,0.1353,1227,3.0,notComplicated,ShotWide,far,over,frontalVolley,,,,,,,,,,,,,,,,,,,,,,,,,,,,DFL_03_02_events_raw_DFL-COM-000002_DFL-MAT-J03WQQ.xml,,,,,,,,,,,,,,,0
DFL-MAT-J03WQQ,160633.0,17.93,2022-11-05 14:44:17.804000+01:00,35.1,2022-11-05T14:44:17.640+01:00,18240200001444,17.81,17.93,36.75,35.1,openPlay,DFL-CLU-00000H,0.92,1.35,8,others,DFL-OBJ-002GMV,22.72,8.2,direct,0,DFL-OBJ-J014L2,chance,left,leftLeg,teammateAction,0,18.02,0,average,freeKick,teammateAction,0.0485,1444,3.0,notComplicated,BlockedShot,,,,,,,,,,,,,,DFL-OBJ-002GMV,false,,,,true,,,,,,,,,,,,DFL_03_02_events_raw_DFL-COM-000002_DFL-MAT-J03WQQ.xml,,,,,,,,,,,,,,,0
DFL-MAT-J03WQQ,162418.0,38.17,2022-11-05 14:45:27.349000+01:00,28.28,2022-11-05T14:45:29.040+01:00,18240200001463,30.8,30.76,31.12,32.4,openPlay,DFL-CLU-00000H,0.37,5.14,8,others,DFL-OBJ-0002EL,13.44,16.63,dribblingLess10m,0,DFL-OBJ-0028HW,chance,left,rightLeg,otherPassFromOpenPlay,0,30.93,0,average,passOpenPlay,otherPassFromOpenPlay,0.0226,1463,1.0,notComplicated,ShotWide,far,over,,,,,,,,,,,,,,,,,,,,,,,,,,,,,DFL_03_02_events_raw_DFL-COM-000002_DFL-MAT-J03WQQ.xml,,,,,,,,,,,,,,,0
DFL-MAT-J03WQQ,163791.0,14.13,2022-11-05 14:46:23.518000+01:00,38.21,2022-11-05T14:46:23.960+01:00,18240200001478,14.36,14.13,38.51,38.21,openPlay,DFL-CLU-00000H,1.11,1.36,3,others,DFL-OBJ-0027AY,26.25,1.7,controlShot,0,DFL-OBJ-0028HW,chance,left,leftLeg,teammateAction,0,15.05,1,decent,passOpenPlay,teammateAction,0.046,1478,2.0,notComplicated,ShotWide,near,over,,,,,,,,,,,,,,,,,,,,,,,,,,,,,DFL_03_02_events_raw_DFL-COM-000002_DFL-MAT-J03WQQ.xml,,,,,,,,,,,,,,,0
DFL-MAT-J03WR9,19597.0,98.29,2022-11-11 18:37:36.534000+01:00,38.61,2022-11-11T18:37:36.240+01:00,18242100000110,97.38,98.41,36.56,36.55,openPlay,DFL-CLU-00000P,1.0,1.68,3,direct,DFL-OBJ-002GM1,47.44,16.42,volley,0,DFL-OBJ-002GM9,chance,right,head,freeKick,0,8.04,1,decent,freeKick,freeKick,0.0823,110,1.0,complicated,SavedShot,,,frontalVolley,,,,,,,average,DFL-OBJ-00003W,arms,notCleared,,,,,,,,,,,,,,,,,,DFL_03_02_events_raw_DFL-COM-000002_DFL-MAT-J03WR9.xml,,,,,,,,,,,,,,,0
DFL-MAT-J03WR9,19649.0,94.98,2022-11-11 18:37:40.070000+01:00,42.53,2022-11-11T18:37:38.320+01:00,18242100000112,95.61,94.98,44.29,42.53,openPlay,DFL-CLU-00000P,0.78,0.91,3,indirect,DFL-OBJ-002GM9,20.83,12.74,direct,0,DFL-OBJ-00008K,chance,right,leftLeg,oppositionGoalkeeperAction,0,13.93,1,average,freeKick,shot,0.0525,112,4.0,notComplicated,BlockedShot,,,,,,,,,,,,,,DFL-OBJ-002GPN,false,,,,,,,,,,,,,,,,DFL_03_02_events_raw_DFL-COM-000002_DFL-MAT-J03WR9.xml,,,,,,,,,,,,,,,0
DFL-MAT-J03WR9,20379.0,102.9,2022-11-11 18:38:10.895000+01:00,29.59,2022-11-11T18:38:07.520+01:00,18242100000118,102.46,102.9,29.52,29.59,openPlay,DFL-CLU-00000P,0.97,1.38,3,direct,DFL-OBJ-00008K,54.78,15.15,volley,0,DFL-OBJ-002GMO,chance,left,head,header,0,5.15,1,decent,cornerKick,header,0.2353,118,2.0,complicated,SavedShot,,,frontalVolley,,,,,,,average,DFL-OBJ-00003W,arms,held,,,50573,,,,,,,,,,,,,,,DFL_03_02_events_raw_DFL-COM-000002_DFL-MAT-J03WR9.xml,,,,,,,,,,,,,,,0
DFL-MAT-J03WR9,29840.0,71.64,2022-11-11 18:44:26.320000+01:00,51.15,2022-11-11T18:44:25.960+01:00,18242100000216,88.36,87.62,38.0,37.74,openPlay,DFL-CLU-00000P,1.2,3.74,8,others,DFL-OBJ-0026RH,23.55,17.21,dribblingMore10m,0,DFL-OBJ-J01KJ5,chance,insideLeft,rightLeg,otherPassFromOpenPlay,0,17.11,0,,passOpenPlay,otherPassFromOpenPlay,0.056,216,1.0,notComplicated,SuccessfulShot,,,,1:0,5,correct,DFL-OBJ-0026RH,others,true,,,,,,,,,,,,,,,,,,,,,,DFL_03_02_events_raw_DFL-COM-000002_DFL-MAT-J03WR9.xml,,,,,,,,,,,,,,,1
DFL-MAT-J03WR9,34612.0,71.74,2022-11-11 18:47:39.029000+01:00,50.85,2022-11-11T18:47:36.840+01:00,18242100000263,75.25,77.13,34.7,33.15,openPlay,DFL-CLU-00000P,0.0,2.72,8,others,DFL-OBJ-J01KJ5,14.02,14.01,dribblingMore10m,0,DFL-OBJ-002FXT,chance,left,rightLeg,otherPassFromOpenPlay,0,29.76,0,average,passOpenPlay,otherPassFromOpenPlay,0.0269,263,1.0,notComplicated,SavedShot,,,,,,,,,,average,DFL-OBJ-00003W,arms,cleared,,,,,,,,,,,,,,,,,,DFL_03_02_events_raw_DFL-COM-000002_DFL-MAT-J03WR9.xml,,,,,,,,,,,,,,,0
DFL-MAT-J03WR9,37344.0,8.82,2022-11-11 18:49:24.174000+01:00,45.73,2022-11-11T18:49:26.120+01:00,18242100000296,6.55,8.82,46.29,45.73,openPlay,DFL-CLU-00000I,0.88,2.43,4,direct,DFL-OBJ-0001ZY,14.87,16.26,direct,0,DFL-OBJ-0000YE,chance,insideRight,rightLeg,otherPassFromOpenPlay,0,13.93,1,average,passOpenPlay,otherPassFromOpenPlay,0.0683,296,1.0,notComplicated,BlockedShot,,,,,,,,,,,,,,DFL-OBJ-002GMO,false,,,,,,,,,,,,,,,,DFL_03_02_events_raw_DFL-COM-000002_DFL-MAT-J03WR9.xml,,,,,,,,,,,,,,,0
DFL-MAT-J03WR9,56439.0,56.11,2022-11-11 19:02:09.754000+01:00,15.45,2022-11-11T19:02:09.920+01:00,18242100000496,81.95,81.25,24.06,25.17,openPlay,DFL-CLU-00000P,0.56,2.58,8,others,DFL-OBJ-00028V,15.3,13.24,dribblingMore10m,0,DFL-OBJ-002GM1,chance,insideRight,rightLeg,otherPassFromOpenPlay,0,25.1,0,average,run,otherPassFromOpenPlay,0.0245,496,1.0,notComplicated,ShotWide,far,overCrossbarRight,,,,,,,,,,,,,,,,,,,,,,,,,,,,,DFL_03_02_events_raw_DFL-COM-000002_DFL-MAT-J03WR9.xml,,,,,,,,,,,,,,,0
DFL-MAT-J03WR9,62243.0,75.24,2022-11-11 19:06:00.997000+01:00,35.4,2022-11-11T19:06:02.080+01:00,18242100000567,85.59,86.52,50.46,49.13,openPlay,DFL-CLU-00000P,0.92,2.89,7,others,DFL-OBJ-00028V,12.63,18.03,dribblingMore10m,0,DFL-OBJ-002FXT,chance,left,leftLeg,otherPassFromOpenPlay,0,25.45,0,average,passOpenPlay,otherPassFromOpenPlay,0.019,567,1.0,notComplicated,SavedShot,,,,,,,,,,average,DFL-OBJ-00003W,arms,held,,,,,,,,,,,,,,,,,,DFL_03_02_events_raw_DFL-COM-000002_DFL-MAT-J03WR9.xml,,,,,,,,,,,,,,,0
DFL-MAT-J03WR9,70093.0,89.57,2022-11-11 19:11:16.348000+01:00,26.98,2022-11-11T19:11:16.080+01:00,18242100000653,87.65,87.72,26.25,26.36,openPlay,DFL-CLU-00000P,0.1,11.31,8,,,20.07,23.22,dribblingLess10m,0,DFL-OBJ-00028V,sitter,insideRight,rightLeg,oppositionMisplacedPass,0,19.0,0,outstanding,lossOfPossession,,0.3421,653,0.0,notComplicated,ShotWide,far,left,,,,,,,,,,,,,,,,DFL-OBJ-00028V,,,,,,,,,,,,,DFL_03_02_events_raw_DFL-COM-000002_DFL-MAT-J03WR9.xml,,,,,,,,,,,,,,,0
DFL-MAT-J03WR9,73381.0,76.35,2022-11-11 19:13:29.459000+01:00,51.65,2022-11-11T19:13:27.600+01:00,18242100000680,76.2,76.83,50.95,48.83,openPlay,DFL-CLU-00000P,0.0,2.85,7,indirect,DFL-OBJ-J01KJ5,10.82,13.41,volley,0,DFL-OBJ-002FXT,chance,left,rightLeg,oppositionDefensiveAction,0,33.42,0,average,throwIn,throwIn,0.0237,680,2.0,notComplicated,ShotWide,near,left,frontalVolley,,,,,,,,,,,,,,,,,,,,,,,,,,,,DFL_03_02_events_raw_DFL-COM-000002_DFL-MAT-J03WR9.xml,,,,,,,,,,,,,,,0
DFL-MAT-J03WR9,75674.0,83.36,2022-11-11 19:14:59.558000+01:00,23.07,2022-11-11T19:14:59.320+01:00,18242100000699,82.19,83.36,24.03,23.07,openPlay,DFL-CLU-00000P,0.51,2.51,9,indirect,DFL-OBJ-J0130T,15.4,14.58,direct,0,DFL-OBJ-0000NZ,chance,left,rightLeg,oppositionDefensiveAction,0,24.89,0,average,cornerKick,cornerKick,0.0186,699,5.0,notComplicated,BlockedShot,,,,,,,,,,,,,,DFL-OBJ-0002DT,false,,,,,,,,,,,,,,,,DFL_03_02_events_raw_DFL-COM-000002_DFL-MAT-J03WR9.xml,,,,,,,,,,,,,,,0
DFL-MAT-J03WR9,100835.0,88.97,2022-11-11 19:34:02.401000+01:00,49.65,2022-11-11T19:33:57.080+01:00,18242100000746,88.84,89.71,47.17,47.83,openPlay,DFL-CLU-00000I,0.32,1.66,2,direct,DFL-OBJ-0000YE,15.69,5.8,direct,0,DFL-OBJ-0025YM,chance,left,rightLeg,otherPassFromOpenPlay,0,20.85,1,outstanding,crossOpenPlay,otherPassFromOpenPlay,0.0221,746,3.0,notComplicated,ShotWoodWork,,,,,,,,,,,,,,,,49496,crossBar,,,,,,,,,,,,,,DFL_03_02_events_raw_DFL-COM-000002_DFL-MAT-J03WR9.xml,,,,,,,,,,,,,,,0
DFL-MAT-J03WR9,101268.0,89.77,2022-11-11 19:34:15.750000+01:00,43.83,2022-11-11T19:34:14.400+01:00,18242100000750,89.01,89.02,44.91,44.33,openPlay,DFL-CLU-00000I,0.14,1.64,2,direct,DFL-OBJ-00265G,17.95,11.56,direct,0,DFL-OBJ-0025YM,chance,insideRight,rightLeg,otherPassFromOpenPlay,0,19.36,1,average,passOpenPlay,otherPassFromOpenPlay,0.0617,750,1.0,notComplicated,ShotWide,far,over,scoop,,,,,,,,,,,,,,,,,,,,,,,,,,,,DFL_03_02_events_raw_DFL-COM-000002_DFL-MAT-J03WR9.xml,,,,,,,,,,,,,,,0
DFL-MAT-J03WR9,102144.0,85.96,2022-11-11 19:34:52.112000+01:00,34.2,2022-11-11T19:34:49.440+01:00,18242100000756,85.68,85.92,34.99,33.35,openPlay,DFL-CLU-00000I,0.39,4.41,8,direct,DFL-OBJ-0028G2,21.4,12.11,direct,0,DFL-OBJ-0025YM,chance,insideRight,rightLeg,otherPassFromOpenPlay,0,19.35,0,average,passOpenPlay,otherPassFromOpenPlay,0.1443,756,0.0,notComplicated,ShotWide,near,right,,,,,,,,,,,,,,,,,,,,,,,,,,,,,DFL_03_02_events_raw_DFL-COM-000002_DFL-MAT-J03WR9.xml,,,,,,,,,,,,,,,0
DFL-MAT-J03WR9,103420.0,27.45,2022-11-11 19:35:40.263000+01:00,37.31,2022-11-11T19:35:40.480+01:00,18242100000767,26.56,25.88,36.08,36.25,openPlay,DFL-CLU-00000P,0.68,3.28,8,indirect,DFL-OBJ-J0130T,15.6,9.65,dribblingLess10m,0,DFL-OBJ-00008K,chance,insideRight,leftLeg,oppositionDefensiveAction,0,26.64,0,average,passOpenPlay,longPassFromOpenPlay,0.0224,767,2.0,notComplicated,ShotWide,far,overCrossbarLeft,,,,,,,,,,,,,,,,,,,,,,,,,,,,,DFL_03_02_events_raw_DFL-COM-000002_DFL-MAT-J03WR9.xml,,,,,,,,,,,,,,,0
DFL-MAT-J03WR9,107264.0,99.29,2022-11-11 19:38:14.480000+01:00,28.48,2022-11-11T19:38:14.240+01:00,18242100000805,100.06,99.31,28.74,28.86,openPlay,DFL-CLU-00000I,1.14,0.16,3,direct,DFL-OBJ-0025YM,43.08,2.31,volley,0,DFL-OBJ-0000F9,chance,right,head,cornerKick,0,7.22,1,,cornerKick,cornerKick,0.116,805,1.0,veryComplicated,SuccessfulShot,,,frontalVolley,1:1,7,correct,DFL-OBJ-0025YM,direct,false,,,,,,,,,,,,,,,,,,,,,,DFL_03_02_events_raw_DFL-COM-000002_DFL-MAT-J03WR9.xml,,,,,,,,,,,,,,DFL-OBJ-J0130T,1
DFL-MAT-J03WR9,112358.0,89.97,2022-11-11 19:41:37.725000+01:00,34.6,2022-11-11T19:41:38.000+01:00,18242100000840,89.72,89.97,35.05,34.6,openPlay,DFL-CLU-00000I,0.68,1.88,3,direct,DFL-OBJ-0028G2,26.82,3.61,controlShot,0,DFL-OBJ-0002DT,chance,insideRight,rightLeg,otherPassFromOpenPlay,0,15.32,1,outstanding,passOpenPlay,otherPassFromOpenPlay,0.0663,840,1.0,notComplicated,SavedShot,,,,,,,,,,average,DFL-OBJ-0028FW,arms,cleared,,,,,,,,,,,,,,,,,,DFL_03_02_events_raw_DFL-COM-000002_DFL-MAT-J03WR9.xml,,,,,,,,,,,,,,,0
DFL-MAT-J03WR9,123519.0,9.42,2022-11-11 19:49:08.438000+01:00,31.19,2022-11-11T19:49:04.440+01:00,18242100000950,10.78,10.89,29.77,28.66,openPlay,DFL-CLU-00000P,0.84,2.45,3,direct,DFL-OBJ-00008K,33.17,13.14,volley,0,DFL-OBJ-002FXT,chance,insideLeft,head,otherPassFromOpenPlay,0,11.58,1,decent,passOpenPlay,otherPassFromOpenPlay,0.0398,950,1.0,complicated,SavedShot,,,frontalVolley,,,,,,,average,DFL-OBJ-00003W,arms,held,,,,,,,,,,,,,,,,,,DFL_03_02_events_raw_DFL-COM-000002_DFL-MAT-J03WR9.xml,,,,,,,,,,,,,,,0
DFL-MAT-J03WR9,131306.0,23.75,2022-11-11 19:54:14.177000+01:00,22.77,2022-11-11T19:54:15.920+01:00,18242100001031,24.19,24.48,22.22,23.37,openPlay,DFL-CLU-00000P,0.46,2.34,7,,,13.99,13.92,dribblingMore10m,0,DFL-OBJ-J0130T,chance,insideLeft,rightLeg,oppositionOtherAction,0,26.91,0,average,lossOfPossession,,0.0213,1031,2.0,notComplicated,BlockedShot,,,,,,,,,,,,,,DFL-OBJ-0026WW,false,,,,,,,,,,,,,,,,DFL_03_02_events_raw_DFL-COM-000002_DFL-MAT-J03WR9.xml,,,,,,,,,,,,,,,0
DFL-MAT-J03WR9,140722.0,93.08,2022-11-11 20:00:34.504000+01:00,30.19,2022-11-11T20:00:32.560+01:00,18242100001126,92.85,93.01,25.89,26.46,openPlay,DFL-CLU-00000I,0.63,1.17,3,direct,DFL-OBJ-00021G,23.97,6.58,controlShot,0,DFL-OBJ-0000YE,chance,left,leftLeg,crossFromOpenPlay,0,14.61,1,average,crossOpenPlay,crossFromOpenPlay,0.0243,1126,1.0,complicated,ShotWide,far,overCrossbarLeft,,,,,,,,,,,,,,,,,,,,,,,,,,,,,DFL_03_02_events_raw_DFL-COM-000002_DFL-MAT-J03WR9.xml,,,,,,,,,,,,,,,0
DFL-MAT-J03WR9,143908.0,8.42,2022-11-11 20:02:40.642000+01:00,38.71,2022-11-11T20:02:40.000+01:00,18242100001156,9.41,8.49,37.86,37.15,openPlay,DFL-CLU-00000P,1.26,1.15,3,direct,DFL-OBJ-J0130T,37.41,3.27,volley,0,DFL-OBJ-002GM9,chance,left,head,freeKick,0,10.17,1,average,freeKick,freeKick,0.0132,1156,1.0,veryComplicated,SavedShot,,,frontalVolley,,,,,,,average,DFL-OBJ-00003W,arms,held,,,,,,,,,,,,,,,,,,DFL_03_02_events_raw_DFL-COM-000002_DFL-MAT-J03WR9.xml,,,,,,,,,,,,,,,0
DFL-MAT-J03WR9,145949.0,76.73,2022-11-11 20:04:00.634000+01:00,24.96,2022-11-11T20:04:01.640+01:00,18242100001163,76.48,76.73,25.46,24.96,FreeKick,DFL-CLU-00000I,0.01,1.31,8,,,13.45,13.79,setPiece,0,DFL-OBJ-00017G,chance,insideRight,leftLeg,ownSetPiece,1,29.77,0,average,freeKick,fouled,0.0433,1163,2.0,notComplicated,ShotWide,near,right,,,,,,,,,,,,,,,,,,,,,,,,,,,,,DFL_03_02_events_raw_DFL-COM-000002_DFL-MAT-J03WR9.xml,,146022,145538,2022-11-11T20:03:05.698+01:00,DFL-CLU-00000I,direct,underWall,other,,,DFL-OBJ-0001ZY,,,,0
DFL-MAT-J03WR9,160173.0,41.38,2022-11-11 20:13:32.395000+01:00,36.51,2022-11-11T20:13:30.600+01:00,18242100001288,20.27,22.68,35.44,35.75,openPlay,DFL-CLU-00000P,1.4,3.78,8,,,20.37,13.67,dribblingMore10m,0,DFL-OBJ-J0130T,chance,insideLeft,leftLeg,oppositionMisplacedPass,0,20.32,0,average,lossOfPossession,,0.0324,1288,2.0,notComplicated,BlockedShot,,,,,,,,,,,,,,DFL-OBJ-0026WW,false,,,,,,,,,,,,,,,,DFL_03_02_events_raw_DFL-COM-000002_DFL-MAT-J03WR9.xml,,,,,,,,,,,,,,,0
DFL-MAT-J03WR9,162056.0,14.23,2022-11-11 20:14:55.268000+01:00,31.49,2022-11-11T20:14:45.920+01:00,18242100001300,14.28,13.89,31.22,31.95,openPlay,DFL-CLU-00000P,0.65,1.38,3,direct,DFL-OBJ-002FXT,27.8,8.12,volley,0,DFL-OBJ-0000F8,chance,right,leftLeg,header,0,14.55,1,outstanding,freeKick,header,0.1023,1300,2.0,notComplicated,SavedShot,,,frontalVolley,,,,,,,average,DFL-OBJ-00003W,arms,cleared,,,63270,,,,,,,,,,,,,,,DFL_03_02_events_raw_DFL-COM-000002_DFL-MAT-J03WR9.xml,,,,,,,,,,,,,,,0
DFL-MAT-J03WR9,162638.0,6.41,2022-11-11 20:15:12.620000+01:00,39.92,2022-11-11T20:15:09.200+01:00,18242100001303,7.37,6.41,39.15,39.92,openPlay,DFL-CLU-00000P,1.54,1.37,3,direct,DFL-OBJ-002G5J,38.66,11.34,volley,0,DFL-OBJ-J01CVM,chance,right,rightLeg,cornerKick,0,8.99,1,decent,cornerKick,cornerKick,0.0171,1303,2.0,veryComplicated,ShotWide,near,over,frontalVolley,,,,,,,,,,,,,,,,,,,,,,,,,,,,DFL_03_02_events_raw_DFL-COM-000002_DFL-MAT-J03WR9.xml,,,,,,,,,,,,,,,0
DFL-MAT-J03WR9,168797.0,10.62,2022-11-11 20:19:21.040000+01:00,35.3,2022-11-11T20:19:15.560+01:00,18242100001324,10.33,10.62,34.26,35.3,openPlay,DFL-CLU-00000P,0.91,1.9,3,direct,DFL-OBJ-J01NQ8,39.0,7.15,volley,0,DFL-OBJ-J0130T,chance,right,head,crossFromOpenPlay,0,10.33,1,average,crossOpenPlay,crossFromOpenPlay,0.0314,1324,1.0,complicated,ShotWide,far,right,frontalVolley,,,,,,,,,,,,,,,,,,,,,,,,,,,,DFL_03_02_events_raw_DFL-COM-000002_DFL-MAT-J03WR9.xml,,,,,,,,,,,,,,,0
DFL-MAT-J03WR9,,87.32,2022-11-11 20:24:13.360000+01:00,9.19,,18242100001386,,94.18,,33.9,Penalty,DFL-CLU-00000I,0.0,,3,,,37.0,,setPiece,0,DFL-OBJ-00017G,sitter,right,leftLeg,ownSetPiece,0,11.0,1,,penaltyKick,fouled,0.767,1386,,notComplicated,SuccessfulShot,,,,1:2,11,correct,,,false,,,,,,,,,DFL-OBJ-002GPI,,DFL-CLU-00000I,DFL-OBJ-J01KJ5,regular,2022-11-11T20:22:44.680+01:00,DFL-OBJ-00017G,controversial,false,both,right,101,targetedShot,DFL_03_02_events_raw_DFL-COM-000002_DFL-MAT-J03WR9.xml,,,,,,,,,,DFL-OBJ-002GPI,DFL-OBJ-002GPI,DFL-OBJ-002GPI,,,1
