shot_id,match_id,goal,M0,M1,M2,REF
18226500000041,DFL-MAT-J03WMX,0,0.0727556106864699,0.08833012071699783,0.0530010726771416,0.0476
18226500000187,DFL-MAT-J03WMX,1,0.022229236209982704,0.022322952626645343,0.015337176738953706,0.0399
18226500000282,DFL-MAT-J03WMX,0,0.6166672974114603,0.7667651512606232,0.7308884279551956,0.0847
18226500000365,DFL-MAT-J03WMX,0,0.02420349324596357,0.024652266828217237,0.022296327670207502,0.0448
18226500000396,DFL-MAT-J03WMX,0,0.043971491079747634,0.04938699038400868,0.03651548038214821,0.1542
18226500000482,DFL-MAT-J03WMX,0,0.16742358601591883,0.2251128101565552,0.2443181132002346,0.104
18226500000536,DFL-MAT-J03WMX,0,0.004602828682692782,0.003548068605793082,0.004443812210044152,0.0202
18226500000602,DFL-MAT-J03WMX,0,0.017682266499951485,0.017090527940085906,0.021651420028785322,0.0155
18226500000848,DFL-MAT-J03WMX,0,0.01639646765677886,0.015648511888846667,0.015055464937942334,0.0713
18226500001065,DFL-MAT-J03WMX,0,0.00593378175235913,0.004773537564927871,0.004249009336462403,0.0188
18226500001126,DFL-MAT-J03WMX,0,0.037063208210031444,0.04049477663668018,0.034965437243780116,0.0258
18226500001292,DFL-MAT-J03WMX,0,0.05654111652829295,0.06607438206593852,0.04455514006282911,0.0466
18226500001277,DFL-MAT-J03WMX,0,0.047046921266534064,0.05341440276226473,0.062304736926398416,0.0815
18226500001279,DFL-MAT-J03WMX,0,0.027233440876015702,0.028286529688558607,0.01994650639340254,0.0544
18226500001344,DFL-MAT-J03WMX,0,0.16007890654491827,0.2143828683584244,0.1884889567719224,0.2451
18226500001347,DFL-MAT-J03WMX,0,0.05478533967298734,0.06370950713374127,0.13035730210275084,0.0577
18226500001392,DFL-MAT-J03WMX,0,0.10342252340026606,0.1318642187437136,0.08275886368116761,0.1118
18226500001554,DFL-MAT-J03WMX,1,0.026742537106002592,0.02769310329187112,0.03580017735741349,0.0498
18226900000020,DFL-MAT-J03WN1,0,0.03617587460453846,0.04511870800794707,0.031203840179556415,0.0354
18226900000023,DFL-MAT-J03WN1,0,0.0941583256064862,0.10614936949717124,0.05549418763849798,0.0426
18226900000027,DFL-MAT-J03WN1,0,0.1304882986068794,0.14204172569094276,0.10164837166855942,0.0785
18226900000033,DFL-MAT-J03WN1,0,0.016643791064731208,0.02247008494215804,0.01637544159840135,0.0239
18226900000272,DFL-MAT-J03WN1,1,0.3256477917455807,0.322774640342652,0.42469541251480225,0.8438
18226900000281,DFL-MAT-J03WN1,0,0.008059412556388269,0.01169505864078587,0.01595394881616081,0.0405
18226900000325,DFL-MAT-J03WN1,0,0.09964111247311168,0.11165040819072251,0.08199500894764343,0.0448
18226900000380,DFL-MAT-J03WN1,0,0.04191860838044988,0.051486291994183635,0.04858122243567757,0.0593
18226900000439,DFL-MAT-J03WN1,0,0.02880304322586722,0.03677793133844444,0.03021300288093101,0.012
18226900000449,DFL-MAT-J03WN1,0,0.09365509604913856,0.10564274037669857,0.20345019781458856,0.1869
18226900000478,DFL-MAT-J03WN1,1,0.23431671578901056,0.23980360973617704,0.2874002914660254,0.1542
18226900000500,DFL-MAT-J03WN1,0,0.004232347401891835,0.006541410026622799,0.005290573952244274,0.0199
18226900000623,DFL-MAT-J03WN1,0,0.00972295377381643,0.01384987700916008,0.014332060599305587,0.019
18226900000659,DFL-MAT-J03WN1,0,0.018981751474248024,0.025289033237722608,0.021480297791659164,0.0379
18226900000769,DFL-MAT-J03WN1,0,0.020607674555174735,0.027227768899278523,0.03915567811515967,0.0358
18226900000878,DFL-MAT-J03WN1,0,0.13339210752804442,0.1448602763418113,0.111696967372208,0.1065
18226900000899,DFL-MAT-J03WN1,0,0.14957448886686814,0.160455017115536,0.2644147936026159,0.2279
18226900000951,DFL-MAT-J03WN1,0,0.10925064820894362,0.1212138957648881,0.11734943971924863,0.1041
18226900001121,DFL-MAT-J03WN1,0,0.20191695741548132,0.20983933313576136,0.2791965970046111,0.2427
18226900001209,DFL-MAT-J03WN1,1,0.14403310413476597,0.1551354222487208,0.1853525769055648,0.1896
18226900001233,DFL-MAT-J03WN1,0,0.05913119146541388,0.07005005399572513,0.12025781459633948,0.0679
18232100000016,DFL-MAT-J03WOH,0,0.04163666921373598,0.048512391655406606,0.03146413570289201,0.0325
18232100000022,DFL-MAT-J03WOH,0,0.1240010219158662,0.13588006575541572,0.0821392182761735,0.0897
18232100000067,DFL-MAT-J03WOH,0,0.057124703581569417,0.0654293507392083,0.05816483408713874,0.1467
18232100000117,DFL-MAT-J03WOH,0,0.010785297835203102,0.013460686184866934,0.015264914789892725,0.0246
18232100000253,DFL-MAT-J03WOH,0,0.13805310374882448,0.15031144779959535,0.10746629401949136,0.0607
18232100000298,DFL-MAT-J03WOH,0,0.10028389079570163,0.11127046576066688,0.06506401219604602,0.066
18232100000402,DFL-MAT-J03WOH,0,0.006073743092895552,0.00779474983528489,0.006825241427380964,0.0192
18232100000445,DFL-MAT-J03WOH,0,0.1364551952926755,0.14867548570952516,0.18029759927223848,0.1649
18232100000478,DFL-MAT-J03WOH,0,0.011092057716655015,0.013824495433872448,0.016393805549136775,0.0279
18232100000487,DFL-MAT-J03WOH,0,0.11487394542847243,0.12644948861312028,0.08101134645421365,0.0864
18232100000533,DFL-MAT-J03WOH,0,0.0497449425691394,0.057408072815863354,0.03872074663084915,0.0368
18232100000570,DFL-MAT-J03WOH,0,0.02239739033411745,0.026951981541370264,0.02557195047216452,0.0119
18232100000606,DFL-MAT-J03WOH,0,0.015371562156987326,0.018851461198045892,0.009837298890094475,0.0152
18232100000680,DFL-MAT-J03WOH,0,0.06974347100120881,0.07900388507604299,0.07170751975966455,0.022
18232100000853,DFL-MAT-J03WOH,0,0.004773734471039166,0.006197593762442568,0.005045316614419491,0.016
18232100000915,DFL-MAT-J03WOH,0,0.009600997448184425,0.012051027579447099,0.013515125068609286,0.0363
18232100000968,DFL-MAT-J03WOH,1,0.06200320475371487,0.07069713897805649,0.055915376241638594,0.0844
18232100001006,DFL-MAT-J03WOH,0,0.0058382098845404335,0.0075067470507732496,0.00920006607991246,0.0227
18232100001062,DFL-MAT-J03WOH,0,0.013094104009555985,0.016186800012740074,0.010971657127404744,0.0152
18232100001165,DFL-MAT-J03WOH,1,0.11281641454526332,0.12431688645324732,0.22773943116721726,0.1548
18232100001191,DFL-MAT-J03WOH,0,0.010903848706288868,0.013601346410203049,0.007042706944518364,0.0169
18232100001245,DFL-MAT-J03WOH,1,0.15294446033586123,0.1654991103361925,0.10314696904382648,0.8492
18233800000127,DFL-MAT-J03WOY,0,0.0011422291717589391,0.001664979827826994,0.0021889469927593615,0.0543
18233800000186,DFL-MAT-J03WOY,1,0.15813179543555309,0.1655960763327427,0.255288485125783,0.223
18233800000273,DFL-MAT-J03WOY,0,0.18832088506820283,0.19477513647936873,0.2098693101938192,0.1752
18233800000443,DFL-MAT-J03WOY,1,0.27324088853704215,0.27546708326991665,0.3574727524352164,0.449
18233800000484,DFL-MAT-J03WOY,0,0.06655932055878264,0.07415451021068402,0.06696741798930758,0.0206
18233800000694,DFL-MAT-J03WOY,0,0.02670408026495232,0.03169774567701571,0.02397599387933813,0.03
18233800000701,DFL-MAT-J03WOY,0,0.10675310919240044,0.11499065911769497,0.07515839443922281,0.0206
18233800000878,DFL-MAT-J03WOY,0,0.0061406198084701874,0.008034821284257357,0.010822926061526801,0.0173
18233800000897,DFL-MAT-J03WOY,0,0.24993849337452764,0.25348105085051426,0.29221128762010545,0.2743
18233800000971,DFL-MAT-J03WOY,1,0.060421961665583425,0.06777856470972855,0.06525398652272606,0.1451
18233800001002,DFL-MAT-J03WOY,0,0.0735469526251731,0.08136120894974747,0.09031263714304243,0.0704
18233800001023,DFL-MAT-J03WOY,0,0.007072853090551822,0.009169905614215813,0.011798714969909896,0.0247
18233800001057,DFL-MAT-J03WOY,0,0.0049505746028256255,0.006568789497958003,0.007141505197125168,0.0198
18233800001164,DFL-MAT-J03WOY,0,0.021790973492338585,0.026224419463992076,0.01936783560153647,0.0191
18233800001217,DFL-MAT-J03WOY,1,0.16229111849572814,0.16963677781670639,0.21009782098700594,0.2686
18233800001240,DFL-MAT-J03WOY,0,0.020960453526801953,0.025291057911511847,0.02115612416650245,0.0272
18233800001256,DFL-MAT-J03WOY,0,0.03472312477486782,0.040482916526940235,0.06157426909608291,0.0765
18233800001287,DFL-MAT-J03WOY,0,0.0041752795535995955,0.005601377086733848,0.007271436716585664,0.0202
18233800001334,DFL-MAT-J03WOY,0,0.05750148938980174,0.06472801137898003,0.05434913798903844,0.0717
18233800001353,DFL-MAT-J03WOY,0,0.35769547523266887,0.35456780282208344,0.4303915705548934,0.467
18233800001371,DFL-MAT-J03WOY,0,0.029514598609121288,0.0347957773571256,0.043104636866004985,0.0211
18237400000209,DFL-MAT-J03WPY,0,0.17182653153963792,0.2057295766690427,0.11814524669768169,0.1432
18237400000279,DFL-MAT-J03WPY,0,0.09622186133863757,0.12006539038414929,0.08687204561921164,0.0934
18237400000283,DFL-MAT-J03WPY,0,0.020769320265137805,0.0281481746117467,0.03730223364460916,0.0554
18237400000357,DFL-MAT-J03WPY,0,0.015205061968830062,0.020902800879813204,0.03405334956813922,0.0289
18237400000369,DFL-MAT-J03WPY,0,0.002103761076263938,0.0031426069318161425,0.005107347394130247,0.0205
18237400000411,DFL-MAT-J03WPY,0,0.005407753896180588,0.007772246189495758,0.006159682775704175,0.0171
18237400000414,DFL-MAT-J03WPY,0,0.18143571956420917,0.21629763949418304,0.14269297329197786,0.0915
18237400000433,DFL-MAT-J03WPY,0,0.015769782644693073,0.02164361018964402,0.0292660245352922,0.0291
18237400000500,DFL-MAT-J03WPY,0,0.00477760404557002,0.006901960884366679,0.006263504190868026,0.0198
18237400000677,DFL-MAT-J03WPY,0,0.1234543814868733,0.15148441802821228,0.08741994375802184,0.1423
18237400000708,DFL-MAT-J03WPY,0,0.08838065551362943,0.11088132517716516,0.1214645002967254,0.1235
18237400000759,DFL-MAT-J03WPY,0,0.07602103058472064,0.09626549220821495,0.22156958102874577,0.1118
18237400000797,DFL-MAT-J03WPY,1,0.3929164080450192,0.4358706467361348,0.5088512598259428,0.5674
18237400000832,DFL-MAT-J03WPY,0,0.03763920035887317,0.049555259405775355,0.06642679628238118,0.0739
18237400000860,DFL-MAT-J03WPY,0,0.11988772212457663,0.14740889246495725,0.21769365575064922,0.082
18237400000929,DFL-MAT-J03WPY,0,0.029928020918237683,0.03985857357692575,0.1010823134614088,0.0468
18237400001072,DFL-MAT-J03WPY,0,0.021762963020040077,0.029430517321365493,0.02700868456930359,0.0242
18237400001144,DFL-MAT-J03WPY,0,0.11337838882392126,0.13994124624741328,0.14366366555906337,0.1255
18237400001163,DFL-MAT-J03WPY,0,0.007842251586768857,0.011096516142441972,0.0152142607370599,0.0387
18237400001175,DFL-MAT-J03WPY,0,0.06932460683263075,0.08826977108278443,0.0911557835704978,0.0525
18237400001394,DFL-MAT-J03WPY,0,0.01536793387414327,0.02111659768110452,0.0365565638981568,0.0353
18237400001400,DFL-MAT-J03WPY,0,0.03633990899654994,0.047930516341658604,0.03640118834328302,0.0718
18237400001417,DFL-MAT-J03WPY,0,0.03249985304600456,0.043107470768162584,0.045754666899477645,0.089
18237400001436,DFL-MAT-J03WPY,0,0.036965594742046665,0.048713362937026126,0.034821302819138485,0.0923
18240200000048,DFL-MAT-J03WQQ,0,0.015607251577260518,0.017505525142216455,0.023954910371500816,0.0251
18240200000164,DFL-MAT-J03WQQ,0,0.014515695633456959,0.016161890647284738,0.017981014916926632,0.0375
18240200000195,DFL-MAT-J03WQQ,0,0.49881442624330385,0.6318400942243273,0.5785360948254307,0.1666
18240200000220,DFL-MAT-J03WQQ,0,0.1423704104438325,0.19214685444001248,0.18584955329217145,0.2479
18240200000224,DFL-MAT-J03WQQ,0,0.03690482129617327,0.0450526346244633,0.03196539487173435,0.0298
18240200000248,DFL-MAT-J03WQQ,0,0.05125174105517944,0.06447143894874349,0.07865261156025087,0.2628
18240200000251,DFL-MAT-J03WQQ,0,0.054242567286041446,0.06857274728599012,0.06765201979016874,0.0616
18240200000330,DFL-MAT-J03WQQ,0,0.026318611661523102,0.031101040425311508,0.027841127002486046,0.0245
18240200000386,DFL-MAT-J03WQQ,1,0.019315395673321824,0.022135266167405028,0.03296994542431207,0.0482
18240200000419,DFL-MAT-J03WQQ,0,0.1668708402558284,0.22636914848356396,0.2446365855962923,0.171
18240200000656,DFL-MAT-J03WQQ,0,0.061750115555802614,0.07892878289678433,0.08211423967653654,0.1153
18240200000706,DFL-MAT-J03WQQ,0,0.1060315597423978,0.14099065733612992,0.19950670486960712,0.2213
18240200000758,DFL-MAT-J03WQQ,0,0.020264630827122217,0.023334889712012034,0.019929601576732403,0.0365
18240200000762,DFL-MAT-J03WQQ,0,0.06845724518159375,0.08824159128306633,0.10215686200931796,0.0417
18240200000801,DFL-MAT-J03WQQ,0,0.026215709035064653,0.030967544457566557,0.026051486122713786,0.0324
18240200000922,DFL-MAT-J03WQQ,0,0.08345066320516087,0.10920745653747835,0.12403521959913259,0.1204
18240200000955,DFL-MAT-J03WQQ,0,0.03030328233563024,0.036304521757595395,0.038682489015841315,0.0401
18240200001036,DFL-MAT-J03WQQ,0,0.03572815229975737,0.04348307317418911,0.03569225340019285,0.047
18240200001060,DFL-MAT-J03WQQ,0,0.040219493087229455,0.049495315219199955,0.03906709364048684,0.0563
18240200001066,DFL-MAT-J03WQQ,0,0.05172781802777871,0.06512324900534047,0.06259166562240738,0.0861
18240200001075,DFL-MAT-J03WQQ,0,0.015614380309308278,0.01751433110548835,0.018422740117275804,0.0264
18240200001089,DFL-MAT-J03WQQ,0,0.09297023682697511,0.12258826188482004,0.09006072513907136,0.1405
18240200001210,DFL-MAT-J03WQQ,0,0.018922375397437834,0.02164019591234955,0.018048160886133615,0.0439
18240200001227,DFL-MAT-J03WQQ,0,0.0930087289072891,0.12264243759134245,0.11377041235172049,0.1353
18240200001444,DFL-MAT-J03WQQ,0,0.029904043200520935,0.03578031385469862,0.029594347896932795,0.0485
18240200001463,DFL-MAT-J03WQQ,0,0.009150237035123895,0.00971833733929642,0.012006946419111651,0.0226
18240200001478,DFL-MAT-J03WQQ,0,0.06372726094087042,0.08166869985307153,0.05076430315410972,0.046
18242100000110,DFL-MAT-J03WR9,0,0.0641811709360016,0.0774445895459989,0.1074827282809482,0.0823
18242100000112,DFL-MAT-J03WR9,0,0.032578666597714835,0.04046129073340198,0.03394784622050729,0.0525
18242100000118,DFL-MAT-J03WR9,0,0.09937038497478153,0.117396850143463,0.14492080543396904,0.2353
18242100000216,DFL-MAT-J03WR9,1,0.09657972496792598,0.11426627066958263,0.12017092229611387,0.056
18242100000263,DFL-MAT-J03WR9,0,0.008104826131676311,0.010592011136645346,0.014294748624962769,0.0269
18242100000296,DFL-MAT-J03WR9,0,0.036089300878248895,0.044637303095368695,0.0632744039478543,0.0683
18242100000496,DFL-MAT-J03WR9,0,0.014760887819063125,0.01888842315607006,0.02000497915472623,0.0245
18242100000567,DFL-MAT-J03WR9,0,0.005171777840771802,0.006862864086081359,0.0099619028145945,0.019
18242100000653,DFL-MAT-J03WR9,0,0.26413615450194383,0.29413713079783776,0.39514602028667534,0.3421
18242100000680,DFL-MAT-J03WR9,0,0.0019466514689996555,0.002668037408252027,0.0035838321901218067,0.0237
18242100000699,DFL-MAT-J03WR9,0,0.009018985851502926,0.011743305659122724,0.008846399776692652,0.0186
18242100000746,DFL-MAT-J03WR9,0,0.01889167252253327,0.023957634448012535,0.01428678512106616,0.0221
18242100000750,DFL-MAT-J03WR9,0,0.055552178535112705,0.06746861652891528,0.056248063500293634,0.0617
18242100000756,DFL-MAT-J03WR9,0,0.08580824064691002,0.10212519793974055,0.07166783378359526,0.1443
18242100000767,DFL-MAT-J03WR9,0,0.011099099384366184,0.01434749224473974,0.01238199165149142,0.0224
18242100000805,DFL-MAT-J03WR9,1,0.11807920081131248,0.1382371871650591,0.07359786707090314,0.116
18242100000840,DFL-MAT-J03WR9,0,0.0789493336522889,0.09434400160616835,0.04624513661523116,0.0663
18242100000950,DFL-MAT-J03WR9,0,0.049236563039060446,0.06011380062624943,0.0714487320583836,0.0398
18242100001031,DFL-MAT-J03WR9,0,0.00915642647623916,0.011916015532554962,0.014427421017253328,0.0213
18242100001126,DFL-MAT-J03WR9,0,0.06217725298217409,0.07513496371000077,0.05097262600489706,0.0243
18242100001156,DFL-MAT-J03WR9,0,0.03309567483828526,0.0410775697695311,0.02323765201392919,0.0132
18242100001163,DFL-MAT-J03WR9,0,0.03203092472043298,0.03980787859784898,0.037281108094306674,0.0433
18242100001288,DFL-MAT-J03WR9,0,0.044992278308276526,0.05514349109884755,0.05754170004491599,0.0324
18242100001300,DFL-MAT-J03WR9,0,0.11181453307096771,0.13128642132996238,0.0967061540213103,0.1023
18242100001303,DFL-MAT-J03WR9,0,0.09960870203601963,0.11766392053249944,0.0915952076922775,0.0171
18242100001324,DFL-MAT-J03WR9,0,0.03638204875042092,0.04498463707994045,0.030787981910175094,0.0314
